id,user_id,employee_id,date_key,status,hours,location,operation,changed_at
efb46abb-6bff-4cbe-b62b-0d04d81345d8,a83f0aec-4e5c-4467-a9ab-43634b46c1f6,f029e10a-9baf-4528-b950-2e10fb4d13ce,2026-07-01,present,8,Via mestre,UPDATE,2026-07-13 16:58:38.913806+00
23e4c9a1-6716-441b-a460-c50d6d90f42e,a83f0aec-4e5c-4467-a9ab-43634b46c1f6,f029e10a-9baf-4528-b950-2e10fb4d13ce,2026-07-03,present,8,Via mestre,UPDATE,2026-07-13 16:58:43.911531+00
c9085204-a9e2-44d6-af71-21d94e4dcd83,a83f0aec-4e5c-4467-a9ab-43634b46c1f6,a78a69df-18f8-45b2-866f-214377a09e87,2026-07-03,present,8,Via mandrolisai,UPDATE,2026-07-13 16:59:14.262693+00
2e174d89-bd5c-4d51-8274-e5409403f61d,a83f0aec-4e5c-4467-a9ab-43634b46c1f6,a78a69df-18f8-45b2-866f-214377a09e87,2026-07-06,present,8,Via mandrolisai,UPDATE,2026-07-13 16:59:17.818549+00
3745c2ab-59af-45e1-b7f8-aaaface3da49,89f0d7b8-afa8-4963-b414-f39bc0c50865,c5950c20-d481-4d7d-9ada-47b535d59b0b,2026-03-02,present,8,"",DELETE,2026-07-09 21:43:12.357174+00
490a1418-d69d-4d44-ad8c-02c26aae3ef9,89f0d7b8-afa8-4963-b414-f39bc0c50865,c5950c20-d481-4d7d-9ada-47b535d59b0b,2026-03-03,present,8,"",DELETE,2026-07-09 21:43:12.357174+00
3d8bd249-408f-488c-8956-668efd3a5fd1,89f0d7b8-afa8-4963-b414-f39bc0c50865,c5950c20-d481-4d7d-9ada-47b535d59b0b,2026-03-04,present,8,"",DELETE,2026-07-09 21:43:12.357174+00
9d11f799-5932-4cb3-98f4-be6d9efabd96,89f0d7b8-afa8-4963-b414-f39bc0c50865,c5950c20-d481-4d7d-9ada-47b535d59b0b,2026-03-09,present,8,"",DELETE,2026-07-09 21:43:12.357174+00
cd44d37d-48b8-4a9a-a7d5-467736702479,89f0d7b8-afa8-4963-b414-f39bc0c50865,c5950c20-d481-4d7d-9ada-47b535d59b0b,2026-03-05,present,8,"",DELETE,2026-07-09 21:43:12.357174+00
75cd4399-722b-4af3-be15-757790daaa6f,89f0d7b8-afa8-4963-b414-f39bc0c50865,c5950c20-d481-4d7d-9ada-47b535d59b0b,2026-03-10,present,8,"",DELETE,2026-07-09 21:43:12.357174+00
a31e01fc-46d6-452b-bc85-bc47a40dd951,89f0d7b8-afa8-4963-b414-f39bc0c50865,c5950c20-d481-4d7d-9ada-47b535d59b0b,2026-03-12,present,8,"",DELETE,2026-07-09 21:43:12.357174+00
3c7a8f4f-cdcf-4cd4-9d19-6ed643c36968,89f0d7b8-afa8-4963-b414-f39bc0c50865,c5950c20-d481-4d7d-9ada-47b535d59b0b,2026-03-11,present,8,"",DELETE,2026-07-09 21:43:12.357174+00
4e5a1832-fd08-440e-9517-f4d694041bcd,89f0d7b8-afa8-4963-b414-f39bc0c50865,c5950c20-d481-4d7d-9ada-47b535d59b0b,2026-03-16,present,8,"",DELETE,2026-07-09 21:43:12.357174+00
813b6262-afdf-437a-b698-3395b4479997,89f0d7b8-afa8-4963-b414-f39bc0c50865,c5950c20-d481-4d7d-9ada-47b535d59b0b,2026-03-06,present,8,"",DELETE,2026-07-09 21:43:12.357174+00
f9175660-5f32-4c0e-90b3-b5e7d3d5343d,89f0d7b8-afa8-4963-b414-f39bc0c50865,c5950c20-d481-4d7d-9ada-47b535d59b0b,2026-03-13,present,8,"",DELETE,2026-07-09 21:43:12.357174+00
e62c873a-6d66-49cb-bdc0-bf6b0848e5ba,89f0d7b8-afa8-4963-b414-f39bc0c50865,c5950c20-d481-4d7d-9ada-47b535d59b0b,2026-03-17,present,8,"",DELETE,2026-07-09 21:43:12.357174+00
6f995d3d-d0eb-402c-a2bc-b6bf451f556d,89f0d7b8-afa8-4963-b414-f39bc0c50865,c5950c20-d481-4d7d-9ada-47b535d59b0b,2026-03-20,present,8,"",DELETE,2026-07-09 21:43:12.357174+00
8d12975b-4dd7-447e-b473-e17c29245409,89f0d7b8-afa8-4963-b414-f39bc0c50865,c5950c20-d481-4d7d-9ada-47b535d59b0b,2026-03-18,injury,0,"",DELETE,2026-07-09 21:43:12.357174+00
8408c03e-386f-421b-a0e1-d4677ed897fc,89f0d7b8-afa8-4963-b414-f39bc0c50865,c5950c20-d481-4d7d-9ada-47b535d59b0b,2026-03-19,present,8,"",DELETE,2026-07-09 21:43:12.357174+00
a1f4504c-45b2-451e-b3e0-8d22405fb8b7,89f0d7b8-afa8-4963-b414-f39bc0c50865,c5950c20-d481-4d7d-9ada-47b535d59b0b,2026-03-26,present,8,"",DELETE,2026-07-09 21:43:12.357174+00
e2fcadbe-38cc-4f84-a34e-3a830083fe72,89f0d7b8-afa8-4963-b414-f39bc0c50865,c5950c20-d481-4d7d-9ada-47b535d59b0b,2026-03-23,present,8,"",DELETE,2026-07-09 21:43:12.357174+00
6eb74d36-4429-4662-82fc-8678559bfb2d,89f0d7b8-afa8-4963-b414-f39bc0c50865,c5950c20-d481-4d7d-9ada-47b535d59b0b,2026-03-25,present,8,"",DELETE,2026-07-09 21:43:12.357174+00
efdcb9e3-8bce-47ec-87b4-137d3528c736,89f0d7b8-afa8-4963-b414-f39bc0c50865,c5950c20-d481-4d7d-9ada-47b535d59b0b,2026-03-27,present,8,"",DELETE,2026-07-09 21:43:12.357174+00
9d669606-3296-46df-89e9-07a7710e1c37,89f0d7b8-afa8-4963-b414-f39bc0c50865,c5950c20-d481-4d7d-9ada-47b535d59b0b,2026-03-30,present,8,"",DELETE,2026-07-09 21:43:12.357174+00
dc1b3f37-653c-4990-9104-d591d903813c,89f0d7b8-afa8-4963-b414-f39bc0c50865,c5950c20-d481-4d7d-9ada-47b535d59b0b,2026-03-24,present,8,"",DELETE,2026-07-09 21:43:12.357174+00
85d04166-b623-477a-9227-5d7706b5332c,89f0d7b8-afa8-4963-b414-f39bc0c50865,c5950c20-d481-4d7d-9ada-47b535d59b0b,2026-03-31,present,8,"",DELETE,2026-07-09 21:43:12.357174+00
79acc33d-8f60-459d-b162-8ec2e3266546,89f0d7b8-afa8-4963-b414-f39bc0c50865,3a1cb2aa-f627-4cef-9581-b826e82be1e1,2026-03-03,present,8,"",DELETE,2026-07-09 21:43:14.65167+00
b96f21de-f638-4167-a07f-3e979977543b,89f0d7b8-afa8-4963-b414-f39bc0c50865,3a1cb2aa-f627-4cef-9581-b826e82be1e1,2026-03-02,present,8,"",DELETE,2026-07-09 21:43:14.65167+00
eca1e4eb-db40-4029-b2c9-88c037631c9e,89f0d7b8-afa8-4963-b414-f39bc0c50865,3a1cb2aa-f627-4cef-9581-b826e82be1e1,2026-03-04,present,8,"",DELETE,2026-07-09 21:43:14.65167+00
dbcb9151-78b3-4b9f-814a-6ec873000934,89f0d7b8-afa8-4963-b414-f39bc0c50865,3a1cb2aa-f627-4cef-9581-b826e82be1e1,2026-03-05,present,8,"",DELETE,2026-07-09 21:43:14.65167+00
bab622cc-b3d6-4c1f-978a-a60650e7a28e,89f0d7b8-afa8-4963-b414-f39bc0c50865,3a1cb2aa-f627-4cef-9581-b826e82be1e1,2026-03-06,present,8,"",DELETE,2026-07-09 21:43:14.65167+00
1d18d025-4353-4950-be17-c69796591e14,89f0d7b8-afa8-4963-b414-f39bc0c50865,3a1cb2aa-f627-4cef-9581-b826e82be1e1,2026-03-09,present,8,"",DELETE,2026-07-09 21:43:14.65167+00
7aabb0f4-88f4-417d-acda-aa1218aab4a4,89f0d7b8-afa8-4963-b414-f39bc0c50865,3a1cb2aa-f627-4cef-9581-b826e82be1e1,2026-03-10,present,8,"",DELETE,2026-07-09 21:43:14.65167+00
1c232dc6-7197-4970-8cec-2b6a61529ed1,89f0d7b8-afa8-4963-b414-f39bc0c50865,3a1cb2aa-f627-4cef-9581-b826e82be1e1,2026-03-11,present,8,"",DELETE,2026-07-09 21:43:14.65167+00
2ebd1fbc-5154-4f80-854f-913658cf22ef,89f0d7b8-afa8-4963-b414-f39bc0c50865,3a1cb2aa-f627-4cef-9581-b826e82be1e1,2026-03-12,present,8,"",DELETE,2026-07-09 21:43:14.65167+00
16f8015a-b1f1-4625-89e7-c9f02d20d442,89f0d7b8-afa8-4963-b414-f39bc0c50865,3a1cb2aa-f627-4cef-9581-b826e82be1e1,2026-03-13,present,8,"",DELETE,2026-07-09 21:43:14.65167+00
7100de94-5a71-43b1-9fbb-26ab1af2f07d,89f0d7b8-afa8-4963-b414-f39bc0c50865,3a1cb2aa-f627-4cef-9581-b826e82be1e1,2026-03-23,present,8,"",DELETE,2026-07-09 21:43:14.65167+00
4f4f7eaf-d812-49b5-91f8-dbe86dff5c3c,89f0d7b8-afa8-4963-b414-f39bc0c50865,3a1cb2aa-f627-4cef-9581-b826e82be1e1,2026-03-24,present,8,"",DELETE,2026-07-09 21:43:14.65167+00
dc140530-1688-4840-a8e5-c63bf1aabb21,89f0d7b8-afa8-4963-b414-f39bc0c50865,3a1cb2aa-f627-4cef-9581-b826e82be1e1,2026-03-25,present,8,"",DELETE,2026-07-09 21:43:14.65167+00
400b6fba-ac09-41f1-bf72-77d0e64a02a3,89f0d7b8-afa8-4963-b414-f39bc0c50865,3a1cb2aa-f627-4cef-9581-b826e82be1e1,2026-03-26,present,8,"",DELETE,2026-07-09 21:43:14.65167+00
2e0641b7-7275-447f-ae32-71bc371cba07,89f0d7b8-afa8-4963-b414-f39bc0c50865,3a1cb2aa-f627-4cef-9581-b826e82be1e1,2026-03-27,present,8,"",DELETE,2026-07-09 21:43:14.65167+00
505a1753-3c9c-45a1-bcb0-4f12cb35f2e2,89f0d7b8-afa8-4963-b414-f39bc0c50865,3a1cb2aa-f627-4cef-9581-b826e82be1e1,2026-03-30,present,8,"",DELETE,2026-07-09 21:43:14.65167+00
82304046-0cc9-4223-8c56-742f5a7dfe25,89f0d7b8-afa8-4963-b414-f39bc0c50865,3a1cb2aa-f627-4cef-9581-b826e82be1e1,2026-03-31,present,8,"",DELETE,2026-07-09 21:43:14.65167+00
6d80968f-4e13-40ff-8b89-ee6b3a0ca636,89f0d7b8-afa8-4963-b414-f39bc0c50865,cd99921b-2575-4c31-9f78-76b560fba990,2026-03-09,present,8,"",DELETE,2026-07-09 21:43:16.630302+00
9294aa91-97d8-4983-a48f-b778615a4e0c,89f0d7b8-afa8-4963-b414-f39bc0c50865,cd99921b-2575-4c31-9f78-76b560fba990,2026-03-16,present,8,"",DELETE,2026-07-09 21:43:16.630302+00
3de7f5c7-ca32-4988-bd20-880597c1172b,89f0d7b8-afa8-4963-b414-f39bc0c50865,cd99921b-2575-4c31-9f78-76b560fba990,2026-03-23,present,8,"",DELETE,2026-07-09 21:43:16.630302+00
5fc03741-8ee8-4ccc-8317-a75f49820f8f,89f0d7b8-afa8-4963-b414-f39bc0c50865,cd99921b-2575-4c31-9f78-76b560fba990,2026-03-30,present,8,Via dei giardini,DELETE,2026-07-09 21:43:16.630302+00
ffd47cc1-3fc6-4cee-b2f3-46d3ee129d78,89f0d7b8-afa8-4963-b414-f39bc0c50865,cd99921b-2575-4c31-9f78-76b560fba990,2026-03-31,present,8,"",DELETE,2026-07-09 21:43:16.630302+00
baf24d31-aeb5-4c35-ae19-8566cc5a254a,89f0d7b8-afa8-4963-b414-f39bc0c50865,cd99921b-2575-4c31-9f78-76b560fba990,2026-03-17,present,8,"",DELETE,2026-07-09 21:43:16.630302+00
db753c1d-517b-458a-a158-86c4af34e0e7,89f0d7b8-afa8-4963-b414-f39bc0c50865,cd99921b-2575-4c31-9f78-76b560fba990,2026-03-24,present,8,"",DELETE,2026-07-09 21:43:16.630302+00
63663b75-f65b-41ed-bdbc-0ed2255064dd,89f0d7b8-afa8-4963-b414-f39bc0c50865,cd99921b-2575-4c31-9f78-76b560fba990,2026-03-10,present,8,"",DELETE,2026-07-09 21:43:16.630302+00
cdfd89eb-8038-4e80-8e8f-1949e66b89d7,89f0d7b8-afa8-4963-b414-f39bc0c50865,cd99921b-2575-4c31-9f78-76b560fba990,2026-03-03,present,8,"",DELETE,2026-07-09 21:43:16.630302+00
6ab59966-e448-4433-ad40-8190455f7fa1,89f0d7b8-afa8-4963-b414-f39bc0c50865,cd99921b-2575-4c31-9f78-76b560fba990,2026-03-02,holiday,0,"",DELETE,2026-07-09 21:43:16.630302+00
cdffaba7-5981-40f2-b802-d8878cdec914,89f0d7b8-afa8-4963-b414-f39bc0c50865,cd99921b-2575-4c31-9f78-76b560fba990,2026-03-11,present,8,"",DELETE,2026-07-09 21:43:16.630302+00
147ef575-138f-4511-95b4-4b46b477a05d,89f0d7b8-afa8-4963-b414-f39bc0c50865,cd99921b-2575-4c31-9f78-76b560fba990,2026-03-18,present,8,"",DELETE,2026-07-09 21:43:16.630302+00
2b60e1e7-6b85-4e82-b92f-59a093a24dcc,89f0d7b8-afa8-4963-b414-f39bc0c50865,cd99921b-2575-4c31-9f78-76b560fba990,2026-03-04,present,8,"",DELETE,2026-07-09 21:43:16.630302+00
a8ecfe7e-3734-4ad8-aa7e-c7c8683cde84,89f0d7b8-afa8-4963-b414-f39bc0c50865,cd99921b-2575-4c31-9f78-76b560fba990,2026-03-25,present,8,"",DELETE,2026-07-09 21:43:16.630302+00
b29a3236-da21-4d26-8a44-bd6a082f8f23,89f0d7b8-afa8-4963-b414-f39bc0c50865,cd99921b-2575-4c31-9f78-76b560fba990,2026-03-26,present,8,"",DELETE,2026-07-09 21:43:16.630302+00
10ee7bf0-739f-4db9-84dd-0b30e702753a,89f0d7b8-afa8-4963-b414-f39bc0c50865,cd99921b-2575-4c31-9f78-76b560fba990,2026-03-19,present,8,"",DELETE,2026-07-09 21:43:16.630302+00
738af4e6-50bc-483e-aaec-80b80628ca57,89f0d7b8-afa8-4963-b414-f39bc0c50865,cd99921b-2575-4c31-9f78-76b560fba990,2026-03-12,present,8,"",DELETE,2026-07-09 21:43:16.630302+00
06e0c62e-eb60-4ee8-a7da-980c4589ed55,89f0d7b8-afa8-4963-b414-f39bc0c50865,cd99921b-2575-4c31-9f78-76b560fba990,2026-03-05,present,8,"",DELETE,2026-07-09 21:43:16.630302+00
70c3c442-2bb9-45a8-ae5d-7e1e0f4e4aad,89f0d7b8-afa8-4963-b414-f39bc0c50865,cd99921b-2575-4c31-9f78-76b560fba990,2026-03-06,present,8,"",DELETE,2026-07-09 21:43:16.630302+00
b2ffd2f4-04a5-43ce-a5d0-3ea3b84ddc56,89f0d7b8-afa8-4963-b414-f39bc0c50865,cd99921b-2575-4c31-9f78-76b560fba990,2026-03-13,present,8,"",DELETE,2026-07-09 21:43:16.630302+00
1861f877-2c5f-4fd6-9d21-10aaf9ff1c73,89f0d7b8-afa8-4963-b414-f39bc0c50865,cd99921b-2575-4c31-9f78-76b560fba990,2026-03-27,present,8,"",DELETE,2026-07-09 21:43:16.630302+00
c17cbd7c-a655-4f11-938e-db8e741313f0,89f0d7b8-afa8-4963-b414-f39bc0c50865,cd99921b-2575-4c31-9f78-76b560fba990,2026-03-20,present,8,"",DELETE,2026-07-09 21:43:16.630302+00
e278ba29-683b-4b86-bd1c-b99f6a082a48,a83f0aec-4e5c-4467-a9ab-43634b46c1f6,a78a69df-18f8-45b2-866f-214377a09e87,2026-07-07,present,8,Via mandrolisai,UPDATE,2026-07-13 16:59:19.725056+00
4ea40068-4658-45ad-a617-000c29529a6f,a83f0aec-4e5c-4467-a9ab-43634b46c1f6,a78a69df-18f8-45b2-866f-214377a09e87,2026-07-08,present,8,Via mandrolisai,UPDATE,2026-07-13 16:59:21.643017+00
6639dffd-b6a9-4200-9e28-8e62bac67ef3,a83f0aec-4e5c-4467-a9ab-43634b46c1f6,a78a69df-18f8-45b2-866f-214377a09e87,2026-07-09,present,8,Via mandrolisai,UPDATE,2026-07-13 16:59:24.32463+00
e0a6369d-24c4-4ddd-9e84-de7c56d955c5,89f0d7b8-afa8-4963-b414-f39bc0c50865,cd99921b-2575-4c31-9f78-76b560fba990,2026-03-28,holiday,0,V,DELETE,2026-07-09 21:43:16.630302+00
8f3afbcf-6164-4504-a3e7-c45354056fd6,a83f0aec-4e5c-4467-a9ab-43634b46c1f6,f029e10a-9baf-4528-b950-2e10fb4d13ce,2026-07-02,present,8,Via mestre,UPDATE,2026-07-13 16:58:41.422114+00
6dfa4cdc-1625-4c25-a1d5-6d5771fc9691,a83f0aec-4e5c-4467-a9ab-43634b46c1f6,f029e10a-9baf-4528-b950-2e10fb4d13ce,2026-07-06,present,8,Via mestre,UPDATE,2026-07-13 16:58:45.789348+00
a9689174-eaef-45ea-acfa-285fea9c54f3,a83f0aec-4e5c-4467-a9ab-43634b46c1f6,f029e10a-9baf-4528-b950-2e10fb4d13ce,2026-07-07,present,8,Via mestre,UPDATE,2026-07-13 16:58:47.537391+00
cdf3ab39-3092-4475-8fd9-e94c5957cb8a,a83f0aec-4e5c-4467-a9ab-43634b46c1f6,f029e10a-9baf-4528-b950-2e10fb4d13ce,2026-07-08,present,8,Via mestre,UPDATE,2026-07-13 16:58:49.952451+00
e7104887-01b5-463f-a509-034c9c905914,a83f0aec-4e5c-4467-a9ab-43634b46c1f6,f029e10a-9baf-4528-b950-2e10fb4d13ce,2026-07-09,present,8,Via mestre,UPDATE,2026-07-13 16:58:52.721243+00
d26ec00d-709b-4a91-953c-6988ec756913,a83f0aec-4e5c-4467-a9ab-43634b46c1f6,f029e10a-9baf-4528-b950-2e10fb4d13ce,2026-07-10,present,8,Via mestre,UPDATE,2026-07-13 16:58:56.174623+00
28f7c379-5bbb-4e2e-8602-4ea6d31ff9b9,a83f0aec-4e5c-4467-a9ab-43634b46c1f6,f029e10a-9baf-4528-b950-2e10fb4d13ce,2026-07-13,present,8,Via mestre,UPDATE,2026-07-13 16:58:58.773329+00
08ebbfd4-d437-47f4-98bf-0df4ddb9306b,a83f0aec-4e5c-4467-a9ab-43634b46c1f6,a78a69df-18f8-45b2-866f-214377a09e87,2026-07-01,present,8,Via mandrolisai,UPDATE,2026-07-13 16:59:08.730603+00
7ebf513e-0b2f-45f7-9e73-c53b715b0abd,a83f0aec-4e5c-4467-a9ab-43634b46c1f6,a78a69df-18f8-45b2-866f-214377a09e87,2026-07-02,present,8,Via mandrolisai,UPDATE,2026-07-13 16:59:11.893592+00
acfa4c8b-8a62-4ae3-900a-604224374789,a83f0aec-4e5c-4467-a9ab-43634b46c1f6,a78a69df-18f8-45b2-866f-214377a09e87,2026-07-13,present,8,Via mandrolisai,UPDATE,2026-07-13 16:59:28.843083+00
be81f709-d97e-4df6-9a73-ed2a997cb013,a83f0aec-4e5c-4467-a9ab-43634b46c1f6,e29ef4e3-a2cd-4328-8cd5-5d17785f1a83,2026-07-01,present,8,Viale monastir,UPDATE,2026-07-13 16:59:55.248712+00
d75c8f66-da6b-4334-a769-b836eaab2348,a83f0aec-4e5c-4467-a9ab-43634b46c1f6,e29ef4e3-a2cd-4328-8cd5-5d17785f1a83,2026-07-02,present,8,Viale monastir,UPDATE,2026-07-13 16:59:57.31756+00
cf3ce34c-295c-4f0e-99ae-365478cffca6,a83f0aec-4e5c-4467-a9ab-43634b46c1f6,e29ef4e3-a2cd-4328-8cd5-5d17785f1a83,2026-07-03,present,8,Viale monastir,UPDATE,2026-07-13 16:59:59.459974+00
0851c730-b7a6-4795-a897-bb7a5f602945,a83f0aec-4e5c-4467-a9ab-43634b46c1f6,e29ef4e3-a2cd-4328-8cd5-5d17785f1a83,2026-07-07,present,8,Viale monastir,UPDATE,2026-07-13 17:00:04.464678+00
d75f1d33-d5d4-41db-bda2-8e72167cc7a3,a83f0aec-4e5c-4467-a9ab-43634b46c1f6,e29ef4e3-a2cd-4328-8cd5-5d17785f1a83,2026-07-08,present,8,Viale monastir,UPDATE,2026-07-13 17:00:06.671945+00
962ce46c-cbc7-4b8d-ad4e-081d37fc2e8c,a83f0aec-4e5c-4467-a9ab-43634b46c1f6,e29ef4e3-a2cd-4328-8cd5-5d17785f1a83,2026-07-09,present,8,Viale monastir,UPDATE,2026-07-13 17:00:08.892645+00
e4bccf91-2f65-4970-9ae5-7f803f6f89bf,a83f0aec-4e5c-4467-a9ab-43634b46c1f6,e29ef4e3-a2cd-4328-8cd5-5d17785f1a83,2026-07-10,present,8,Viale monastir,UPDATE,2026-07-13 17:00:11.498828+00
ad11a5a2-43eb-4287-81fc-223608bd486c,a83f0aec-4e5c-4467-a9ab-43634b46c1f6,b8da2a0d-01f4-40e4-823f-d0e64c0d5a85,2026-07-01,present,8,Piazza san cosimo,UPDATE,2026-07-13 17:00:40.773458+00
4d945977-199d-4a0d-aca9-a41deb2441df,a83f0aec-4e5c-4467-a9ab-43634b46c1f6,b8da2a0d-01f4-40e4-823f-d0e64c0d5a85,2026-07-02,present,8,Piazza san cosimo,UPDATE,2026-07-13 17:00:44.643006+00
8ab17ec4-54fe-45fd-9fb8-ef15c46a2b2c,a83f0aec-4e5c-4467-a9ab-43634b46c1f6,b8da2a0d-01f4-40e4-823f-d0e64c0d5a85,2026-07-03,present,8,Piazza san cosimo,UPDATE,2026-07-13 17:00:47.105871+00
61a44570-aee8-482d-b755-dbaac57edf96,a83f0aec-4e5c-4467-a9ab-43634b46c1f6,b8da2a0d-01f4-40e4-823f-d0e64c0d5a85,2026-07-06,present,8,Piazza san cosimo,UPDATE,2026-07-13 17:00:50.830152+00
c7fbdb85-0457-4de5-9ad1-aa6a5abb1c49,a83f0aec-4e5c-4467-a9ab-43634b46c1f6,b8da2a0d-01f4-40e4-823f-d0e64c0d5a85,2026-07-13,present,8,Piazza san cosimo,UPDATE,2026-07-13 17:01:02.682377+00
4a6a8f2e-0e4d-499b-b5e3-b5d630bf5a94,a83f0aec-4e5c-4467-a9ab-43634b46c1f6,55c515b0-f4e2-4b80-8d6f-e2755cb31866,2026-07-06,present,8,Piazza san cosimo,UPDATE,2026-07-13 17:01:22.379368+00
66a3c6b5-2e85-411f-972f-30466cf1688c,a83f0aec-4e5c-4467-a9ab-43634b46c1f6,55c515b0-f4e2-4b80-8d6f-e2755cb31866,2026-07-13,present,8,Piazza san cosimo,UPDATE,2026-07-13 17:01:32.876371+00
73416760-2299-44fb-bcab-57be90e5bd3f,a83f0aec-4e5c-4467-a9ab-43634b46c1f6,bb7725da-b5fc-4433-afd7-bad5e5179acb,2026-07-08,present,8,Via mandrolisai,UPDATE,2026-07-13 17:02:18.12829+00
b9b284fd-a482-4e48-b751-52ee07ee4221,a83f0aec-4e5c-4467-a9ab-43634b46c1f6,bb7725da-b5fc-4433-afd7-bad5e5179acb,2026-07-09,present,8,Via mandrolisai,UPDATE,2026-07-13 17:02:20.436316+00
448411b8-a2ab-41f5-839b-26bf09915659,a83f0aec-4e5c-4467-a9ab-43634b46c1f6,bb7725da-b5fc-4433-afd7-bad5e5179acb,2026-07-13,present,8,Via mandrolisai,UPDATE,2026-07-13 17:02:24.901045+00
a8aa5593-f2ab-4034-8816-ced884024a82,a83f0aec-4e5c-4467-a9ab-43634b46c1f6,0f678138-246b-4d86-a3f0-5ce111536f02,2026-07-08,present,8,Via mandrolisai,UPDATE,2026-07-13 17:02:36.735945+00
0fc0fbab-8b42-4b32-b24f-06a9ae4f5410,a83f0aec-4e5c-4467-a9ab-43634b46c1f6,0f678138-246b-4d86-a3f0-5ce111536f02,2026-07-09,present,8,Via mandrolisai,UPDATE,2026-07-13 17:02:38.670389+00
ac39921e-556a-4973-9ee9-ce4a2d0d547c,a83f0aec-4e5c-4467-a9ab-43634b46c1f6,0f678138-246b-4d86-a3f0-5ce111536f02,2026-07-10,present,8,Via mandrolisai,UPDATE,2026-07-13 17:02:40.708323+00
a691ca2d-530f-442f-8bed-abd127bfe3ed,a83f0aec-4e5c-4467-a9ab-43634b46c1f6,0f678138-246b-4d86-a3f0-5ce111536f02,2026-07-13,present,8,Via mandrolisai,UPDATE,2026-07-13 17:02:43.290522+00
121c64a1-9f3b-492e-9de2-87869d543dd9,a83f0aec-4e5c-4467-a9ab-43634b46c1f6,0f678138-246b-4d86-a3f0-5ce111536f02,2026-07-04,"",0,"",UPDATE,2026-07-13 17:02:53.765517+00
9074d2f9-3625-4701-b8b2-23f79e0e55d8,a83f0aec-4e5c-4467-a9ab-43634b46c1f6,0f678138-246b-4d86-a3f0-5ce111536f02,2026-07-05,"",0,"",UPDATE,2026-07-13 17:02:56.42368+00
f0269138-a237-4955-8a4f-6817b9f897e3,a83f0aec-4e5c-4467-a9ab-43634b46c1f6,bb7725da-b5fc-4433-afd7-bad5e5179acb,2026-07-04,"",0,"",INSERT,2026-07-13 17:03:02.21749+00
df475a4b-08c7-4a97-b89c-f60376d53294,a83f0aec-4e5c-4467-a9ab-43634b46c1f6,bb7725da-b5fc-4433-afd7-bad5e5179acb,2026-07-05,"",0,"",INSERT,2026-07-13 17:03:02.767557+00
76067011-872c-4ffa-98ff-866c7da5d24a,a83f0aec-4e5c-4467-a9ab-43634b46c1f6,845c647c-e807-4025-b13a-608280392d8d,2026-07-04,"",0,"",INSERT,2026-07-13 17:03:04.202387+00
27756cab-ca91-48bf-93e9-c7391e3f302a,a83f0aec-4e5c-4467-a9ab-43634b46c1f6,845c647c-e807-4025-b13a-608280392d8d,2026-07-05,"",0,"",INSERT,2026-07-13 17:03:04.60455+00
78bced2d-054a-4c8b-819b-83af6c251b43,a83f0aec-4e5c-4467-a9ab-43634b46c1f6,a335efe4-d86c-4f3f-a2a1-b4abc123d167,2026-07-01,present,8,Via copernico,UPDATE,2026-07-13 17:03:32.72454+00
5bfc075a-5557-4a40-9a48-94062214770c,a83f0aec-4e5c-4467-a9ab-43634b46c1f6,a335efe4-d86c-4f3f-a2a1-b4abc123d167,2026-07-02,present,8,Via copernico,UPDATE,2026-07-13 17:03:34.832255+00
b67d9035-489f-45d8-9382-c78073a9f141,a83f0aec-4e5c-4467-a9ab-43634b46c1f6,a335efe4-d86c-4f3f-a2a1-b4abc123d167,2026-07-03,present,8,Via copernico,UPDATE,2026-07-13 17:03:37.359658+00
05fc6a10-c98b-4ce1-9d9c-50b74c6f5fda,a83f0aec-4e5c-4467-a9ab-43634b46c1f6,a335efe4-d86c-4f3f-a2a1-b4abc123d167,2026-07-06,present,8,Via copernico,UPDATE,2026-07-13 17:03:39.424605+00
ae1406d4-1e2f-4dd8-8b85-2b185a82f363,a83f0aec-4e5c-4467-a9ab-43634b46c1f6,a335efe4-d86c-4f3f-a2a1-b4abc123d167,2026-07-07,present,8,Via copernico,UPDATE,2026-07-13 17:03:42.971738+00
ad11b094-ab96-40c3-9443-6530f929bd19,a83f0aec-4e5c-4467-a9ab-43634b46c1f6,a335efe4-d86c-4f3f-a2a1-b4abc123d167,2026-07-08,present,8,Via copernico,UPDATE,2026-07-13 17:03:45.231756+00
a0562cdc-2179-41d0-b4d1-c044369a9f5c,a83f0aec-4e5c-4467-a9ab-43634b46c1f6,a335efe4-d86c-4f3f-a2a1-b4abc123d167,2026-07-09,present,8,Via copernico,UPDATE,2026-07-13 17:03:52.987886+00
ff74de10-b49f-4914-9999-112f84ee5e66,a83f0aec-4e5c-4467-a9ab-43634b46c1f6,a335efe4-d86c-4f3f-a2a1-b4abc123d167,2026-07-10,present,8,Via copernico,UPDATE,2026-07-13 17:03:55.852428+00
3b81abc3-7215-4503-941d-215df520205e,a83f0aec-4e5c-4467-a9ab-43634b46c1f6,a335efe4-d86c-4f3f-a2a1-b4abc123d167,2026-07-13,present,8,Via copernico,UPDATE,2026-07-13 17:03:58.393832+00
0d39274a-3e6e-4d05-a28c-f5ec7a1d68e3,a83f0aec-4e5c-4467-a9ab-43634b46c1f6,cff16040-6983-48f2-b49c-1fa06f131879,2026-07-01,present,8,Via fadda/alghero,UPDATE,2026-07-13 17:04:11.05637+00
b7121510-1fd5-4577-8296-4a9ef97052ee,a83f0aec-4e5c-4467-a9ab-43634b46c1f6,cff16040-6983-48f2-b49c-1fa06f131879,2026-07-02,present,8,Via fadda/alghero,UPDATE,2026-07-13 17:04:12.991155+00
db70ceb9-cf8a-4051-b022-5dcf6d9de583,a83f0aec-4e5c-4467-a9ab-43634b46c1f6,cff16040-6983-48f2-b49c-1fa06f131879,2026-07-03,present,8,Via fadda/alghero,UPDATE,2026-07-13 17:04:16.046982+00
c85dc08f-b8ea-42be-b826-7409af563e59,a83f0aec-4e5c-4467-a9ab-43634b46c1f6,cff16040-6983-48f2-b49c-1fa06f131879,2026-07-06,present,8,Via fadda/alghero,UPDATE,2026-07-13 17:04:18.446723+00
f5a95422-c65b-4006-8752-c8c54a816c39,a83f0aec-4e5c-4467-a9ab-43634b46c1f6,cff16040-6983-48f2-b49c-1fa06f131879,2026-07-07,present,8,Via fadda/alghero,UPDATE,2026-07-13 17:04:21.52765+00
d660e4c2-f8c9-4280-9ecf-74d6c6407d6f,a83f0aec-4e5c-4467-a9ab-43634b46c1f6,cff16040-6983-48f2-b49c-1fa06f131879,2026-07-08,present,8,Via fadda/alghero,UPDATE,2026-07-13 17:04:24.443826+00
3e28473b-b56b-4b01-bdf7-8e99cd17adf2,a83f0aec-4e5c-4467-a9ab-43634b46c1f6,cff16040-6983-48f2-b49c-1fa06f131879,2026-07-09,present,8,Via fadda/alghero,UPDATE,2026-07-13 17:04:26.560872+00
1d9e6e84-5fe6-461d-9cec-cff92c0edc35,a83f0aec-4e5c-4467-a9ab-43634b46c1f6,cff16040-6983-48f2-b49c-1fa06f131879,2026-07-10,present,8,Via fadda/alghero,UPDATE,2026-07-13 17:04:29.858875+00
36903646-ec87-4b97-adeb-025c3944eb61,a83f0aec-4e5c-4467-a9ab-43634b46c1f6,cff16040-6983-48f2-b49c-1fa06f131879,2026-07-13,present,8,Via fadda/alghero,UPDATE,2026-07-13 17:04:32.267934+00
b5ac9502-897b-44ae-8448-23934c63c968,a83f0aec-4e5c-4467-a9ab-43634b46c1f6,0dd64ca9-1964-46eb-8f97-a71315c8b1ed,2026-07-01,present,8,Via strauss,UPDATE,2026-07-13 17:04:45.333998+00
879546a5-316b-49ee-aa2f-187953912399,a83f0aec-4e5c-4467-a9ab-43634b46c1f6,0dd64ca9-1964-46eb-8f97-a71315c8b1ed,2026-07-02,present,8,Via strauss,UPDATE,2026-07-13 17:04:48.679611+00
c3f4637a-7aa3-47de-8de5-07152835773f,a83f0aec-4e5c-4467-a9ab-43634b46c1f6,0dd64ca9-1964-46eb-8f97-a71315c8b1ed,2026-07-03,present,8,Via strauss,UPDATE,2026-07-13 17:04:50.848335+00
d8f0bf72-0749-4094-9140-81291f155873,89f0d7b8-afa8-4963-b414-f39bc0c50865,dc6b19d8-7c2d-44e0-8aea-d1a32321cada,2026-03-09,present,8,"",DELETE,2026-07-09 21:43:18.797148+00
e66f026a-07fb-46f8-bf13-33cbe9bace05,89f0d7b8-afa8-4963-b414-f39bc0c50865,dc6b19d8-7c2d-44e0-8aea-d1a32321cada,2026-03-01,present,8,Via giorgi,DELETE,2026-07-09 21:43:18.797148+00
0cc5d9e1-0349-4489-8654-e0078bdb71d4,89f0d7b8-afa8-4963-b414-f39bc0c50865,dc6b19d8-7c2d-44e0-8aea-d1a32321cada,2026-03-16,present,8,"",DELETE,2026-07-09 21:43:18.797148+00
ea4c8853-ec9a-4da6-ae38-b6d4df021afb,89f0d7b8-afa8-4963-b414-f39bc0c50865,dc6b19d8-7c2d-44e0-8aea-d1a32321cada,2026-03-23,present,8,"",DELETE,2026-07-09 21:43:18.797148+00
22cb34fa-d660-4940-b3c3-dde1f85cdd8a,89f0d7b8-afa8-4963-b414-f39bc0c50865,dc6b19d8-7c2d-44e0-8aea-d1a32321cada,2026-03-30,present,8,"",DELETE,2026-07-09 21:43:18.797148+00
0c1e1ac1-197a-4323-8489-92839a87d560,89f0d7b8-afa8-4963-b414-f39bc0c50865,dc6b19d8-7c2d-44e0-8aea-d1a32321cada,2026-03-31,present,8,"",DELETE,2026-07-09 21:43:18.797148+00
08a32e28-7307-4e7a-bbf2-d1c1cbd02387,89f0d7b8-afa8-4963-b414-f39bc0c50865,dc6b19d8-7c2d-44e0-8aea-d1a32321cada,2026-03-24,present,8,"",DELETE,2026-07-09 21:43:18.797148+00
e42863d7-7751-4c94-8c1d-4c650b4fef57,89f0d7b8-afa8-4963-b414-f39bc0c50865,dc6b19d8-7c2d-44e0-8aea-d1a32321cada,2026-03-10,present,8,"",DELETE,2026-07-09 21:43:18.797148+00
ae51770c-683b-487f-99ce-89bbdbd08662,89f0d7b8-afa8-4963-b414-f39bc0c50865,dc6b19d8-7c2d-44e0-8aea-d1a32321cada,2026-03-03,present,8,Via dei candidi,DELETE,2026-07-09 21:43:18.797148+00
067212ab-d83f-4369-b03c-3ba420a8478c,89f0d7b8-afa8-4963-b414-f39bc0c50865,dc6b19d8-7c2d-44e0-8aea-d1a32321cada,2026-03-17,present,8,"",DELETE,2026-07-09 21:43:18.797148+00
279345cb-1045-4dec-b083-2f2e1dc1160a,89f0d7b8-afa8-4963-b414-f39bc0c50865,dc6b19d8-7c2d-44e0-8aea-d1a32321cada,2026-03-25,present,8,"",DELETE,2026-07-09 21:43:18.797148+00
e81e8cf7-f3bf-4376-ad2f-734a72d0140f,89f0d7b8-afa8-4963-b414-f39bc0c50865,dc6b19d8-7c2d-44e0-8aea-d1a32321cada,2026-03-18,present,8,"",DELETE,2026-07-09 21:43:18.797148+00
5b0b5a8b-951b-48ca-896c-c91cd7c1e84c,89f0d7b8-afa8-4963-b414-f39bc0c50865,dc6b19d8-7c2d-44e0-8aea-d1a32321cada,2026-03-11,present,8,"",DELETE,2026-07-09 21:43:18.797148+00
5de1488d-cabe-466f-8850-b068ec784b8d,89f0d7b8-afa8-4963-b414-f39bc0c50865,dc6b19d8-7c2d-44e0-8aea-d1a32321cada,2026-03-04,present,8,V,DELETE,2026-07-09 21:43:18.797148+00
e853774e-85a3-4e03-89fd-f3edf1d4eadf,89f0d7b8-afa8-4963-b414-f39bc0c50865,dc6b19d8-7c2d-44e0-8aea-d1a32321cada,2026-03-05,present,8,Via dei giardini,DELETE,2026-07-09 21:43:18.797148+00
9e0002b1-086a-4ae6-98a9-95c538762853,89f0d7b8-afa8-4963-b414-f39bc0c50865,dc6b19d8-7c2d-44e0-8aea-d1a32321cada,2026-03-19,present,8,"",DELETE,2026-07-09 21:43:18.797148+00
8650f020-95ae-4c01-a3b7-e3effc6f7ef2,89f0d7b8-afa8-4963-b414-f39bc0c50865,dc6b19d8-7c2d-44e0-8aea-d1a32321cada,2026-03-26,present,8,"",DELETE,2026-07-09 21:43:18.797148+00
4b8ea026-78ab-4d06-b109-d498d355fe64,89f0d7b8-afa8-4963-b414-f39bc0c50865,dc6b19d8-7c2d-44e0-8aea-d1a32321cada,2026-03-12,present,8,Via dei giardini,DELETE,2026-07-09 21:43:18.797148+00
a0894a04-7f63-4d68-b9f1-174be6790c7e,89f0d7b8-afa8-4963-b414-f39bc0c50865,dc6b19d8-7c2d-44e0-8aea-d1a32321cada,2026-03-20,present,8,"",DELETE,2026-07-09 21:43:18.797148+00
7e5f5255-5dbd-4ab9-8eba-1ad9336a5832,89f0d7b8-afa8-4963-b414-f39bc0c50865,dc6b19d8-7c2d-44e0-8aea-d1a32321cada,2026-03-27,present,8,"",DELETE,2026-07-09 21:43:18.797148+00
47b0681d-1fca-42f8-a839-ac355591a16a,89f0d7b8-afa8-4963-b414-f39bc0c50865,dc6b19d8-7c2d-44e0-8aea-d1a32321cada,2026-03-13,present,8,"",DELETE,2026-07-09 21:43:18.797148+00
429e63d8-111c-4a7c-afe1-7d251e1ade24,89f0d7b8-afa8-4963-b414-f39bc0c50865,dc6b19d8-7c2d-44e0-8aea-d1a32321cada,2026-03-02,present,8,V,DELETE,2026-07-09 21:43:18.797148+00
2b3ac671-5b0a-45d8-9915-743b28382aad,89f0d7b8-afa8-4963-b414-f39bc0c50865,dc6b19d8-7c2d-44e0-8aea-d1a32321cada,2026-03-06,present,8,Via dei candidi,DELETE,2026-07-09 21:43:18.797148+00
61a184cb-7414-486c-9996-96b732e5eca5,89f0d7b8-afa8-4963-b414-f39bc0c50865,dc6b19d8-7c2d-44e0-8aea-d1a32321cada,2026-03-07,holiday,0,Via giorgi,DELETE,2026-07-09 21:43:18.797148+00
11ce29e8-45a9-473d-9b4c-76bd96899802,89f0d7b8-afa8-4963-b414-f39bc0c50865,dc6b19d8-7c2d-44e0-8aea-d1a32321cada,2026-03-08,holiday,0,Via giorgi,DELETE,2026-07-09 21:43:18.797148+00
fc72f3e1-88a7-4157-8bb0-5482d0db4a28,89f0d7b8-afa8-4963-b414-f39bc0c50865,dc6b19d8-7c2d-44e0-8aea-d1a32321cada,2026-03-14,holiday,0,"",DELETE,2026-07-09 21:43:18.797148+00
adb2f0ba-61a4-4852-95de-1d09fd7948f7,89f0d7b8-afa8-4963-b414-f39bc0c50865,dc6b19d8-7c2d-44e0-8aea-d1a32321cada,2026-03-15,holiday,0,Via giorgi,DELETE,2026-07-09 21:43:18.797148+00
606bf4f8-9741-403f-a3ac-2e8ce7e69557,89f0d7b8-afa8-4963-b414-f39bc0c50865,dc6b19d8-7c2d-44e0-8aea-d1a32321cada,2026-07-03,sick,0,"",DELETE,2026-07-09 21:43:18.797148+00
95b46f19-8dfb-461e-928c-feebcf63b19e,89f0d7b8-afa8-4963-b414-f39bc0c50865,dc6b19d8-7c2d-44e0-8aea-d1a32321cada,2026-07-10,present,8,"",DELETE,2026-07-09 21:43:18.797148+00
6e1bc7c8-7029-4a28-bfc4-d71c27d8624e,89f0d7b8-afa8-4963-b414-f39bc0c50865,dc6b19d8-7c2d-44e0-8aea-d1a32321cada,2026-07-17,present,8,"",DELETE,2026-07-09 21:43:18.797148+00
baa1c0e0-5255-4e82-ab04-4d2a051948d9,89f0d7b8-afa8-4963-b414-f39bc0c50865,dc6b19d8-7c2d-44e0-8aea-d1a32321cada,2026-07-24,present,8,"",DELETE,2026-07-09 21:43:18.797148+00
39f7bbaa-0725-4b1e-9619-a68b6c67d3fd,89f0d7b8-afa8-4963-b414-f39bc0c50865,dc6b19d8-7c2d-44e0-8aea-d1a32321cada,2026-07-31,present,8,"",DELETE,2026-07-09 21:43:18.797148+00
505e2b42-eabe-4c39-959c-e28d939a1391,89f0d7b8-afa8-4963-b414-f39bc0c50865,dc6b19d8-7c2d-44e0-8aea-d1a32321cada,2026-07-01,"",0,via pergolesi,DELETE,2026-07-09 21:43:18.797148+00
5a7a717f-3e6e-4024-93b7-22a71d9f0901,89f0d7b8-afa8-4963-b414-f39bc0c50865,dc6b19d8-7c2d-44e0-8aea-d1a32321cada,2026-07-02,"",0,via pergolesi,DELETE,2026-07-09 21:43:18.797148+00
86c109b9-66e6-49d2-86a5-96f700ec47b5,89f0d7b8-afa8-4963-b414-f39bc0c50865,4d263bed-d623-4c78-9d20-61e80eb33bfe,2026-03-02,present,8,"",DELETE,2026-07-09 23:22:45.394743+00
8caf26bc-dbaf-4ced-a391-d31fd1d4c0be,a83f0aec-4e5c-4467-a9ab-43634b46c1f6,b667d9a9-f058-4fd7-90bf-62cdef8d5672,2026-07-08,present,8,Via giotto,UPDATE,2026-07-13 17:05:25.742375+00
cbc5c756-a820-4db6-8a3f-eaeb07c054e3,89f0d7b8-afa8-4963-b414-f39bc0c50865,a572c7d1-b008-46ac-afc3-27a915d0e98b,2026-07-03,sick,0,"",DELETE,2026-07-15 01:04:48.512224+00
6e939f2f-8b1b-4fea-ab4a-7bbf39163b9d,89f0d7b8-afa8-4963-b414-f39bc0c50865,51798bdc-d001-44c5-bd27-c1b31b9cefe4,2026-07-02,present,8,"",UPDATE,2026-07-15 01:06:29.121039+00
d72110c5-783f-4179-9ae8-4b53b45608de,a83f0aec-4e5c-4467-a9ab-43634b46c1f6,ed36110d-a2cf-4a88-91c7-0d23f758cd4c,2026-07-10,holiday,0,"",UPDATE,2026-07-10 17:48:00.85287+00
b57ba083-57de-49ec-b0bf-5b63ffa5f02a,a83f0aec-4e5c-4467-a9ab-43634b46c1f6,2f76e93b-41a3-4e8b-8741-8b3e03d8db85,2026-07-14,present,8,Via bosco capuccio,UPDATE,2026-07-30 06:49:21.473734+00
14ff3625-97c7-4411-920c-6eac3f9fa626,a83f0aec-4e5c-4467-a9ab-43634b46c1f6,07cba65e-e2f7-495c-8b24-2192173054a0,2026-08-05,present,8,Via fadda/alghero,UPDATE,2026-08-05 10:54:09.5973+00
8ea9b2ff-41d9-4096-a99a-2ef1a99e3a3a,a83f0aec-4e5c-4467-a9ab-43634b46c1f6,be17adcf-4219-4796-958f-51e2b5e0cf92,2026-08-03,present,8,Via bosco cappuccio,UPDATE,2026-08-05 10:54:18.462467+00
1966017a-5030-4183-905c-28f5078bc8f7,a83f0aec-4e5c-4467-a9ab-43634b46c1f6,be17adcf-4219-4796-958f-51e2b5e0cf92,2026-08-04,present,8,Via bosco cappuccio,UPDATE,2026-08-05 10:54:20.851395+00
f863a53b-650b-4c20-9957-016271db135d,a83f0aec-4e5c-4467-a9ab-43634b46c1f6,be17adcf-4219-4796-958f-51e2b5e0cf92,2026-08-05,present,8,Via bosco cappuccio,UPDATE,2026-08-05 10:54:22.781123+00
5abb334d-ff43-4690-adad-c6d25d4ce4ab,a83f0aec-4e5c-4467-a9ab-43634b46c1f6,be17adcf-4219-4796-958f-51e2b5e0cf92,2026-08-06,present,8,Via bosco cappuccio,UPDATE,2026-08-05 10:54:26.501553+00
3a9ec767-a005-456e-9031-82c2d9cd33bf,a83f0aec-4e5c-4467-a9ab-43634b46c1f6,42b77da1-31e4-4197-88a5-2679c57fac56,2026-08-03,present,8,Via bosco cappuccio,UPDATE,2026-08-05 10:54:35.531768+00
0fa08618-a551-4a64-926e-1f975c5bbba6,a83f0aec-4e5c-4467-a9ab-43634b46c1f6,a335efe4-d86c-4f3f-a2a1-b4abc123d167,2026-07-14,present,8,Via copernico,UPDATE,2026-07-30 06:44:06.74874+00
c575173e-b622-4342-94b2-d686d410118f,a83f0aec-4e5c-4467-a9ab-43634b46c1f6,a335efe4-d86c-4f3f-a2a1-b4abc123d167,2026-07-15,present,8,Via copernico,UPDATE,2026-07-30 06:44:09.870835+00
9788277a-e2d8-4af1-8585-a305d3b553b3,a83f0aec-4e5c-4467-a9ab-43634b46c1f6,a335efe4-d86c-4f3f-a2a1-b4abc123d167,2026-07-16,present,8,Via copernico,UPDATE,2026-07-30 06:44:11.873254+00
db27d6a6-3282-4d2b-a0ec-db5f9886bee3,a83f0aec-4e5c-4467-a9ab-43634b46c1f6,a335efe4-d86c-4f3f-a2a1-b4abc123d167,2026-07-17,present,8,Via copernico,UPDATE,2026-07-30 06:44:14.09603+00
42093e72-98b8-4ad9-996d-6f4b64761ca0,a83f0aec-4e5c-4467-a9ab-43634b46c1f6,a335efe4-d86c-4f3f-a2a1-b4abc123d167,2026-07-21,present,8,Via copernico,UPDATE,2026-07-30 06:44:18.030276+00
27f4eb8d-d766-4c97-a9a3-63be5315ca95,a83f0aec-4e5c-4467-a9ab-43634b46c1f6,a335efe4-d86c-4f3f-a2a1-b4abc123d167,2026-07-29,present,8,Via copernico,UPDATE,2026-07-30 06:44:31.660936+00
30e30fa3-c4e9-4a9c-b56a-2cb7a8c3d0c2,a83f0aec-4e5c-4467-a9ab-43634b46c1f6,a335efe4-d86c-4f3f-a2a1-b4abc123d167,2026-07-30,present,8,Via copernico,UPDATE,2026-07-30 06:44:34.060141+00
988d063f-1bd8-4d27-b863-605d8c080018,a83f0aec-4e5c-4467-a9ab-43634b46c1f6,cff16040-6983-48f2-b49c-1fa06f131879,2026-07-15,present,8,Via fadda/alghero,UPDATE,2026-07-30 06:44:43.424543+00
7119faf6-2f1c-4473-8851-f3e75cf771fa,a83f0aec-4e5c-4467-a9ab-43634b46c1f6,cff16040-6983-48f2-b49c-1fa06f131879,2026-07-16,present,8,Via fadda/alghero,UPDATE,2026-07-30 06:44:45.182362+00
b6eb50be-9f7e-410c-be51-067be1603e64,a83f0aec-4e5c-4467-a9ab-43634b46c1f6,cff16040-6983-48f2-b49c-1fa06f131879,2026-07-17,present,8,Via fadda/alghero,UPDATE,2026-07-30 06:44:47.52205+00
a02d2cf5-751f-4942-b8cb-3f81c3ae88b6,a83f0aec-4e5c-4467-a9ab-43634b46c1f6,cff16040-6983-48f2-b49c-1fa06f131879,2026-07-21,present,8,Via fadda/alghero,UPDATE,2026-07-30 06:44:53.403074+00
cacaa4a3-93ac-4ec0-bb62-40d7e699f2a8,a83f0aec-4e5c-4467-a9ab-43634b46c1f6,cff16040-6983-48f2-b49c-1fa06f131879,2026-07-24,present,8,Via fadda/alghero,UPDATE,2026-07-30 06:44:59.242158+00
5476f412-c174-4029-b2c8-513895d1b93d,89f0d7b8-afa8-4963-b414-f39bc0c50865,51798bdc-d001-44c5-bd27-c1b31b9cefe4,2026-07-01,"",0,"",UPDATE,2026-07-12 22:30:39.579053+00
ac32e86d-e549-464f-885d-0f685886ce23,89f0d7b8-afa8-4963-b414-f39bc0c50865,51798bdc-d001-44c5-bd27-c1b31b9cefe4,2026-07-03,injury,0,"",UPDATE,2026-07-12 22:30:40.998555+00
9312a2af-0b00-4ad3-b5ef-8830215c3ae7,89f0d7b8-afa8-4963-b414-f39bc0c50865,51798bdc-d001-44c5-bd27-c1b31b9cefe4,2026-07-04,holiday,0,"",UPDATE,2026-07-12 22:31:09.531564+00
0eee0feb-234b-434d-bd79-81daad8ddea5,a83f0aec-4e5c-4467-a9ab-43634b46c1f6,33872abe-802f-47d0-8614-f4d206fff08f,2026-07-01,present,8,Via mandrolisai,UPDATE,2026-07-13 16:54:49.692771+00
633cad1a-01cb-44ea-88bd-e15b9f62e780,a83f0aec-4e5c-4467-a9ab-43634b46c1f6,33872abe-802f-47d0-8614-f4d206fff08f,2026-07-02,present,8,Via mandrolisai,UPDATE,2026-07-13 16:54:54.053176+00
16ef80a3-3743-4943-a2ac-400ee9f655d3,a83f0aec-4e5c-4467-a9ab-43634b46c1f6,0af3ee03-5ad8-4726-81bb-ba490b621682,2026-07-13,present,8,Via mestre,UPDATE,2026-07-13 16:58:24.676665+00
7e01d0ce-9849-4ad2-bfc7-42c135735646,a83f0aec-4e5c-4467-a9ab-43634b46c1f6,33872abe-802f-47d0-8614-f4d206fff08f,2026-07-03,present,8,Via mandrolisai,UPDATE,2026-07-13 16:54:57.231241+00
751c9320-c844-49a1-8a0f-14a2b10a8bf7,a83f0aec-4e5c-4467-a9ab-43634b46c1f6,a78a69df-18f8-45b2-866f-214377a09e87,2026-07-10,present,8,Via mandrolisai,UPDATE,2026-07-13 16:59:26.456731+00
55a66c4d-6f48-42a8-a408-bad8cbc305da,a83f0aec-4e5c-4467-a9ab-43634b46c1f6,33872abe-802f-47d0-8614-f4d206fff08f,2026-07-06,present,8,Via mandrolisai,UPDATE,2026-07-13 16:55:00.165816+00
327f009e-f6f1-4906-8e39-17f76bb94f04,a83f0aec-4e5c-4467-a9ab-43634b46c1f6,55c515b0-f4e2-4b80-8d6f-e2755cb31866,2026-07-28,present,8,piazza san cosimo,UPDATE,2026-07-30 09:30:58.378073+00
07618bdc-272b-426a-8031-ab731de84fe1,a83f0aec-4e5c-4467-a9ab-43634b46c1f6,33872abe-802f-47d0-8614-f4d206fff08f,2026-07-07,present,8,Via mandrolisai,UPDATE,2026-07-13 16:55:02.086926+00
3f74f81c-dfbc-475e-9710-6d5b719e2ef1,a83f0aec-4e5c-4467-a9ab-43634b46c1f6,e29ef4e3-a2cd-4328-8cd5-5d17785f1a83,2026-07-06,present,8,Viale monastir,UPDATE,2026-07-13 17:00:02.449973+00
75f2c71c-39a4-4361-a831-c678677a1c06,a83f0aec-4e5c-4467-a9ab-43634b46c1f6,33872abe-802f-47d0-8614-f4d206fff08f,2026-07-08,present,8,Via mandrolisai,UPDATE,2026-07-13 16:55:04.317531+00
516acd4c-ee80-4021-8de5-a62c7ba2f8c5,a83f0aec-4e5c-4467-a9ab-43634b46c1f6,33872abe-802f-47d0-8614-f4d206fff08f,2026-07-09,present,8,Via mandrolisai,UPDATE,2026-07-13 16:55:06.948317+00
9c42b35b-c87e-4fc9-b377-156bf255740a,a83f0aec-4e5c-4467-a9ab-43634b46c1f6,e29ef4e3-a2cd-4328-8cd5-5d17785f1a83,2026-07-13,present,8,Viale monastir,UPDATE,2026-07-13 17:00:14.454252+00
24a6ca78-621c-42ba-8bc9-a1720732dded,a83f0aec-4e5c-4467-a9ab-43634b46c1f6,33872abe-802f-47d0-8614-f4d206fff08f,2026-07-10,present,8,Via mandrolisai,UPDATE,2026-07-13 16:55:12.405802+00
11b33f2b-c042-43ac-b901-8d856558af20,a83f0aec-4e5c-4467-a9ab-43634b46c1f6,b8da2a0d-01f4-40e4-823f-d0e64c0d5a85,2026-07-07,present,8,Piazza san cosimo,UPDATE,2026-07-13 17:00:52.773318+00
0d5c5732-c105-4889-ab59-f5bd1a2c344d,a83f0aec-4e5c-4467-a9ab-43634b46c1f6,33872abe-802f-47d0-8614-f4d206fff08f,2026-07-13,present,8,Via mandrolisai,UPDATE,2026-07-13 16:55:15.545852+00
804405df-eff0-4836-a288-14938982623a,a83f0aec-4e5c-4467-a9ab-43634b46c1f6,33872abe-802f-47d0-8614-f4d206fff08f,2026-07-14,present,8,Via mandrolisai,UPDATE,2026-07-13 16:55:18.316724+00
a74521be-b8f2-4cb8-a97d-3900cf04c531,a83f0aec-4e5c-4467-a9ab-43634b46c1f6,b8da2a0d-01f4-40e4-823f-d0e64c0d5a85,2026-07-08,present,8,Piazza san cosimo,UPDATE,2026-07-13 17:00:54.575339+00
c0f362e7-4c0e-4bda-a445-e7062b3bbcde,a83f0aec-4e5c-4467-a9ab-43634b46c1f6,33872abe-802f-47d0-8614-f4d206fff08f,2026-07-15,present,8,Via mandrolisai,UPDATE,2026-07-13 16:55:34.235597+00
e1db1c8f-c153-4f5b-9d6d-f191e881e631,a83f0aec-4e5c-4467-a9ab-43634b46c1f6,b8da2a0d-01f4-40e4-823f-d0e64c0d5a85,2026-07-09,present,8,Piazza san cosimo,UPDATE,2026-07-13 17:00:56.58019+00
1255cc7f-41f6-4340-a780-ce04f51bb952,a83f0aec-4e5c-4467-a9ab-43634b46c1f6,b8da2a0d-01f4-40e4-823f-d0e64c0d5a85,2026-07-10,present,8,Piazza san cosimo,UPDATE,2026-07-13 17:00:59.377574+00
19aeac51-6bb9-40af-b92e-2031af6841ba,a83f0aec-4e5c-4467-a9ab-43634b46c1f6,55c515b0-f4e2-4b80-8d6f-e2755cb31866,2026-07-01,present,8,Piazza san cosimo,UPDATE,2026-07-13 17:01:15.117954+00
950b20ed-80e2-44a7-8897-21a13da984f0,a83f0aec-4e5c-4467-a9ab-43634b46c1f6,55c515b0-f4e2-4b80-8d6f-e2755cb31866,2026-07-02,present,8,Piazza san cosimo,UPDATE,2026-07-13 17:01:17.307473+00
abaade1a-c9d7-4fa4-9df6-72cc18465a1c,a83f0aec-4e5c-4467-a9ab-43634b46c1f6,55c515b0-f4e2-4b80-8d6f-e2755cb31866,2026-07-03,present,8,Piazza san cosimo,UPDATE,2026-07-13 17:01:20.366417+00
a6c5a7d1-8b72-47f4-8546-7425a8815cd4,a83f0aec-4e5c-4467-a9ab-43634b46c1f6,55c515b0-f4e2-4b80-8d6f-e2755cb31866,2026-07-07,present,8,Piazza san cosimo,UPDATE,2026-07-13 17:01:24.361307+00
4bf3c70f-2a64-432f-ab20-e29b29f1e694,a83f0aec-4e5c-4467-a9ab-43634b46c1f6,55c515b0-f4e2-4b80-8d6f-e2755cb31866,2026-07-08,present,8,Piazza san cosimo,UPDATE,2026-07-13 17:01:26.223885+00
5376b438-1c07-4bec-9d53-fc8637feeec1,a83f0aec-4e5c-4467-a9ab-43634b46c1f6,55c515b0-f4e2-4b80-8d6f-e2755cb31866,2026-07-09,present,8,Piazza san cosimo,UPDATE,2026-07-13 17:01:28.251539+00
10a927b4-ac2e-47c0-8428-777f7541c8dc,a83f0aec-4e5c-4467-a9ab-43634b46c1f6,55c515b0-f4e2-4b80-8d6f-e2755cb31866,2026-07-10,present,8,Piazza san cosimo,UPDATE,2026-07-13 17:01:30.599828+00
352d8dd9-80c2-4e75-be83-f034285fbaca,a83f0aec-4e5c-4467-a9ab-43634b46c1f6,845c647c-e807-4025-b13a-608280392d8d,2026-07-07,present,8,Via mandrolisai,UPDATE,2026-07-13 17:01:51.779048+00
92f2dd9c-2c42-41a1-86df-1c381e59f9a5,a83f0aec-4e5c-4467-a9ab-43634b46c1f6,1c0f2692-e1e4-40fe-907e-6023010d5f19,2026-07-01,present,4,Via mandrolisai,UPDATE,2026-07-13 16:56:38.621681+00
57f0869e-055d-4b51-a192-59a74d0b8e56,a83f0aec-4e5c-4467-a9ab-43634b46c1f6,1c0f2692-e1e4-40fe-907e-6023010d5f19,2026-07-02,present,4,Via mandrolisai,UPDATE,2026-07-13 16:56:40.191625+00
6615a67a-785b-4a83-a4dc-8e97376fdbc3,a83f0aec-4e5c-4467-a9ab-43634b46c1f6,1c0f2692-e1e4-40fe-907e-6023010d5f19,2026-07-03,present,4,Via mandrolisai,UPDATE,2026-07-13 16:56:42.389114+00
0b72f1cd-3762-49fd-99b9-a606a45cbecf,a83f0aec-4e5c-4467-a9ab-43634b46c1f6,1c0f2692-e1e4-40fe-907e-6023010d5f19,2026-07-06,present,4,Via mandrolisai,UPDATE,2026-07-13 16:56:43.836119+00
54970e89-b356-41e3-925a-0fbaadc88e13,a83f0aec-4e5c-4467-a9ab-43634b46c1f6,1c0f2692-e1e4-40fe-907e-6023010d5f19,2026-07-07,present,4,Via mandrolisai,UPDATE,2026-07-13 16:56:45.119859+00
135ec2be-bc38-4552-822a-5967c3c55f74,a83f0aec-4e5c-4467-a9ab-43634b46c1f6,1c0f2692-e1e4-40fe-907e-6023010d5f19,2026-07-08,present,4,Via mandrolisai,UPDATE,2026-07-13 16:56:46.555346+00
ae2d1164-41c6-4d1a-925d-caa0d51bf308,a83f0aec-4e5c-4467-a9ab-43634b46c1f6,1c0f2692-e1e4-40fe-907e-6023010d5f19,2026-07-09,present,4,Via mandrolisai,UPDATE,2026-07-13 16:56:47.907989+00
73bb1966-cd97-4d69-9fb9-daa1b4d6300c,a83f0aec-4e5c-4467-a9ab-43634b46c1f6,1c0f2692-e1e4-40fe-907e-6023010d5f19,2026-07-10,present,4,Via mandrolisai,UPDATE,2026-07-13 16:56:49.519269+00
630ea1a7-850b-4553-99f4-f152455be779,a83f0aec-4e5c-4467-a9ab-43634b46c1f6,1c0f2692-e1e4-40fe-907e-6023010d5f19,2026-07-13,present,4,Via mandrolisai,UPDATE,2026-07-13 16:56:51.350709+00
735750e3-3a71-46d5-8dbf-51783ca7775f,a83f0aec-4e5c-4467-a9ab-43634b46c1f6,845c647c-e807-4025-b13a-608280392d8d,2026-07-08,present,8,Via mandrolisai,UPDATE,2026-07-13 17:01:57.92077+00
4dbc2a96-4184-4572-9859-0f8d4ff44f6b,a83f0aec-4e5c-4467-a9ab-43634b46c1f6,845c647c-e807-4025-b13a-608280392d8d,2026-07-09,present,8,Via mandrolisai,UPDATE,2026-07-13 17:01:59.917302+00
ecdd9f74-0e43-41db-90ac-b2778fb3e4fd,a83f0aec-4e5c-4467-a9ab-43634b46c1f6,845c647c-e807-4025-b13a-608280392d8d,2026-07-10,present,8,Via mandrolisai,UPDATE,2026-07-13 17:02:03.167644+00
5c86d88c-eb8d-455d-802d-f80946155f98,a83f0aec-4e5c-4467-a9ab-43634b46c1f6,845c647c-e807-4025-b13a-608280392d8d,2026-07-13,present,8,Via mandrolisai,UPDATE,2026-07-13 17:02:05.815158+00
55be3ce3-5ebc-4447-8a5f-854e4eab34f7,a83f0aec-4e5c-4467-a9ab-43634b46c1f6,bb7725da-b5fc-4433-afd7-bad5e5179acb,2026-07-07,present,8,Via mandrolisai,UPDATE,2026-07-13 17:02:16.234471+00
6b8e6361-9b4b-40f8-bed1-fa85bc148c75,a83f0aec-4e5c-4467-a9ab-43634b46c1f6,bb7725da-b5fc-4433-afd7-bad5e5179acb,2026-07-10,present,8,Via mandrolisai,UPDATE,2026-07-13 17:02:22.810322+00
6c8e44a2-718b-4540-980e-829961bab989,a83f0aec-4e5c-4467-a9ab-43634b46c1f6,bd23f301-51a8-4e05-a640-c66306e27ef6,2026-07-14,present,8,Via mestre,UPDATE,2026-07-13 16:57:25.357965+00
45f85327-b212-4e5d-aacb-e22fc6386486,a83f0aec-4e5c-4467-a9ab-43634b46c1f6,bd23f301-51a8-4e05-a640-c66306e27ef6,2026-07-13,present,8,Via mestre,UPDATE,2026-07-13 16:57:30.528091+00
3a67ddb3-6566-43b6-a93f-4912e9f6eff6,a83f0aec-4e5c-4467-a9ab-43634b46c1f6,bd23f301-51a8-4e05-a640-c66306e27ef6,2026-07-10,present,8,Via mestre,UPDATE,2026-07-13 16:57:32.038681+00
367641e9-efa6-491f-bd36-d851897ed491,a83f0aec-4e5c-4467-a9ab-43634b46c1f6,bd23f301-51a8-4e05-a640-c66306e27ef6,2026-07-09,present,8,Via mestre,UPDATE,2026-07-13 16:57:33.435919+00
956e94b6-becd-4991-a64e-8a0f3ea19d30,a83f0aec-4e5c-4467-a9ab-43634b46c1f6,bd23f301-51a8-4e05-a640-c66306e27ef6,2026-07-08,present,8,Via mestre,UPDATE,2026-07-13 16:57:35.042092+00
cc1df211-8a01-4dcf-8fd3-f9791df76dfa,a83f0aec-4e5c-4467-a9ab-43634b46c1f6,bd23f301-51a8-4e05-a640-c66306e27ef6,2026-07-07,present,8,Via mestre,UPDATE,2026-07-13 16:57:36.569056+00
33b44cae-5623-447a-9585-c2f0d9854ccd,a83f0aec-4e5c-4467-a9ab-43634b46c1f6,bd23f301-51a8-4e05-a640-c66306e27ef6,2026-07-06,present,8,Via mestre,UPDATE,2026-07-13 16:57:40.303056+00
0e0b20ac-c393-4e4b-9ed4-bddd728fc1f0,a83f0aec-4e5c-4467-a9ab-43634b46c1f6,bd23f301-51a8-4e05-a640-c66306e27ef6,2026-07-03,present,8,Via mestre,UPDATE,2026-07-13 16:57:41.690165+00
ead73731-bbec-4a33-8c02-ae75a15fc910,a83f0aec-4e5c-4467-a9ab-43634b46c1f6,bd23f301-51a8-4e05-a640-c66306e27ef6,2026-07-02,present,8,Via mestre,UPDATE,2026-07-13 16:57:43.218667+00
7d38b40b-803f-4118-b75a-afcad203f9be,a83f0aec-4e5c-4467-a9ab-43634b46c1f6,bd23f301-51a8-4e05-a640-c66306e27ef6,2026-07-01,present,8,Via mestre,UPDATE,2026-07-13 16:57:44.833829+00
fce4ed15-593c-4219-9f65-d34ed8e5d105,a83f0aec-4e5c-4467-a9ab-43634b46c1f6,0f678138-246b-4d86-a3f0-5ce111536f02,2026-07-07,present,8,Via mandrolisai,UPDATE,2026-07-13 17:02:34.769008+00
96958ca8-198e-42f0-8bf9-42767be9161b,a83f0aec-4e5c-4467-a9ab-43634b46c1f6,0af3ee03-5ad8-4726-81bb-ba490b621682,2026-07-01,present,8,Via mestre,UPDATE,2026-07-13 16:58:02.137874+00
cf5789a2-76d5-4d6a-9687-9936a481f516,a83f0aec-4e5c-4467-a9ab-43634b46c1f6,0af3ee03-5ad8-4726-81bb-ba490b621682,2026-07-02,present,8,Via mestre,UPDATE,2026-07-13 16:58:07.195779+00
bae41e4a-a722-42b5-99d5-48fa3f135a21,a83f0aec-4e5c-4467-a9ab-43634b46c1f6,0af3ee03-5ad8-4726-81bb-ba490b621682,2026-07-03,present,8,Via mestre,UPDATE,2026-07-13 16:58:10.038131+00
399be60d-54da-42f8-bd51-37ffbe22a861,a83f0aec-4e5c-4467-a9ab-43634b46c1f6,0af3ee03-5ad8-4726-81bb-ba490b621682,2026-07-06,present,8,Via mestre,UPDATE,2026-07-13 16:58:11.992095+00
49c1e3dc-58f1-4c9d-a4e2-6d1b60a7b900,a83f0aec-4e5c-4467-a9ab-43634b46c1f6,0af3ee03-5ad8-4726-81bb-ba490b621682,2026-07-07,present,8,Via mestre,UPDATE,2026-07-13 16:58:13.752156+00
de6178cc-8a1b-4865-86eb-e0a544243b5d,a83f0aec-4e5c-4467-a9ab-43634b46c1f6,0af3ee03-5ad8-4726-81bb-ba490b621682,2026-07-08,present,8,Via mestre,UPDATE,2026-07-13 16:58:16.684893+00
4fe086b7-a923-4e7a-965e-46cc7725b92b,a83f0aec-4e5c-4467-a9ab-43634b46c1f6,0af3ee03-5ad8-4726-81bb-ba490b621682,2026-07-09,present,8,Via mestre,UPDATE,2026-07-13 16:58:18.852683+00
e8912591-848c-4259-80df-0ca89f016501,a83f0aec-4e5c-4467-a9ab-43634b46c1f6,0af3ee03-5ad8-4726-81bb-ba490b621682,2026-07-10,present,8,Via mestre,UPDATE,2026-07-13 16:58:21.051271+00
84ee9701-873c-499a-a6bc-c4d2991e7a07,a83f0aec-4e5c-4467-a9ab-43634b46c1f6,b667d9a9-f058-4fd7-90bf-62cdef8d5672,2026-07-07,present,8,Via giotto,UPDATE,2026-07-13 17:05:23.848903+00
0b19747f-803d-4dcd-8942-3de598d49fa4,a83f0aec-4e5c-4467-a9ab-43634b46c1f6,0dd64ca9-1964-46eb-8f97-a71315c8b1ed,2026-07-06,present,8,Via strauss,UPDATE,2026-07-13 17:04:52.763228+00
30273432-bc9b-4f29-a971-f2a2dba0211f,a83f0aec-4e5c-4467-a9ab-43634b46c1f6,b667d9a9-f058-4fd7-90bf-62cdef8d5672,2026-07-09,present,8,Via giotto,UPDATE,2026-07-13 17:05:27.753286+00
590e0466-a7db-4b38-a27f-bd5af28a3f65,a83f0aec-4e5c-4467-a9ab-43634b46c1f6,0dd64ca9-1964-46eb-8f97-a71315c8b1ed,2026-07-07,present,8,Via strauss,UPDATE,2026-07-13 17:04:54.570448+00
3cf7ad1f-d94a-40ce-ae3a-2a56c0a3748b,a83f0aec-4e5c-4467-a9ab-43634b46c1f6,0dd64ca9-1964-46eb-8f97-a71315c8b1ed,2026-07-08,present,8,Via strauss,UPDATE,2026-07-13 17:04:56.386301+00
83d2dd5c-43a9-4ab6-a08d-6b3228f52bd8,a83f0aec-4e5c-4467-a9ab-43634b46c1f6,07cba65e-e2f7-495c-8b24-2192173054a0,2026-07-09,present,8,Via copernico,UPDATE,2026-07-13 17:05:56.72555+00
ce468721-51b9-415c-917c-4606793ffe4d,a83f0aec-4e5c-4467-a9ab-43634b46c1f6,0dd64ca9-1964-46eb-8f97-a71315c8b1ed,2026-07-09,present,8,Via strauss,UPDATE,2026-07-13 17:04:58.18143+00
99f4df17-0d23-4a47-be06-91157752efb0,a83f0aec-4e5c-4467-a9ab-43634b46c1f6,0dd64ca9-1964-46eb-8f97-a71315c8b1ed,2026-07-10,present,8,Via strauss,UPDATE,2026-07-13 17:05:01.033986+00
89c58b43-03dd-4ddc-8597-c19f88629818,a83f0aec-4e5c-4467-a9ab-43634b46c1f6,07cba65e-e2f7-495c-8b24-2192173054a0,2026-07-10,present,8,Via copernico,UPDATE,2026-07-13 17:05:58.50797+00
cba4073d-47aa-489e-a728-4160314773d1,a83f0aec-4e5c-4467-a9ab-43634b46c1f6,845c647c-e807-4025-b13a-608280392d8d,2026-07-17,present,5,via mandrolisai,UPDATE,2026-07-30 09:31:50.458179+00
d6b30dc9-2a46-4feb-b2cb-1476e38c89a0,a83f0aec-4e5c-4467-a9ab-43634b46c1f6,bb7725da-b5fc-4433-afd7-bad5e5179acb,2026-07-17,present,5,via mandrolisai,UPDATE,2026-07-30 09:32:54.461734+00
040bf0e5-87c0-4382-87b0-33975fb9df5d,a83f0aec-4e5c-4467-a9ab-43634b46c1f6,b667d9a9-f058-4fd7-90bf-62cdef8d5672,2026-07-01,present,8,Via giotto,UPDATE,2026-07-13 17:05:15.843898+00
c6ba3cac-9555-491b-990f-c5f56580ba36,a83f0aec-4e5c-4467-a9ab-43634b46c1f6,07cba65e-e2f7-495c-8b24-2192173054a0,2026-07-13,present,8,Via copernico,UPDATE,2026-07-13 17:06:00.940948+00
3c5991fd-da6b-443f-9e8e-717850993aa2,a83f0aec-4e5c-4467-a9ab-43634b46c1f6,b667d9a9-f058-4fd7-90bf-62cdef8d5672,2026-07-02,present,8,Via giotto,UPDATE,2026-07-13 17:05:17.916086+00
cd4f7daf-3232-43cf-b3cc-a1652bab3134,a83f0aec-4e5c-4467-a9ab-43634b46c1f6,b667d9a9-f058-4fd7-90bf-62cdef8d5672,2026-07-06,present,8,Via giotto,UPDATE,2026-07-13 17:05:21.946946+00
afb8ec90-64c5-4a1e-ba50-6c68f8821e9b,a83f0aec-4e5c-4467-a9ab-43634b46c1f6,be17adcf-4219-4796-958f-51e2b5e0cf92,2026-07-01,present,8,Via strauss,UPDATE,2026-07-13 17:06:13.531052+00
e865aa77-2423-41ec-a8b1-ab4c5e6332e2,a83f0aec-4e5c-4467-a9ab-43634b46c1f6,be17adcf-4219-4796-958f-51e2b5e0cf92,2026-07-02,present,8,Via strauss,UPDATE,2026-07-13 17:06:15.418042+00
8f303657-6d36-4374-b011-6c43178122a6,a83f0aec-4e5c-4467-a9ab-43634b46c1f6,a335efe4-d86c-4f3f-a2a1-b4abc123d167,2026-07-20,present,8,Via copernico,UPDATE,2026-07-30 06:44:16.158101+00
ad434426-4f74-44a7-80b1-a4b67883b838,a83f0aec-4e5c-4467-a9ab-43634b46c1f6,be17adcf-4219-4796-958f-51e2b5e0cf92,2026-07-10,present,8,Via strauss,UPDATE,2026-07-13 17:06:28.688226+00
e9f7be25-83c8-4ae3-90a6-584f82ebc539,a83f0aec-4e5c-4467-a9ab-43634b46c1f6,a335efe4-d86c-4f3f-a2a1-b4abc123d167,2026-07-22,present,8,Via copernico,UPDATE,2026-07-30 06:44:19.949226+00
9e427426-86aa-4c55-9305-fa339bd21057,a83f0aec-4e5c-4467-a9ab-43634b46c1f6,2f76e93b-41a3-4e8b-8741-8b3e03d8db85,2026-07-06,present,8,Via bosco capuccio,UPDATE,2026-07-13 17:07:34.436355+00
d97e0396-df6f-44fc-add7-0f9bc59ef7ca,a83f0aec-4e5c-4467-a9ab-43634b46c1f6,0dd64ca9-1964-46eb-8f97-a71315c8b1ed,2026-07-13,present,8,Via strauss,UPDATE,2026-07-30 06:45:15.428885+00
15ee3878-2bc3-44fa-9f9e-9eccc80f42a1,a83f0aec-4e5c-4467-a9ab-43634b46c1f6,2f76e93b-41a3-4e8b-8741-8b3e03d8db85,2026-07-07,present,8,Via bosco capuccio,UPDATE,2026-07-13 17:07:36.829257+00
df9488a2-b119-42fe-9198-b6817dac973d,a83f0aec-4e5c-4467-a9ab-43634b46c1f6,2f76e93b-41a3-4e8b-8741-8b3e03d8db85,2026-07-08,present,8,Via bosco capuccio,UPDATE,2026-07-13 17:07:38.692248+00
848e9418-3f9b-4e5d-ba2c-0e4971ead3ec,a83f0aec-4e5c-4467-a9ab-43634b46c1f6,2f76e93b-41a3-4e8b-8741-8b3e03d8db85,2026-07-13,present,8,Via bosco capuccio,UPDATE,2026-07-13 17:07:46.217391+00
c62bd426-275e-4f74-b675-880c4827477b,a83f0aec-4e5c-4467-a9ab-43634b46c1f6,2197b6fd-9cb2-4d34-8118-cf9f11b573d7,2026-07-01,present,8,Via ingurtosu,UPDATE,2026-07-13 17:07:57.06663+00
ef53f21e-52c9-4868-bd9c-042844b29766,a83f0aec-4e5c-4467-a9ab-43634b46c1f6,2197b6fd-9cb2-4d34-8118-cf9f11b573d7,2026-07-02,present,8,Via ingurtosu,UPDATE,2026-07-13 17:07:58.95705+00
5796f3e0-2d19-4707-ab00-502273d08fda,a83f0aec-4e5c-4467-a9ab-43634b46c1f6,2197b6fd-9cb2-4d34-8118-cf9f11b573d7,2026-07-03,present,8,Via ingurtosu,UPDATE,2026-07-13 17:08:00.950602+00
1e07b71c-9de0-4a3a-b8d1-7a331b1e86bb,a83f0aec-4e5c-4467-a9ab-43634b46c1f6,2197b6fd-9cb2-4d34-8118-cf9f11b573d7,2026-07-06,present,8,Via ingurtosu,UPDATE,2026-07-13 17:08:03.546614+00
b9e7876f-453f-449d-bb83-c096955ae595,a83f0aec-4e5c-4467-a9ab-43634b46c1f6,2197b6fd-9cb2-4d34-8118-cf9f11b573d7,2026-07-07,present,8,Via ingurtosu,UPDATE,2026-07-13 17:08:05.401193+00
859f15d0-e63d-43e7-80ed-a8a16f5a185c,a83f0aec-4e5c-4467-a9ab-43634b46c1f6,2197b6fd-9cb2-4d34-8118-cf9f11b573d7,2026-07-08,present,8,Via ingurtosu,UPDATE,2026-07-13 17:08:07.112556+00
97107e91-9836-4d50-8226-8cd1dd35c47a,a83f0aec-4e5c-4467-a9ab-43634b46c1f6,2197b6fd-9cb2-4d34-8118-cf9f11b573d7,2026-07-09,present,8,Via ingurtosu,UPDATE,2026-07-13 17:08:10.695756+00
41026c8a-07b7-44bf-8e71-f12653fd80f4,a83f0aec-4e5c-4467-a9ab-43634b46c1f6,ed36110d-a2cf-4a88-91c7-0d23f758cd4c,2026-07-02,present,8,Via ingurtosu,UPDATE,2026-07-13 17:08:32.373493+00
def915a4-eb1b-49b2-b1ad-5a1d729d9790,a83f0aec-4e5c-4467-a9ab-43634b46c1f6,ed36110d-a2cf-4a88-91c7-0d23f758cd4c,2026-07-03,present,8,Via ingurtosu,UPDATE,2026-07-13 17:08:35.439548+00
73fc7b03-bdd6-45a4-b70a-45fe28da1b10,a83f0aec-4e5c-4467-a9ab-43634b46c1f6,ed36110d-a2cf-4a88-91c7-0d23f758cd4c,2026-07-13,present,8,Via ingurtosu,UPDATE,2026-07-13 17:08:56.033781+00
72589fc0-b409-4ff5-8d31-71ada00284b2,a83f0aec-4e5c-4467-a9ab-43634b46c1f6,9fc12cbc-5f92-485a-84d9-a7f2413e2cfb,2026-07-01,present,8,Via bosco capuccio,UPDATE,2026-07-13 17:09:12.717808+00
8566972a-53a1-4efe-8291-ac76e5bd125a,a83f0aec-4e5c-4467-a9ab-43634b46c1f6,9fc12cbc-5f92-485a-84d9-a7f2413e2cfb,2026-07-03,present,8,Via bosco capuccio,UPDATE,2026-07-13 17:09:17.004188+00
721cb46f-957c-4803-a7ef-905b4ff40ea9,a83f0aec-4e5c-4467-a9ab-43634b46c1f6,9fc12cbc-5f92-485a-84d9-a7f2413e2cfb,2026-07-10,present,8,Via bosco capuccio,UPDATE,2026-07-13 17:09:27.24226+00
38329722-ed56-415f-8921-59b1a6921218,a83f0aec-4e5c-4467-a9ab-43634b46c1f6,9fc12cbc-5f92-485a-84d9-a7f2413e2cfb,2026-07-13,present,8,Via bosco capuccio,UPDATE,2026-07-13 17:09:29.445435+00
5c273e09-8c53-4d73-b270-c3b634a50f73,a83f0aec-4e5c-4467-a9ab-43634b46c1f6,a1126a85-fd22-4cb7-af46-19697bfc7079,2026-07-01,present,8,Via ingurtosu,UPDATE,2026-07-13 17:11:07.351103+00
29c7627d-1b51-480b-b1b9-0ddc5d24cc9b,a83f0aec-4e5c-4467-a9ab-43634b46c1f6,a1126a85-fd22-4cb7-af46-19697bfc7079,2026-07-02,present,8,Via ingurtosu,UPDATE,2026-07-13 17:11:37.565591+00
5bc66946-e98e-4780-b6ed-947b4958b541,a83f0aec-4e5c-4467-a9ab-43634b46c1f6,a1126a85-fd22-4cb7-af46-19697bfc7079,2026-07-06,present,8,Via ingurtosu,UPDATE,2026-07-13 17:11:41.640589+00
f00b6825-4295-43e4-817e-9a943f645922,a83f0aec-4e5c-4467-a9ab-43634b46c1f6,a1126a85-fd22-4cb7-af46-19697bfc7079,2026-07-07,present,8,Via ingurtosu,UPDATE,2026-07-13 17:11:43.445026+00
d74c9550-a70a-4bb3-8ec2-cb3516db9962,a83f0aec-4e5c-4467-a9ab-43634b46c1f6,a1126a85-fd22-4cb7-af46-19697bfc7079,2026-07-08,present,8,Via ingurtosu,UPDATE,2026-07-13 17:11:46.285766+00
0b173f1d-1a81-4597-9e74-b7e5d71ee85f,a83f0aec-4e5c-4467-a9ab-43634b46c1f6,a1126a85-fd22-4cb7-af46-19697bfc7079,2026-07-10,present,8,Via ingurtosu,UPDATE,2026-07-13 17:11:52.263897+00
c674091a-f6c0-4fa1-8d12-e51f11649131,a83f0aec-4e5c-4467-a9ab-43634b46c1f6,a1126a85-fd22-4cb7-af46-19697bfc7079,2026-07-13,present,8,Via ingurtosu,UPDATE,2026-07-13 17:11:54.898289+00
0b2f89e2-fc75-4ea9-9f32-8ae1ce884ecc,89f0d7b8-afa8-4963-b414-f39bc0c50865,a572c7d1-b008-46ac-afc3-27a915d0e98b,2026-07-14,present,8,"",DELETE,2026-07-15 01:04:48.512224+00
43133eab-78a1-4dc2-8dfd-44e6c3a91f68,89f0d7b8-afa8-4963-b414-f39bc0c50865,a572c7d1-b008-46ac-afc3-27a915d0e98b,2026-07-08,present,8,"",DELETE,2026-07-15 01:04:48.512224+00
96f7d362-d4ea-4c1a-85aa-9f21bb3654e6,89f0d7b8-afa8-4963-b414-f39bc0c50865,a572c7d1-b008-46ac-afc3-27a915d0e98b,2026-07-27,present,8,"",DELETE,2026-07-15 01:04:48.512224+00
b93f85ac-6ece-416d-a4d9-5d0afe8d87ee,89f0d7b8-afa8-4963-b414-f39bc0c50865,a572c7d1-b008-46ac-afc3-27a915d0e98b,2026-07-23,present,8,"",DELETE,2026-07-15 01:04:48.512224+00
100f3067-5c30-4822-abac-3212200abae1,89f0d7b8-afa8-4963-b414-f39bc0c50865,a572c7d1-b008-46ac-afc3-27a915d0e98b,2026-07-31,injury,0,"",DELETE,2026-07-15 01:04:48.512224+00
9f3b4d86-cdb1-4064-be4d-e65c4541901f,89f0d7b8-afa8-4963-b414-f39bc0c50865,a572c7d1-b008-46ac-afc3-27a915d0e98b,2026-07-02,present,8,Via maurizio,DELETE,2026-07-15 01:04:48.512224+00
3abc5eda-7f60-4851-9d7f-4deabb15d7fa,89f0d7b8-afa8-4963-b414-f39bc0c50865,a572c7d1-b008-46ac-afc3-27a915d0e98b,2026-07-13,present,8,"",DELETE,2026-07-15 01:04:48.512224+00
fcec9ecc-e24b-49a0-a623-d1b966813a6b,89f0d7b8-afa8-4963-b414-f39bc0c50865,a572c7d1-b008-46ac-afc3-27a915d0e98b,2026-07-09,injury,0,"",DELETE,2026-07-15 01:04:48.512224+00
b412ed6b-b897-4b7c-bf86-ee372074f298,89f0d7b8-afa8-4963-b414-f39bc0c50865,a572c7d1-b008-46ac-afc3-27a915d0e98b,2026-07-21,present,8,"",DELETE,2026-07-15 01:04:48.512224+00
ea72d26a-80a0-4388-9a1c-14fede4c310b,89f0d7b8-afa8-4963-b414-f39bc0c50865,a572c7d1-b008-46ac-afc3-27a915d0e98b,2026-07-16,present,8,"",DELETE,2026-07-15 01:04:48.512224+00
b206e32b-303f-47a6-87e2-e6525a5c1b0a,89f0d7b8-afa8-4963-b414-f39bc0c50865,a572c7d1-b008-46ac-afc3-27a915d0e98b,2026-07-15,present,8,"",DELETE,2026-07-15 01:04:48.512224+00
c5a093e7-e4c2-44bf-94e1-c9efc4345acd,89f0d7b8-afa8-4963-b414-f39bc0c50865,a572c7d1-b008-46ac-afc3-27a915d0e98b,2026-07-30,present,8,"",DELETE,2026-07-15 01:04:48.512224+00
a3164c96-fbc5-480f-a425-0193fe7a04d5,89f0d7b8-afa8-4963-b414-f39bc0c50865,a572c7d1-b008-46ac-afc3-27a915d0e98b,2026-07-04,holiday,0,"",DELETE,2026-07-15 01:04:48.512224+00
7a0d5f0e-3ddb-4ba7-8ff4-fc38e9df2685,89f0d7b8-afa8-4963-b414-f39bc0c50865,a572c7d1-b008-46ac-afc3-27a915d0e98b,2026-07-05,holiday,0,"",DELETE,2026-07-15 01:04:48.512224+00
2c552449-0d97-49d5-be9d-e359effdbd6c,a83f0aec-4e5c-4467-a9ab-43634b46c1f6,2f76e93b-41a3-4e8b-8741-8b3e03d8db85,2026-07-15,present,8,Via bosco capuccio,UPDATE,2026-07-30 06:49:25.026038+00
56d21d71-deaf-44ef-a1f8-5c382ba25910,a83f0aec-4e5c-4467-a9ab-43634b46c1f6,b667d9a9-f058-4fd7-90bf-62cdef8d5672,2026-07-03,present,8,Via giotto,UPDATE,2026-07-13 17:05:19.777065+00
762d07e9-c90b-42ce-9967-5dd1d9ab6e32,a83f0aec-4e5c-4467-a9ab-43634b46c1f6,b667d9a9-f058-4fd7-90bf-62cdef8d5672,2026-07-10,present,8,Via giotto,UPDATE,2026-07-13 17:05:30.189883+00
1560d52c-8a49-4eb2-8efa-b740b06510d1,a83f0aec-4e5c-4467-a9ab-43634b46c1f6,42b77da1-31e4-4197-88a5-2679c57fac56,2026-08-04,present,8,Via bosco cappuccio,UPDATE,2026-08-05 10:54:37.551441+00
792b4514-4a0e-434d-b3fe-abc35a6a39cb,a83f0aec-4e5c-4467-a9ab-43634b46c1f6,b667d9a9-f058-4fd7-90bf-62cdef8d5672,2026-07-13,present,8,Via giotto,UPDATE,2026-07-13 17:05:32.623276+00
85b54945-39e5-42e7-bdde-8ecf19b79d31,a83f0aec-4e5c-4467-a9ab-43634b46c1f6,07cba65e-e2f7-495c-8b24-2192173054a0,2026-07-01,present,8,Via copernico,UPDATE,2026-07-13 17:05:45.465654+00
7c5f94b3-8ba5-4c5b-a6dc-938666e2e298,a83f0aec-4e5c-4467-a9ab-43634b46c1f6,07cba65e-e2f7-495c-8b24-2192173054a0,2026-07-02,present,8,Via copernico,UPDATE,2026-07-13 17:05:47.228871+00
4a08b4fb-d6df-4b22-8de6-ef6363ebbed6,a83f0aec-4e5c-4467-a9ab-43634b46c1f6,07cba65e-e2f7-495c-8b24-2192173054a0,2026-07-03,present,8,Via copernico,UPDATE,2026-07-13 17:05:49.186271+00
4295e2a8-035a-4e03-92cf-c1d5b97aa743,a83f0aec-4e5c-4467-a9ab-43634b46c1f6,2f76e93b-41a3-4e8b-8741-8b3e03d8db85,2026-08-03,present,8,Via copernico,UPDATE,2026-08-05 10:54:50.789761+00
ad270081-adde-460d-9bd4-33c07f1b7f36,a83f0aec-4e5c-4467-a9ab-43634b46c1f6,07cba65e-e2f7-495c-8b24-2192173054a0,2026-07-06,present,8,Via copernico,UPDATE,2026-07-13 17:05:51.128445+00
60abbc33-81a7-4d18-89bb-618cb22cd471,a83f0aec-4e5c-4467-a9ab-43634b46c1f6,07cba65e-e2f7-495c-8b24-2192173054a0,2026-07-07,present,8,Via copernico,UPDATE,2026-07-13 17:05:52.940426+00
77bcf7b6-c696-4e33-9b94-b3dff1dbb1b7,a83f0aec-4e5c-4467-a9ab-43634b46c1f6,07cba65e-e2f7-495c-8b24-2192173054a0,2026-07-08,present,8,Via copernico,UPDATE,2026-07-13 17:05:54.884635+00
78479f7e-41dd-4db1-8d36-68c89c1fc3e7,a83f0aec-4e5c-4467-a9ab-43634b46c1f6,be17adcf-4219-4796-958f-51e2b5e0cf92,2026-07-03,present,8,Via strauss,UPDATE,2026-07-13 17:06:17.879879+00
2e03e741-be2a-4e26-af06-aa711fc04402,a83f0aec-4e5c-4467-a9ab-43634b46c1f6,be17adcf-4219-4796-958f-51e2b5e0cf92,2026-07-06,present,8,Via strauss,UPDATE,2026-07-13 17:06:19.849545+00
f7aeb952-257d-4457-87c1-f81f98a56610,a83f0aec-4e5c-4467-a9ab-43634b46c1f6,be17adcf-4219-4796-958f-51e2b5e0cf92,2026-07-07,present,8,Via strauss,UPDATE,2026-07-13 17:06:21.695385+00
75663635-016a-4674-8959-fe808395beba,a83f0aec-4e5c-4467-a9ab-43634b46c1f6,be17adcf-4219-4796-958f-51e2b5e0cf92,2026-07-08,present,8,Via strauss,UPDATE,2026-07-13 17:06:23.445087+00
0acbc663-2d18-4cb1-95d9-13a02ae1edbc,a83f0aec-4e5c-4467-a9ab-43634b46c1f6,a335efe4-d86c-4f3f-a2a1-b4abc123d167,2026-07-23,present,8,Via copernico,UPDATE,2026-07-30 06:44:21.987472+00
f0ada56a-19ad-483f-a85f-b9866d002f26,a83f0aec-4e5c-4467-a9ab-43634b46c1f6,be17adcf-4219-4796-958f-51e2b5e0cf92,2026-07-09,present,8,Via strauss,UPDATE,2026-07-13 17:06:25.713254+00
bfb041c3-31c6-4eb2-a537-35b3fa0ec9a3,a83f0aec-4e5c-4467-a9ab-43634b46c1f6,be17adcf-4219-4796-958f-51e2b5e0cf92,2026-07-13,present,8,Via strauss,UPDATE,2026-07-13 17:06:30.833248+00
a805300a-c79e-43c8-8e38-73807120b8d4,a83f0aec-4e5c-4467-a9ab-43634b46c1f6,a335efe4-d86c-4f3f-a2a1-b4abc123d167,2026-07-24,present,8,Via copernico,UPDATE,2026-07-30 06:44:24.158979+00
c29f2ab2-ede3-4362-afe2-fb65ebe880c5,a83f0aec-4e5c-4467-a9ab-43634b46c1f6,42b77da1-31e4-4197-88a5-2679c57fac56,2026-07-01,present,8,Via copernico,UPDATE,2026-07-13 17:06:43.178627+00
37add797-1371-4e8d-b637-6432b572be35,a83f0aec-4e5c-4467-a9ab-43634b46c1f6,a335efe4-d86c-4f3f-a2a1-b4abc123d167,2026-07-27,present,8,Via copernico,UPDATE,2026-07-30 06:44:26.496382+00
b2c6fc84-7c43-449e-95c6-05ad6bde0f1f,a83f0aec-4e5c-4467-a9ab-43634b46c1f6,42b77da1-31e4-4197-88a5-2679c57fac56,2026-07-02,present,8,Via copernico,UPDATE,2026-07-13 17:06:45.57432+00
4e81da6d-1f98-4cb9-a80b-42b80016f9cd,a83f0aec-4e5c-4467-a9ab-43634b46c1f6,42b77da1-31e4-4197-88a5-2679c57fac56,2026-07-03,present,8,Via copernico,UPDATE,2026-07-13 17:06:48.497162+00
e407ebb6-f5af-461d-9e8c-8e877640a42b,a83f0aec-4e5c-4467-a9ab-43634b46c1f6,42b77da1-31e4-4197-88a5-2679c57fac56,2026-07-06,present,8,Via copernico,UPDATE,2026-07-13 17:06:51.131625+00
46abffb2-20af-46c2-bc1f-9ff1f520e800,a83f0aec-4e5c-4467-a9ab-43634b46c1f6,a335efe4-d86c-4f3f-a2a1-b4abc123d167,2026-07-28,present,8,Via copernico,UPDATE,2026-07-30 06:44:29.628368+00
1cf35ffb-e66c-4b4c-b30c-6c57bd10c558,a83f0aec-4e5c-4467-a9ab-43634b46c1f6,42b77da1-31e4-4197-88a5-2679c57fac56,2026-07-07,present,8,Via copernico,UPDATE,2026-07-13 17:06:53.051574+00
57c9db30-9d6c-4728-9eb2-3fc71089aebf,a83f0aec-4e5c-4467-a9ab-43634b46c1f6,42b77da1-31e4-4197-88a5-2679c57fac56,2026-07-08,present,8,Via copernico,UPDATE,2026-07-13 17:06:55.709006+00
cdd5d01d-c4a8-4f5c-9f89-a4a65d08e653,a83f0aec-4e5c-4467-a9ab-43634b46c1f6,cff16040-6983-48f2-b49c-1fa06f131879,2026-07-14,present,8,Via fadda/alghero,UPDATE,2026-07-30 06:44:41.662847+00
1bb7c1ae-7831-42d3-bee9-ed384b865b16,a83f0aec-4e5c-4467-a9ab-43634b46c1f6,42b77da1-31e4-4197-88a5-2679c57fac56,2026-07-09,present,8,Via copernico,UPDATE,2026-07-13 17:06:57.595838+00
3a912a54-74a5-4ee6-912e-0251c2282f9b,a83f0aec-4e5c-4467-a9ab-43634b46c1f6,42b77da1-31e4-4197-88a5-2679c57fac56,2026-07-10,present,8,Via copernico,UPDATE,2026-07-13 17:07:01.31713+00
f556987f-1958-4bcb-974a-4ffb81d76efe,a83f0aec-4e5c-4467-a9ab-43634b46c1f6,cff16040-6983-48f2-b49c-1fa06f131879,2026-07-20,present,8,Via fadda/alghero,UPDATE,2026-07-30 06:44:50.324369+00
59dceca8-47c3-4143-96b4-60f1117fc2ca,a83f0aec-4e5c-4467-a9ab-43634b46c1f6,42b77da1-31e4-4197-88a5-2679c57fac56,2026-07-13,present,8,Via copernico,UPDATE,2026-07-13 17:07:03.54085+00
26e79c14-632b-45d3-8902-14b669cb6afa,a83f0aec-4e5c-4467-a9ab-43634b46c1f6,2f76e93b-41a3-4e8b-8741-8b3e03d8db85,2026-07-01,present,8,Via bosco capuccio,UPDATE,2026-07-13 17:07:22.834988+00
7ebc4b7e-445d-4f1e-8c1c-3b794c38e971,a83f0aec-4e5c-4467-a9ab-43634b46c1f6,cff16040-6983-48f2-b49c-1fa06f131879,2026-07-22,present,8,Via fadda/alghero,UPDATE,2026-07-30 06:44:55.26916+00
2c011b64-13a0-4910-bc0f-732c7a8cbf05,a83f0aec-4e5c-4467-a9ab-43634b46c1f6,2f76e93b-41a3-4e8b-8741-8b3e03d8db85,2026-07-02,present,8,Via bosco capuccio,UPDATE,2026-07-13 17:07:28.079343+00
3d497e68-0928-48b6-aea3-73cae9fe522a,a83f0aec-4e5c-4467-a9ab-43634b46c1f6,cff16040-6983-48f2-b49c-1fa06f131879,2026-07-23,present,8,Via fadda/alghero,UPDATE,2026-07-30 06:44:57.262261+00
25bddd70-c3e5-4430-b195-40f25ab51522,a83f0aec-4e5c-4467-a9ab-43634b46c1f6,2f76e93b-41a3-4e8b-8741-8b3e03d8db85,2026-07-03,present,8,Via bosco capuccio,UPDATE,2026-07-13 17:07:32.085963+00
b10a8cf8-3ef9-4fa0-a6bd-b86a26bb2c2f,a83f0aec-4e5c-4467-a9ab-43634b46c1f6,2f76e93b-41a3-4e8b-8741-8b3e03d8db85,2026-07-09,present,8,Via bosco capuccio,UPDATE,2026-07-13 17:07:40.536522+00
2de8a20a-3c58-46fa-91c6-5d7b5e68edc5,a83f0aec-4e5c-4467-a9ab-43634b46c1f6,2f76e93b-41a3-4e8b-8741-8b3e03d8db85,2026-07-10,present,8,Via bosco capuccio,UPDATE,2026-07-13 17:07:43.31015+00
0359d06b-ca5f-4fd0-aaf7-ee024248cf90,a83f0aec-4e5c-4467-a9ab-43634b46c1f6,2197b6fd-9cb2-4d34-8118-cf9f11b573d7,2026-07-10,present,8,Via ingurtosu,UPDATE,2026-07-13 17:08:13.491202+00
6dc6952b-318a-40ba-b1ff-45525d30c31d,a83f0aec-4e5c-4467-a9ab-43634b46c1f6,2197b6fd-9cb2-4d34-8118-cf9f11b573d7,2026-07-13,present,8,Via ingurtosu,UPDATE,2026-07-13 17:08:15.577092+00
d5d8336e-6004-41bb-bb57-474c9f443401,a83f0aec-4e5c-4467-a9ab-43634b46c1f6,ed36110d-a2cf-4a88-91c7-0d23f758cd4c,2026-07-01,present,8,Via ingurtosu,UPDATE,2026-07-13 17:08:29.812426+00
bedd21e9-3f32-4b01-9875-80f8be9bbe26,a83f0aec-4e5c-4467-a9ab-43634b46c1f6,ed36110d-a2cf-4a88-91c7-0d23f758cd4c,2026-07-06,present,8,Via ingurtosu,UPDATE,2026-07-13 17:08:41.360117+00
a559a6f6-6810-471f-af9b-3526bdc815e6,a83f0aec-4e5c-4467-a9ab-43634b46c1f6,9fc12cbc-5f92-485a-84d9-a7f2413e2cfb,2026-07-02,present,8,Via bosco capuccio,UPDATE,2026-07-13 17:09:14.74576+00
ddd241ff-98fc-4469-a0a6-2f72198af16f,a83f0aec-4e5c-4467-a9ab-43634b46c1f6,9fc12cbc-5f92-485a-84d9-a7f2413e2cfb,2026-07-06,present,8,Via bosco capuccio,UPDATE,2026-07-13 17:09:19.029825+00
7b0b3f10-c363-4426-b25a-f929f60ca8c9,a83f0aec-4e5c-4467-a9ab-43634b46c1f6,9fc12cbc-5f92-485a-84d9-a7f2413e2cfb,2026-07-07,present,8,Via bosco capuccio,UPDATE,2026-07-13 17:09:20.873795+00
d0544e1e-ed4d-42c6-b41f-df825de6ca29,a83f0aec-4e5c-4467-a9ab-43634b46c1f6,9fc12cbc-5f92-485a-84d9-a7f2413e2cfb,2026-07-08,present,8,Via bosco capuccio,UPDATE,2026-07-13 17:09:22.705382+00
de6398fe-824e-4bd7-afe1-bad4b5673775,a83f0aec-4e5c-4467-a9ab-43634b46c1f6,9fc12cbc-5f92-485a-84d9-a7f2413e2cfb,2026-07-09,present,8,Via bosco capuccio,UPDATE,2026-07-13 17:09:25.387926+00
4115dce6-fdbd-4ff7-8bf4-3686905f1100,a83f0aec-4e5c-4467-a9ab-43634b46c1f6,a1126a85-fd22-4cb7-af46-19697bfc7079,2026-07-03,present,8,Via ingurtosu,UPDATE,2026-07-13 17:11:39.299714+00
38c33276-3938-471f-8149-8f1ab29f8f7b,a83f0aec-4e5c-4467-a9ab-43634b46c1f6,a1126a85-fd22-4cb7-af46-19697bfc7079,2026-07-09,present,8,Via ingurtosu,UPDATE,2026-07-13 17:11:50.009465+00
48239808-47ce-433f-b35a-09715e5adabc,89f0d7b8-afa8-4963-b414-f39bc0c50865,a572c7d1-b008-46ac-afc3-27a915d0e98b,2026-07-07,present,8,"",DELETE,2026-07-15 01:04:48.512224+00
f43ca717-723f-473c-9f93-1b0d672037d5,89f0d7b8-afa8-4963-b414-f39bc0c50865,a572c7d1-b008-46ac-afc3-27a915d0e98b,2026-07-10,present,8,"",DELETE,2026-07-15 01:04:48.512224+00
1fd2f029-47c7-4fc3-8ad9-d5cf4c3a54ad,89f0d7b8-afa8-4963-b414-f39bc0c50865,a572c7d1-b008-46ac-afc3-27a915d0e98b,2026-07-20,present,8,"",DELETE,2026-07-15 01:04:48.512224+00
f3ea2d8b-71c9-4775-bcee-e8a6005d7629,89f0d7b8-afa8-4963-b414-f39bc0c50865,a572c7d1-b008-46ac-afc3-27a915d0e98b,2026-07-17,present,8,"",DELETE,2026-07-15 01:04:48.512224+00
e5ceb337-a679-45ed-9cff-664458f43449,89f0d7b8-afa8-4963-b414-f39bc0c50865,a572c7d1-b008-46ac-afc3-27a915d0e98b,2026-07-24,present,8,"",DELETE,2026-07-15 01:04:48.512224+00
e05d36e8-d8bc-44e6-910c-9b81f4588df3,89f0d7b8-afa8-4963-b414-f39bc0c50865,a572c7d1-b008-46ac-afc3-27a915d0e98b,2026-07-22,injury,0,"",DELETE,2026-07-15 01:04:48.512224+00
2a78028f-5fdf-4974-8dc5-1ed930afb3cb,89f0d7b8-afa8-4963-b414-f39bc0c50865,a572c7d1-b008-46ac-afc3-27a915d0e98b,2026-07-29,present,8,"",DELETE,2026-07-15 01:04:48.512224+00
77e7b07a-785b-48af-b5ec-52f380a36307,89f0d7b8-afa8-4963-b414-f39bc0c50865,a572c7d1-b008-46ac-afc3-27a915d0e98b,2026-07-06,present,8,"",DELETE,2026-07-15 01:04:48.512224+00
c750efb2-7de4-44e0-8768-997621f6d29f,89f0d7b8-afa8-4963-b414-f39bc0c50865,a572c7d1-b008-46ac-afc3-27a915d0e98b,2026-07-01,present,8,Via alberti,DELETE,2026-07-15 01:04:48.512224+00
8fecd733-ff64-4e61-9845-63c24d4b7c3f,a83f0aec-4e5c-4467-a9ab-43634b46c1f6,cff16040-6983-48f2-b49c-1fa06f131879,2026-07-27,present,8,Via fadda/alghero,UPDATE,2026-07-30 06:45:01.413152+00
dd73892a-efc9-4862-b64d-456d5106f93b,a83f0aec-4e5c-4467-a9ab-43634b46c1f6,2f76e93b-41a3-4e8b-8741-8b3e03d8db85,2026-07-16,present,8,Via bosco capuccio,UPDATE,2026-07-30 06:49:27.091239+00
00df8f6f-ebf6-4610-b70d-e000567eaca6,a83f0aec-4e5c-4467-a9ab-43634b46c1f6,cff16040-6983-48f2-b49c-1fa06f131879,2026-07-28,present,8,Via fadda/alghero,UPDATE,2026-07-30 06:45:03.187759+00
12441a75-9580-4431-929a-0ba181832ca4,a83f0aec-4e5c-4467-a9ab-43634b46c1f6,2f76e93b-41a3-4e8b-8741-8b3e03d8db85,2026-07-17,present,8,Via bosco capuccio,UPDATE,2026-07-30 06:49:30.916643+00
0875b4bd-05b2-41d6-8fbb-5816529a31bb,a83f0aec-4e5c-4467-a9ab-43634b46c1f6,cff16040-6983-48f2-b49c-1fa06f131879,2026-07-29,present,8,Via fadda/alghero,UPDATE,2026-07-30 06:45:06.304887+00
82c46a02-6673-4065-8c2a-460facbae104,a83f0aec-4e5c-4467-a9ab-43634b46c1f6,2f76e93b-41a3-4e8b-8741-8b3e03d8db85,2026-07-20,present,8,Via bosco capuccio,UPDATE,2026-07-30 06:49:32.998784+00
847736d9-b600-41de-9b7e-375df7a12ac0,a83f0aec-4e5c-4467-a9ab-43634b46c1f6,0dd64ca9-1964-46eb-8f97-a71315c8b1ed,2026-07-28,present,8,Via strauss,UPDATE,2026-07-30 06:45:44.075435+00
5db32b52-8e08-4947-80d3-6615ef7b58e2,a83f0aec-4e5c-4467-a9ab-43634b46c1f6,0dd64ca9-1964-46eb-8f97-a71315c8b1ed,2026-07-29,present,8,Via strauss,UPDATE,2026-07-30 06:45:46.355042+00
1f2a3865-281c-457a-9c5d-4e0c8359e9c0,a83f0aec-4e5c-4467-a9ab-43634b46c1f6,2f76e93b-41a3-4e8b-8741-8b3e03d8db85,2026-07-21,present,8,Via bosco capuccio,UPDATE,2026-07-30 06:49:38.417479+00
c13a09b7-112f-413d-8c58-d662cb8a67b2,a83f0aec-4e5c-4467-a9ab-43634b46c1f6,2f76e93b-41a3-4e8b-8741-8b3e03d8db85,2026-07-22,present,8,Via bosco capuccio,UPDATE,2026-07-30 06:49:40.363597+00
b72c62f8-0b84-4af7-a6a7-ac9e1941ef10,a83f0aec-4e5c-4467-a9ab-43634b46c1f6,2f76e93b-41a3-4e8b-8741-8b3e03d8db85,2026-07-23,present,8,Via bosco capuccio,UPDATE,2026-07-30 06:49:42.37443+00
8bf6e8aa-2738-4ece-997f-2ae9a1e2bd94,a83f0aec-4e5c-4467-a9ab-43634b46c1f6,2f76e93b-41a3-4e8b-8741-8b3e03d8db85,2026-07-24,present,8,Via bosco capuccio,UPDATE,2026-07-30 06:49:44.862828+00
113973b9-1299-43aa-bf7e-56d73172cf10,a83f0aec-4e5c-4467-a9ab-43634b46c1f6,2f76e93b-41a3-4e8b-8741-8b3e03d8db85,2026-07-27,present,8,Via bosco capuccio,UPDATE,2026-07-30 06:49:46.893693+00
dad47ac5-5739-457a-8f95-356493d2de04,a83f0aec-4e5c-4467-a9ab-43634b46c1f6,2f76e93b-41a3-4e8b-8741-8b3e03d8db85,2026-07-28,present,8,Via bosco capuccio,UPDATE,2026-07-30 06:49:48.796334+00
862d7d52-bb25-4099-bc9d-31cf36f96303,a83f0aec-4e5c-4467-a9ab-43634b46c1f6,2f76e93b-41a3-4e8b-8741-8b3e03d8db85,2026-07-29,present,8,Via bosco capuccio,UPDATE,2026-07-30 06:49:51.050295+00
01fc9665-4631-4eac-8c45-92f2d8bafe63,a83f0aec-4e5c-4467-a9ab-43634b46c1f6,2f76e93b-41a3-4e8b-8741-8b3e03d8db85,2026-07-30,present,8,Via bosco capuccio,UPDATE,2026-07-30 06:49:55.913263+00
c744a558-36d7-4a77-aebf-f8c39a72f2a6,a83f0aec-4e5c-4467-a9ab-43634b46c1f6,2197b6fd-9cb2-4d34-8118-cf9f11b573d7,2026-07-17,present,8,via ingurtosu,UPDATE,2026-07-30 09:16:47.819726+00
509df09d-4e64-4b17-b90f-2b8ae8527430,a83f0aec-4e5c-4467-a9ab-43634b46c1f6,2197b6fd-9cb2-4d34-8118-cf9f11b573d7,2026-07-21,present,8,via ingurtosu,UPDATE,2026-07-30 09:16:52.954008+00
8fca7faf-710e-4de0-9cf1-d47ee6126dbe,a83f0aec-4e5c-4467-a9ab-43634b46c1f6,2197b6fd-9cb2-4d34-8118-cf9f11b573d7,2026-07-23,present,8,via ingurtosu,UPDATE,2026-07-30 09:16:56.133717+00
ab056c3a-d16a-47b8-8521-052cd9908169,a83f0aec-4e5c-4467-a9ab-43634b46c1f6,2197b6fd-9cb2-4d34-8118-cf9f11b573d7,2026-07-27,present,8,via ingurtosu,UPDATE,2026-07-30 09:17:03.164581+00
9ada9bd1-c0b9-4950-b748-654744159bba,a83f0aec-4e5c-4467-a9ab-43634b46c1f6,2197b6fd-9cb2-4d34-8118-cf9f11b573d7,2026-07-29,present,8,via ingurtosu,UPDATE,2026-07-30 09:17:10.120703+00
0873f26e-3672-42a4-8f21-e4e178ef3eae,a83f0aec-4e5c-4467-a9ab-43634b46c1f6,ed36110d-a2cf-4a88-91c7-0d23f758cd4c,2026-07-14,present,8,"",INSERT,2026-07-30 09:17:29.319565+00
55f97db1-798d-4540-aaec-0b28e7d0596d,a83f0aec-4e5c-4467-a9ab-43634b46c1f6,ed36110d-a2cf-4a88-91c7-0d23f758cd4c,2026-07-16,present,8,"",INSERT,2026-07-30 09:17:32.670414+00
a63c81da-e844-4dde-9107-0140088a3b0e,a83f0aec-4e5c-4467-a9ab-43634b46c1f6,ed36110d-a2cf-4a88-91c7-0d23f758cd4c,2026-07-20,present,8,via ingurtosu,UPDATE,2026-07-30 09:17:55.742547+00
c6c41d55-c870-4532-a790-30b55a325017,a83f0aec-4e5c-4467-a9ab-43634b46c1f6,ed36110d-a2cf-4a88-91c7-0d23f758cd4c,2026-07-22,present,8,via ingurtosu,UPDATE,2026-07-30 09:17:59.901791+00
ec61ec90-49f2-44dd-8ee0-d1f9518cc280,a83f0aec-4e5c-4467-a9ab-43634b46c1f6,ed36110d-a2cf-4a88-91c7-0d23f758cd4c,2026-07-24,present,8,via ingurtosu,UPDATE,2026-07-30 09:18:04.525906+00
32ce8193-727d-4f1a-9055-e63046fd433a,a83f0aec-4e5c-4467-a9ab-43634b46c1f6,ed36110d-a2cf-4a88-91c7-0d23f758cd4c,2026-07-28,present,8,via ingurtosu,UPDATE,2026-07-30 09:18:10.373298+00
df2baadc-9b90-4830-9407-d97b40f563c4,a83f0aec-4e5c-4467-a9ab-43634b46c1f6,ed36110d-a2cf-4a88-91c7-0d23f758cd4c,2026-07-30,present,8,via ingurtosu,UPDATE,2026-07-30 09:18:19.498856+00
e2cc278b-7582-4113-a4f0-17a4b65f8e1a,a83f0aec-4e5c-4467-a9ab-43634b46c1f6,9fc12cbc-5f92-485a-84d9-a7f2413e2cfb,2026-07-14,present,8,via bosco capuccio,UPDATE,2026-07-30 09:19:00.213629+00
4d9269e6-3b74-493a-a8ab-78e4d56ab88f,a83f0aec-4e5c-4467-a9ab-43634b46c1f6,9fc12cbc-5f92-485a-84d9-a7f2413e2cfb,2026-07-15,present,8,via bosco capuccio,UPDATE,2026-07-30 09:19:14.723638+00
a1317840-b6a7-4251-99de-bfd894165873,a83f0aec-4e5c-4467-a9ab-43634b46c1f6,9fc12cbc-5f92-485a-84d9-a7f2413e2cfb,2026-07-16,present,8,via bosco capuccio,UPDATE,2026-07-30 09:19:18.654645+00
69606489-e101-471d-924f-72dbeacbd7bd,a83f0aec-4e5c-4467-a9ab-43634b46c1f6,9fc12cbc-5f92-485a-84d9-a7f2413e2cfb,2026-07-17,present,8,via bosco capuccio,UPDATE,2026-07-30 09:19:24.268399+00
ef6f53bb-2bb2-43f0-8901-412702f8ce93,a83f0aec-4e5c-4467-a9ab-43634b46c1f6,9fc12cbc-5f92-485a-84d9-a7f2413e2cfb,2026-07-20,present,8,via bosco capuccio,UPDATE,2026-07-30 09:19:30.236283+00
b36e100f-d986-482a-83d4-24551e25c49c,a83f0aec-4e5c-4467-a9ab-43634b46c1f6,9fc12cbc-5f92-485a-84d9-a7f2413e2cfb,2026-07-21,present,8,via bosco capuccio,UPDATE,2026-07-30 09:19:34.138225+00
c340b588-0f9b-45d6-93f0-0aceb8f14efb,a83f0aec-4e5c-4467-a9ab-43634b46c1f6,9fc12cbc-5f92-485a-84d9-a7f2413e2cfb,2026-07-22,present,8,via bosco capuccio,UPDATE,2026-07-30 09:19:38.429111+00
95e9e443-09c0-4a98-abea-dc4e8cdfc75c,a83f0aec-4e5c-4467-a9ab-43634b46c1f6,9fc12cbc-5f92-485a-84d9-a7f2413e2cfb,2026-07-23,present,8,via bosco capuccio,UPDATE,2026-07-30 09:19:42.027822+00
cac5b4e8-ef5f-4fff-89fd-d064de4a01c1,a83f0aec-4e5c-4467-a9ab-43634b46c1f6,9fc12cbc-5f92-485a-84d9-a7f2413e2cfb,2026-07-24,present,8,via bosco capuccio,UPDATE,2026-07-30 09:19:45.298056+00
9a2b7fc0-aa58-4319-a498-abea62ba9846,a83f0aec-4e5c-4467-a9ab-43634b46c1f6,9fc12cbc-5f92-485a-84d9-a7f2413e2cfb,2026-07-27,present,8,via bosco capuccio,UPDATE,2026-07-30 09:19:47.797642+00
6c3b91d7-4854-405f-8178-ed7c565ef414,a83f0aec-4e5c-4467-a9ab-43634b46c1f6,9fc12cbc-5f92-485a-84d9-a7f2413e2cfb,2026-07-28,present,8,via bosco capuccio,UPDATE,2026-07-30 09:19:51.533558+00
696fe480-3ce5-4776-a7d0-3a7c2f8618e3,a83f0aec-4e5c-4467-a9ab-43634b46c1f6,33872abe-802f-47d0-8614-f4d206fff08f,2026-07-16,present,8,via mandrolisai,UPDATE,2026-07-30 09:22:04.522126+00
1e941315-9d58-42c7-b052-0adb04c2db34,a83f0aec-4e5c-4467-a9ab-43634b46c1f6,33872abe-802f-47d0-8614-f4d206fff08f,2026-07-17,present,8,via mandrolisai,UPDATE,2026-07-30 09:22:09.656595+00
7fe71d16-ca42-428e-815e-35ec71a74970,a83f0aec-4e5c-4467-a9ab-43634b46c1f6,bd23f301-51a8-4e05-a640-c66306e27ef6,2026-07-29,present,8,via mestre,UPDATE,2026-07-30 09:24:01.844486+00
413adaf5-8385-4fb6-8b0f-802eb26199cf,a83f0aec-4e5c-4467-a9ab-43634b46c1f6,bd23f301-51a8-4e05-a640-c66306e27ef6,2026-07-30,present,8,via mestre,UPDATE,2026-07-30 09:24:18.812946+00
025aec8a-2bff-4a4d-9eab-a5aaff65c82d,a83f0aec-4e5c-4467-a9ab-43634b46c1f6,0af3ee03-5ad8-4726-81bb-ba490b621682,2026-07-14,present,8,via mestre,UPDATE,2026-07-30 09:24:32.235998+00
f9d9c434-3b18-49e5-8c86-a5896c190c12,a83f0aec-4e5c-4467-a9ab-43634b46c1f6,0af3ee03-5ad8-4726-81bb-ba490b621682,2026-07-15,present,8,via mestre,UPDATE,2026-07-30 09:24:35.037911+00
6317f0c9-656a-43d4-a21f-47e2d5771e47,a83f0aec-4e5c-4467-a9ab-43634b46c1f6,0af3ee03-5ad8-4726-81bb-ba490b621682,2026-07-16,present,8,via mestre,UPDATE,2026-07-30 09:24:37.919898+00
54687720-ca6c-41c3-9551-e861fefcfb3f,a83f0aec-4e5c-4467-a9ab-43634b46c1f6,0af3ee03-5ad8-4726-81bb-ba490b621682,2026-07-17,present,8,via mestre,UPDATE,2026-07-30 09:24:41.556168+00
9400ba73-feed-43cb-8eec-f334ca973749,a83f0aec-4e5c-4467-a9ab-43634b46c1f6,0af3ee03-5ad8-4726-81bb-ba490b621682,2026-07-20,present,8,via mestre,UPDATE,2026-07-30 09:24:47.069933+00
833d052b-9177-4f56-9183-c0a0a66ef209,a83f0aec-4e5c-4467-a9ab-43634b46c1f6,0af3ee03-5ad8-4726-81bb-ba490b621682,2026-07-21,present,8,via mestre,UPDATE,2026-07-30 09:24:50.417208+00
26259bac-8e5b-4ec1-9a01-524bb062a0e4,a83f0aec-4e5c-4467-a9ab-43634b46c1f6,0af3ee03-5ad8-4726-81bb-ba490b621682,2026-07-22,present,8,via mestre,UPDATE,2026-07-30 09:24:53.733543+00
6e65e92c-e770-4a20-9ae1-13a635ab99f5,a83f0aec-4e5c-4467-a9ab-43634b46c1f6,0af3ee03-5ad8-4726-81bb-ba490b621682,2026-07-23,present,8,via mestre,UPDATE,2026-07-30 09:24:57.807665+00
218ff970-666c-4328-bed6-4399b12812b4,a83f0aec-4e5c-4467-a9ab-43634b46c1f6,0af3ee03-5ad8-4726-81bb-ba490b621682,2026-07-24,present,8,via mestre,UPDATE,2026-07-30 09:25:01.457626+00
5038b7bf-486c-47e9-96d1-0e6a6375c74c,a83f0aec-4e5c-4467-a9ab-43634b46c1f6,0af3ee03-5ad8-4726-81bb-ba490b621682,2026-07-27,present,8,via mestre,UPDATE,2026-07-30 09:25:07.036101+00
e463d016-307f-4fcf-a798-7ff253e2af04,a83f0aec-4e5c-4467-a9ab-43634b46c1f6,0af3ee03-5ad8-4726-81bb-ba490b621682,2026-07-28,present,8,via mestre,UPDATE,2026-07-30 09:25:14.558235+00
4bf60ab2-a404-4b37-b059-ba3c699376a3,a83f0aec-4e5c-4467-a9ab-43634b46c1f6,0af3ee03-5ad8-4726-81bb-ba490b621682,2026-07-29,present,8,via mestre,UPDATE,2026-07-30 09:25:18.032334+00
2957ccf7-7225-4c62-a712-da28085bd4ad,a83f0aec-4e5c-4467-a9ab-43634b46c1f6,0af3ee03-5ad8-4726-81bb-ba490b621682,2026-07-30,present,8,via mestre,UPDATE,2026-07-30 09:25:21.341754+00
de758ab1-d79d-46bc-bc31-b649f8020384,a83f0aec-4e5c-4467-a9ab-43634b46c1f6,f029e10a-9baf-4528-b950-2e10fb4d13ce,2026-07-14,present,8,via mestre,UPDATE,2026-07-30 09:25:30.237264+00
63ac9b4f-9710-425c-a99c-e04b918ae36d,a83f0aec-4e5c-4467-a9ab-43634b46c1f6,f029e10a-9baf-4528-b950-2e10fb4d13ce,2026-07-15,present,8,via mestre,UPDATE,2026-07-30 09:25:33.633418+00
ac6f5b15-b1dc-4fc1-a90a-546386fffc7a,a83f0aec-4e5c-4467-a9ab-43634b46c1f6,cff16040-6983-48f2-b49c-1fa06f131879,2026-07-30,present,8,Via fadda/alghero,UPDATE,2026-07-30 06:45:09.270987+00
e5e2b30d-02f8-40fc-96d1-f4c6d95ef763,a83f0aec-4e5c-4467-a9ab-43634b46c1f6,0dd64ca9-1964-46eb-8f97-a71315c8b1ed,2026-07-14,present,8,Via strauss,UPDATE,2026-07-30 06:45:19.320866+00
3811fe4f-8109-47cd-9951-1412f2b3286a,a83f0aec-4e5c-4467-a9ab-43634b46c1f6,0dd64ca9-1964-46eb-8f97-a71315c8b1ed,2026-07-15,present,8,Via strauss,UPDATE,2026-07-30 06:45:21.245358+00
d85d58bb-4957-4d0e-9d16-b861e304177c,a83f0aec-4e5c-4467-a9ab-43634b46c1f6,0dd64ca9-1964-46eb-8f97-a71315c8b1ed,2026-07-16,present,8,Via strauss,UPDATE,2026-07-30 06:45:22.977055+00
7b0a7b69-f766-4889-86bc-7e6cd550904d,a83f0aec-4e5c-4467-a9ab-43634b46c1f6,0dd64ca9-1964-46eb-8f97-a71315c8b1ed,2026-07-17,present,8,Via strauss,UPDATE,2026-07-30 06:45:25.380107+00
8fba76e6-33e4-40b9-94b5-076c3148b7bc,a83f0aec-4e5c-4467-a9ab-43634b46c1f6,0dd64ca9-1964-46eb-8f97-a71315c8b1ed,2026-07-20,present,8,Via strauss,UPDATE,2026-07-30 06:45:29.622842+00
dd61c575-d152-472f-ba72-3ff1d55e11a5,a83f0aec-4e5c-4467-a9ab-43634b46c1f6,0dd64ca9-1964-46eb-8f97-a71315c8b1ed,2026-07-21,present,8,Via strauss,UPDATE,2026-07-30 06:45:32.074301+00
baeaa6ad-a0f3-48d3-accd-c140096a7d65,a83f0aec-4e5c-4467-a9ab-43634b46c1f6,0dd64ca9-1964-46eb-8f97-a71315c8b1ed,2026-07-22,present,8,Via strauss,UPDATE,2026-07-30 06:45:33.843768+00
f5343920-f30c-45be-9d1c-ac9e10cc53e1,a83f0aec-4e5c-4467-a9ab-43634b46c1f6,0dd64ca9-1964-46eb-8f97-a71315c8b1ed,2026-07-23,present,8,Via strauss,UPDATE,2026-07-30 06:45:35.741063+00
931fe904-068f-4447-9a3a-9fae0786da62,a83f0aec-4e5c-4467-a9ab-43634b46c1f6,0dd64ca9-1964-46eb-8f97-a71315c8b1ed,2026-07-24,present,8,Via strauss,UPDATE,2026-07-30 06:45:37.743628+00
bfccd3ae-33ad-49dc-96a8-36f341746294,a83f0aec-4e5c-4467-a9ab-43634b46c1f6,0dd64ca9-1964-46eb-8f97-a71315c8b1ed,2026-07-27,present,8,Via strauss,UPDATE,2026-07-30 06:45:40.81802+00
6f631685-d127-4eae-95cb-5187bac79101,a83f0aec-4e5c-4467-a9ab-43634b46c1f6,0dd64ca9-1964-46eb-8f97-a71315c8b1ed,2026-07-30,present,8,Via strauss,UPDATE,2026-07-30 06:45:50.143854+00
d2c9a1b7-db44-430d-b7d3-c85b67e2047d,a83f0aec-4e5c-4467-a9ab-43634b46c1f6,b667d9a9-f058-4fd7-90bf-62cdef8d5672,2026-07-14,present,8,Via giotto,UPDATE,2026-07-30 06:45:59.643963+00
59e50870-0aa1-4d12-b04a-053fb9c815c3,a83f0aec-4e5c-4467-a9ab-43634b46c1f6,b667d9a9-f058-4fd7-90bf-62cdef8d5672,2026-07-15,present,8,Via giotto,UPDATE,2026-07-30 06:46:01.578473+00
0b7f30b7-cede-411b-83cc-ab6ef6c4879c,a83f0aec-4e5c-4467-a9ab-43634b46c1f6,b667d9a9-f058-4fd7-90bf-62cdef8d5672,2026-07-16,present,8,Via giotto,UPDATE,2026-07-30 06:46:03.432212+00
13f29f3d-efe5-4cf8-871c-3f981bf49b8a,a83f0aec-4e5c-4467-a9ab-43634b46c1f6,b667d9a9-f058-4fd7-90bf-62cdef8d5672,2026-07-17,present,8,Via giotto,UPDATE,2026-07-30 06:46:06.769296+00
8ca16ed8-72af-4a8e-9924-f421f7851865,a83f0aec-4e5c-4467-a9ab-43634b46c1f6,b667d9a9-f058-4fd7-90bf-62cdef8d5672,2026-07-20,present,8,Via giotto,UPDATE,2026-07-30 06:46:09.827422+00
3319438d-c02e-44de-8ee1-954ad0cb7174,a83f0aec-4e5c-4467-a9ab-43634b46c1f6,b667d9a9-f058-4fd7-90bf-62cdef8d5672,2026-07-21,present,8,Via giotto,UPDATE,2026-07-30 06:46:11.526702+00
33ff79dc-eae9-456e-a3f4-7682146aa6e9,a83f0aec-4e5c-4467-a9ab-43634b46c1f6,b667d9a9-f058-4fd7-90bf-62cdef8d5672,2026-07-22,present,8,Via giotto,UPDATE,2026-07-30 06:46:13.318387+00
592362fc-f558-48c9-a133-562c3653f263,a83f0aec-4e5c-4467-a9ab-43634b46c1f6,b667d9a9-f058-4fd7-90bf-62cdef8d5672,2026-07-23,present,8,Via giotto,UPDATE,2026-07-30 06:46:15.296171+00
bcea2066-5699-435b-819a-931567753120,a83f0aec-4e5c-4467-a9ab-43634b46c1f6,b667d9a9-f058-4fd7-90bf-62cdef8d5672,2026-07-24,present,8,Via giotto,UPDATE,2026-07-30 06:46:19.59718+00
76f63075-48e4-4034-b63b-55e7b2cd473d,a83f0aec-4e5c-4467-a9ab-43634b46c1f6,b667d9a9-f058-4fd7-90bf-62cdef8d5672,2026-07-27,present,8,Via giotto,UPDATE,2026-07-30 06:46:21.605729+00
27a60378-e086-4c31-84d4-2481e863d544,a83f0aec-4e5c-4467-a9ab-43634b46c1f6,b667d9a9-f058-4fd7-90bf-62cdef8d5672,2026-07-28,present,8,Via giotto,UPDATE,2026-07-30 06:46:23.548245+00
cd814db8-5a19-4505-b26f-e185b0e0e3ba,a83f0aec-4e5c-4467-a9ab-43634b46c1f6,b667d9a9-f058-4fd7-90bf-62cdef8d5672,2026-07-29,present,8,Via giotto,UPDATE,2026-07-30 06:46:25.415747+00
213cabbd-3e3e-490e-89ab-7cfc0a4ae231,a83f0aec-4e5c-4467-a9ab-43634b46c1f6,b667d9a9-f058-4fd7-90bf-62cdef8d5672,2026-07-30,present,8,Via giotto,UPDATE,2026-07-30 06:46:27.405616+00
7d46622b-11b2-4f84-8a19-3d0f05d8d013,a83f0aec-4e5c-4467-a9ab-43634b46c1f6,b667d9a9-f058-4fd7-90bf-62cdef8d5672,2026-07-31,present,8,Via giotto,UPDATE,2026-07-30 06:46:34.353105+00
21775031-1717-4de3-afd3-e0f7f031aeff,a83f0aec-4e5c-4467-a9ab-43634b46c1f6,07cba65e-e2f7-495c-8b24-2192173054a0,2026-07-14,present,8,Via copernico,UPDATE,2026-07-30 06:46:43.472434+00
05ace25f-6c87-4e30-aab1-07fa9e5b79e9,a83f0aec-4e5c-4467-a9ab-43634b46c1f6,07cba65e-e2f7-495c-8b24-2192173054a0,2026-07-15,present,8,Via copernico,UPDATE,2026-07-30 06:46:45.429211+00
aa5cc533-deb1-46cf-8610-fb2ba4eb4491,a83f0aec-4e5c-4467-a9ab-43634b46c1f6,07cba65e-e2f7-495c-8b24-2192173054a0,2026-07-16,present,8,Via copernico,UPDATE,2026-07-30 06:46:47.247133+00
224e1285-c56b-4b9a-9100-582ed6df083c,a83f0aec-4e5c-4467-a9ab-43634b46c1f6,07cba65e-e2f7-495c-8b24-2192173054a0,2026-07-17,present,8,Via copernico,UPDATE,2026-07-30 06:46:49.2511+00
31712eaf-ea2e-4ba8-9f7d-d11d87826b08,a83f0aec-4e5c-4467-a9ab-43634b46c1f6,07cba65e-e2f7-495c-8b24-2192173054a0,2026-07-20,present,8,Via copernico,UPDATE,2026-07-30 06:46:51.163661+00
ece1e4d5-038d-487d-9b38-735d15e94445,a83f0aec-4e5c-4467-a9ab-43634b46c1f6,07cba65e-e2f7-495c-8b24-2192173054a0,2026-07-21,present,8,Via copernico,UPDATE,2026-07-30 06:46:52.831765+00
1d6bf0b2-c95e-4d2a-b87f-fcfd744f7ab2,a83f0aec-4e5c-4467-a9ab-43634b46c1f6,07cba65e-e2f7-495c-8b24-2192173054a0,2026-07-22,present,8,Via copernico,UPDATE,2026-07-30 06:46:54.799937+00
f1872c86-1561-484b-9f30-df5c6c1817c3,a83f0aec-4e5c-4467-a9ab-43634b46c1f6,07cba65e-e2f7-495c-8b24-2192173054a0,2026-07-23,present,8,Via copernico,UPDATE,2026-07-30 06:46:56.673266+00
9e35ffab-2bbd-4eae-831d-7e21238a6ac5,a83f0aec-4e5c-4467-a9ab-43634b46c1f6,07cba65e-e2f7-495c-8b24-2192173054a0,2026-07-24,present,8,Via copernico,UPDATE,2026-07-30 06:46:59.290402+00
42c110cf-9ef2-4b5e-8731-3419f8d46049,a83f0aec-4e5c-4467-a9ab-43634b46c1f6,07cba65e-e2f7-495c-8b24-2192173054a0,2026-07-27,present,8,Via copernico,UPDATE,2026-07-30 06:47:08.091075+00
6475fc1c-85bc-44c7-a622-8ee3ddf07117,a83f0aec-4e5c-4467-a9ab-43634b46c1f6,07cba65e-e2f7-495c-8b24-2192173054a0,2026-07-28,present,8,Via copernico,UPDATE,2026-07-30 06:47:09.920423+00
30c4bbf5-cad1-4585-ab70-8933bd528093,a83f0aec-4e5c-4467-a9ab-43634b46c1f6,07cba65e-e2f7-495c-8b24-2192173054a0,2026-07-29,present,8,Via copernico,UPDATE,2026-07-30 06:47:11.644832+00
bcdfa684-0d98-4296-b514-66d470f69579,a83f0aec-4e5c-4467-a9ab-43634b46c1f6,07cba65e-e2f7-495c-8b24-2192173054a0,2026-07-30,present,8,Via copernico,UPDATE,2026-07-30 06:47:14.39014+00
9267f879-e7bf-4154-a02c-3e14da3ad440,a83f0aec-4e5c-4467-a9ab-43634b46c1f6,be17adcf-4219-4796-958f-51e2b5e0cf92,2026-07-14,present,8,Via strauss,UPDATE,2026-07-30 06:47:21.950313+00
918770fd-049a-4cca-8f82-88a724d50117,a83f0aec-4e5c-4467-a9ab-43634b46c1f6,be17adcf-4219-4796-958f-51e2b5e0cf92,2026-07-15,present,8,Via strauss,UPDATE,2026-07-30 06:47:23.766765+00
1c847ebd-876d-4084-95ca-d898a5641e0d,a83f0aec-4e5c-4467-a9ab-43634b46c1f6,be17adcf-4219-4796-958f-51e2b5e0cf92,2026-07-16,present,8,Via strauss,UPDATE,2026-07-30 06:47:26.204919+00
1c7d4780-a7e0-40cb-85ad-379b7cec922c,a83f0aec-4e5c-4467-a9ab-43634b46c1f6,be17adcf-4219-4796-958f-51e2b5e0cf92,2026-07-17,present,8,Via strauss,UPDATE,2026-07-30 06:47:29.869199+00
3ab30c18-ee2b-4ac3-81af-312370ff1806,a83f0aec-4e5c-4467-a9ab-43634b46c1f6,be17adcf-4219-4796-958f-51e2b5e0cf92,2026-07-20,present,8,Via strauss,UPDATE,2026-07-30 06:47:34.564221+00
3f7e6157-a130-4536-a6b4-44bf781f7f0e,a83f0aec-4e5c-4467-a9ab-43634b46c1f6,be17adcf-4219-4796-958f-51e2b5e0cf92,2026-07-21,present,8,Via strauss,UPDATE,2026-07-30 06:47:36.611968+00
9d12dbb2-5d66-421b-88f8-11e9945bb314,a83f0aec-4e5c-4467-a9ab-43634b46c1f6,be17adcf-4219-4796-958f-51e2b5e0cf92,2026-07-22,present,8,Via strauss,UPDATE,2026-07-30 06:47:38.524927+00
988628da-741f-4c49-8144-24cf5a1726be,a83f0aec-4e5c-4467-a9ab-43634b46c1f6,be17adcf-4219-4796-958f-51e2b5e0cf92,2026-07-23,present,8,Via strauss,UPDATE,2026-07-30 06:47:40.503412+00
86d40550-bb77-4a96-9e9d-a33717ba5527,a83f0aec-4e5c-4467-a9ab-43634b46c1f6,be17adcf-4219-4796-958f-51e2b5e0cf92,2026-07-24,present,8,Via strauss,UPDATE,2026-07-30 06:47:42.48737+00
f29eecb0-f9e0-4b23-ac81-9198651ed239,a83f0aec-4e5c-4467-a9ab-43634b46c1f6,be17adcf-4219-4796-958f-51e2b5e0cf92,2026-07-27,present,8,Via strauss,UPDATE,2026-07-30 06:47:44.678608+00
1d2a41e9-7fdc-4cc8-a04a-3549b85ab2e6,a83f0aec-4e5c-4467-a9ab-43634b46c1f6,be17adcf-4219-4796-958f-51e2b5e0cf92,2026-07-28,present,8,Via strauss,UPDATE,2026-07-30 06:47:46.393468+00
5dfe3f47-21f0-4a81-a76d-9edf2a16cc23,a83f0aec-4e5c-4467-a9ab-43634b46c1f6,be17adcf-4219-4796-958f-51e2b5e0cf92,2026-07-29,present,8,Via strauss,UPDATE,2026-07-30 06:47:48.219731+00
97fb8e24-8d07-4787-b7c7-74ba2fc19d28,a83f0aec-4e5c-4467-a9ab-43634b46c1f6,be17adcf-4219-4796-958f-51e2b5e0cf92,2026-07-30,present,8,Via strauss,UPDATE,2026-07-30 06:47:50.950072+00
f91703e7-18ef-456f-806b-56e6d185ac6c,a83f0aec-4e5c-4467-a9ab-43634b46c1f6,42b77da1-31e4-4197-88a5-2679c57fac56,2026-07-14,present,8,Via copernico,UPDATE,2026-07-30 06:47:58.091669+00
91e49742-ff4a-45fe-89e8-3605b01055c8,a83f0aec-4e5c-4467-a9ab-43634b46c1f6,42b77da1-31e4-4197-88a5-2679c57fac56,2026-07-15,present,8,Via copernico,UPDATE,2026-07-30 06:47:59.731487+00
d83eb206-12cd-4245-b74b-59e64eeb31de,a83f0aec-4e5c-4467-a9ab-43634b46c1f6,42b77da1-31e4-4197-88a5-2679c57fac56,2026-07-16,present,8,Via copernico,UPDATE,2026-07-30 06:48:01.598409+00
4e69aab3-849d-4fe7-978b-e406de79686e,a83f0aec-4e5c-4467-a9ab-43634b46c1f6,42b77da1-31e4-4197-88a5-2679c57fac56,2026-07-17,present,8,Via copernico,UPDATE,2026-07-30 06:48:08.516916+00
5590ef72-79b4-4785-86c5-a937c1395739,a83f0aec-4e5c-4467-a9ab-43634b46c1f6,42b77da1-31e4-4197-88a5-2679c57fac56,2026-07-20,present,8,Via copernico,UPDATE,2026-07-30 06:48:11.032015+00
beeac21c-ba5f-4093-9868-42ee6914c21f,a83f0aec-4e5c-4467-a9ab-43634b46c1f6,42b77da1-31e4-4197-88a5-2679c57fac56,2026-07-21,present,8,Via copernico,UPDATE,2026-07-30 06:48:13.627193+00
2a318fa2-b71f-470a-bfe8-701e51581027,a83f0aec-4e5c-4467-a9ab-43634b46c1f6,42b77da1-31e4-4197-88a5-2679c57fac56,2026-07-22,present,8,Via copernico,UPDATE,2026-07-30 06:48:16.166848+00
7dbe5d31-0101-4ec6-b14f-6da8607ac8cb,a83f0aec-4e5c-4467-a9ab-43634b46c1f6,55c515b0-f4e2-4b80-8d6f-e2755cb31866,2026-07-29,present,8,piazza san cosimo,UPDATE,2026-07-30 09:31:08.977235+00
847a540b-1fdd-424f-a9d9-98331ab62062,a83f0aec-4e5c-4467-a9ab-43634b46c1f6,42b77da1-31e4-4197-88a5-2679c57fac56,2026-07-23,present,8,Via copernico,UPDATE,2026-07-30 06:48:20.415231+00
a038b841-9b48-4010-8e67-3a27f811954c,a83f0aec-4e5c-4467-a9ab-43634b46c1f6,42b77da1-31e4-4197-88a5-2679c57fac56,2026-08-05,present,8,Via bosco cappuccio,UPDATE,2026-08-05 10:54:40.043559+00
49753ca8-fbbb-4c5d-afb5-c2b2ed11af28,a83f0aec-4e5c-4467-a9ab-43634b46c1f6,42b77da1-31e4-4197-88a5-2679c57fac56,2026-07-24,present,8,Via copernico,UPDATE,2026-07-30 06:48:23.270104+00
3707bcb3-ab5f-4a47-aa76-586607e198f5,a83f0aec-4e5c-4467-a9ab-43634b46c1f6,42b77da1-31e4-4197-88a5-2679c57fac56,2026-07-27,present,8,Via copernico,UPDATE,2026-07-30 06:48:25.429571+00
c97c6bb4-4237-4e4f-83e8-09fc59597376,a83f0aec-4e5c-4467-a9ab-43634b46c1f6,42b77da1-31e4-4197-88a5-2679c57fac56,2026-07-28,present,8,Via copernico,UPDATE,2026-07-30 06:48:37.138554+00
54e76d67-f0da-402e-915c-70b50bec1823,a83f0aec-4e5c-4467-a9ab-43634b46c1f6,42b77da1-31e4-4197-88a5-2679c57fac56,2026-07-29,present,8,Via copernico,UPDATE,2026-07-30 06:48:40.443262+00
34c2c788-7a0e-4632-bce8-d3ccfc61cd5d,a83f0aec-4e5c-4467-a9ab-43634b46c1f6,42b77da1-31e4-4197-88a5-2679c57fac56,2026-07-30,present,8,Via copernico,UPDATE,2026-07-30 06:48:44.662472+00
e7f55bf3-ce29-4736-803f-70e8c9b5bd81,a83f0aec-4e5c-4467-a9ab-43634b46c1f6,2197b6fd-9cb2-4d34-8118-cf9f11b573d7,2026-07-15,present,8,via ingurtosu,UPDATE,2026-07-30 09:16:36.07466+00
b6c00507-772d-4ce2-a74d-8639c875890b,a83f0aec-4e5c-4467-a9ab-43634b46c1f6,2197b6fd-9cb2-4d34-8118-cf9f11b573d7,2026-07-14,present,8,via ingurtosu,UPDATE,2026-07-30 09:16:39.178518+00
380bc6d6-83a4-4a5b-9457-ff8db227eade,a83f0aec-4e5c-4467-a9ab-43634b46c1f6,2197b6fd-9cb2-4d34-8118-cf9f11b573d7,2026-07-16,present,8,via ingurtosu,UPDATE,2026-07-30 09:16:43.661408+00
189e578b-6599-41a2-b393-3579786a6e48,a83f0aec-4e5c-4467-a9ab-43634b46c1f6,2197b6fd-9cb2-4d34-8118-cf9f11b573d7,2026-07-20,present,8,via ingurtosu,UPDATE,2026-07-30 09:16:50.291537+00
b4d75fab-058e-488d-a76b-c9d0bacd513c,a83f0aec-4e5c-4467-a9ab-43634b46c1f6,2197b6fd-9cb2-4d34-8118-cf9f11b573d7,2026-07-22,present,8,via ingurtosu,UPDATE,2026-07-30 09:16:54.427327+00
e6ba3128-de19-40cc-91e8-fb97bfee5f46,a83f0aec-4e5c-4467-a9ab-43634b46c1f6,2197b6fd-9cb2-4d34-8118-cf9f11b573d7,2026-07-24,present,8,via ingurtosu,UPDATE,2026-07-30 09:17:00.862267+00
0c8425b7-2319-43cf-853c-4a5cafc135bc,a83f0aec-4e5c-4467-a9ab-43634b46c1f6,2197b6fd-9cb2-4d34-8118-cf9f11b573d7,2026-07-28,present,8,via ingurtosu,UPDATE,2026-07-30 09:17:05.613762+00
b75236d8-48c7-49bc-931d-4716ce3bc824,a83f0aec-4e5c-4467-a9ab-43634b46c1f6,2197b6fd-9cb2-4d34-8118-cf9f11b573d7,2026-07-30,present,8,via ingurtosu,UPDATE,2026-07-30 09:17:15.645415+00
3122ecf4-53a5-4f4c-885c-f4a4b7b4525b,a83f0aec-4e5c-4467-a9ab-43634b46c1f6,ed36110d-a2cf-4a88-91c7-0d23f758cd4c,2026-07-15,present,8,"",INSERT,2026-07-30 09:17:31.640022+00
53677fb1-9b7e-45cf-a1e7-3969d4660283,a83f0aec-4e5c-4467-a9ab-43634b46c1f6,ed36110d-a2cf-4a88-91c7-0d23f758cd4c,2026-07-17,present,8,"",INSERT,2026-07-30 09:17:34.353603+00
37fd9d7b-65f8-4838-821a-665d222c4b27,a83f0aec-4e5c-4467-a9ab-43634b46c1f6,ed36110d-a2cf-4a88-91c7-0d23f758cd4c,2026-07-21,present,8,via ingurtosu,UPDATE,2026-07-30 09:17:58.340221+00
e552f4d5-def7-46a4-9e69-da373f6eae1e,a83f0aec-4e5c-4467-a9ab-43634b46c1f6,ed36110d-a2cf-4a88-91c7-0d23f758cd4c,2026-07-23,present,8,via ingurtosu,UPDATE,2026-07-30 09:18:01.026009+00
d28b7b7f-2815-40ad-94ba-54cbd80de123,a83f0aec-4e5c-4467-a9ab-43634b46c1f6,ed36110d-a2cf-4a88-91c7-0d23f758cd4c,2026-07-27,present,8,via ingurtosu,UPDATE,2026-07-30 09:18:06.116615+00
7cd98232-5161-4c24-8c69-b95b8940bba0,a83f0aec-4e5c-4467-a9ab-43634b46c1f6,ed36110d-a2cf-4a88-91c7-0d23f758cd4c,2026-07-29,present,8,via ingurtosu,UPDATE,2026-07-30 09:18:12.870845+00
08600878-f6c7-4ac7-b002-563398575b57,a83f0aec-4e5c-4467-a9ab-43634b46c1f6,9fc12cbc-5f92-485a-84d9-a7f2413e2cfb,2026-07-29,present,8,via bosco capuccio,UPDATE,2026-07-30 09:19:54.651857+00
e50fc2da-22bc-41ed-8c33-3d356b4bafee,a83f0aec-4e5c-4467-a9ab-43634b46c1f6,9fc12cbc-5f92-485a-84d9-a7f2413e2cfb,2026-07-30,present,8,via bosco capuccio,UPDATE,2026-07-30 09:20:04.383716+00
5f868326-a2b4-40ab-8c69-656e3926ab75,a83f0aec-4e5c-4467-a9ab-43634b46c1f6,a1126a85-fd22-4cb7-af46-19697bfc7079,2026-07-14,present,8,via ingurtosu,UPDATE,2026-07-30 09:20:22.541329+00
b94d4ae7-ee24-4f7d-8ae0-36341a8a25f8,a83f0aec-4e5c-4467-a9ab-43634b46c1f6,a1126a85-fd22-4cb7-af46-19697bfc7079,2026-07-15,present,8,via ingurtosu,UPDATE,2026-07-30 09:20:26.012552+00
42df2b84-c892-4b02-ac32-3950f0027727,a83f0aec-4e5c-4467-a9ab-43634b46c1f6,a1126a85-fd22-4cb7-af46-19697bfc7079,2026-07-16,present,8,via ingurtosu,UPDATE,2026-07-30 09:20:28.900149+00
6772b659-f6d2-4c5b-a98c-20174934a3d4,a83f0aec-4e5c-4467-a9ab-43634b46c1f6,a1126a85-fd22-4cb7-af46-19697bfc7079,2026-07-17,present,8,via ingurtosu,UPDATE,2026-07-30 09:20:34.029291+00
c1f177cb-270a-47f7-b3e9-a35f8303841b,a83f0aec-4e5c-4467-a9ab-43634b46c1f6,a1126a85-fd22-4cb7-af46-19697bfc7079,2026-07-20,present,8,via ingurtosu,UPDATE,2026-07-30 09:20:37.512737+00
13043105-412b-4cbe-81b6-47e101cf3eb8,a83f0aec-4e5c-4467-a9ab-43634b46c1f6,a1126a85-fd22-4cb7-af46-19697bfc7079,2026-07-21,present,8,via ingurtosu,UPDATE,2026-07-30 09:20:42.632571+00
06c7bb2c-6e51-4313-97fe-d5386ce37d3a,a83f0aec-4e5c-4467-a9ab-43634b46c1f6,a1126a85-fd22-4cb7-af46-19697bfc7079,2026-07-22,present,8,via ingurtosu,UPDATE,2026-07-30 09:20:45.556256+00
65ebeb41-e35a-48f2-a6a9-a966555f0bb8,a83f0aec-4e5c-4467-a9ab-43634b46c1f6,a1126a85-fd22-4cb7-af46-19697bfc7079,2026-07-23,present,8,via ingurtosu,UPDATE,2026-07-30 09:20:51.447111+00
1c169795-db1a-4a11-8ada-8a8131f93f46,a83f0aec-4e5c-4467-a9ab-43634b46c1f6,a1126a85-fd22-4cb7-af46-19697bfc7079,2026-07-24,present,8,via ingurtosu,UPDATE,2026-07-30 09:20:55.169127+00
f71c31dd-8c8d-4985-934f-658a9164956f,a83f0aec-4e5c-4467-a9ab-43634b46c1f6,a1126a85-fd22-4cb7-af46-19697bfc7079,2026-07-27,present,8,via ingurtosu,UPDATE,2026-07-30 09:20:58.924358+00
70a3957e-740e-4d6d-9072-d1b3c0cbf324,a83f0aec-4e5c-4467-a9ab-43634b46c1f6,a1126a85-fd22-4cb7-af46-19697bfc7079,2026-07-28,present,8,via ingurtosu,UPDATE,2026-07-30 09:21:02.783608+00
4e42ef5a-a03a-42c7-a19e-829b8f79db1d,a83f0aec-4e5c-4467-a9ab-43634b46c1f6,a1126a85-fd22-4cb7-af46-19697bfc7079,2026-07-29,present,8,via ingurtosu,UPDATE,2026-07-30 09:21:06.107026+00
c4b10e5b-9dee-412d-866f-a982f8f19fd9,a83f0aec-4e5c-4467-a9ab-43634b46c1f6,a1126a85-fd22-4cb7-af46-19697bfc7079,2026-07-30,present,8,via ingurtosu,UPDATE,2026-07-30 09:21:14.58163+00
90056033-451a-413f-b404-0973f23db4de,a83f0aec-4e5c-4467-a9ab-43634b46c1f6,33872abe-802f-47d0-8614-f4d206fff08f,2026-07-20,present,8,via mandrolisai,UPDATE,2026-07-30 09:22:12.029215+00
618df29a-6b04-4d27-bc24-5cb71dd0d215,a83f0aec-4e5c-4467-a9ab-43634b46c1f6,33872abe-802f-47d0-8614-f4d206fff08f,2026-07-21,present,8,via mandrolisai,UPDATE,2026-07-30 09:22:20.849493+00
2f56683c-7e8b-4cc8-9395-59efaff3f33f,a83f0aec-4e5c-4467-a9ab-43634b46c1f6,33872abe-802f-47d0-8614-f4d206fff08f,2026-07-22,present,8,via mandrolisai,UPDATE,2026-07-30 09:22:23.432356+00
0d6cd1c3-36b5-4735-a869-01fcf1062ebd,a83f0aec-4e5c-4467-a9ab-43634b46c1f6,33872abe-802f-47d0-8614-f4d206fff08f,2026-07-23,present,8,via mandrolisai,UPDATE,2026-07-30 09:22:34.44668+00
44c05dfd-f0e0-4d3c-8823-7b7ef6fe9312,a83f0aec-4e5c-4467-a9ab-43634b46c1f6,33872abe-802f-47d0-8614-f4d206fff08f,2026-07-24,present,8,via mandrolisai,UPDATE,2026-07-30 09:22:38.08033+00
5160c079-75d6-4b2e-84a2-880d7259ec2a,a83f0aec-4e5c-4467-a9ab-43634b46c1f6,33872abe-802f-47d0-8614-f4d206fff08f,2026-07-27,present,8,via mandrolisai,UPDATE,2026-07-30 09:22:42.329319+00
96014653-2823-45c3-ad97-ff824a9e5ac6,a83f0aec-4e5c-4467-a9ab-43634b46c1f6,33872abe-802f-47d0-8614-f4d206fff08f,2026-07-28,present,8,via mandrolisai,UPDATE,2026-07-30 09:22:45.537547+00
33c117e3-390c-4a6b-9bdd-a3cc1489a5d4,a83f0aec-4e5c-4467-a9ab-43634b46c1f6,33872abe-802f-47d0-8614-f4d206fff08f,2026-07-29,present,8,via mandrolisai,UPDATE,2026-07-30 09:22:48.723479+00
5e8021e1-dd01-49c6-8c2d-76ea66ebe744,a83f0aec-4e5c-4467-a9ab-43634b46c1f6,33872abe-802f-47d0-8614-f4d206fff08f,2026-07-30,present,8,via mandrolisai,UPDATE,2026-07-30 09:22:57.512125+00
cd1a56c3-34dc-4590-8362-6cd5e9b4373a,a83f0aec-4e5c-4467-a9ab-43634b46c1f6,bd23f301-51a8-4e05-a640-c66306e27ef6,2026-07-15,present,8,via mestre ,UPDATE,2026-07-30 09:23:24.994238+00
4cce8f65-9976-4ffc-9e3e-42401f8aa042,a83f0aec-4e5c-4467-a9ab-43634b46c1f6,bd23f301-51a8-4e05-a640-c66306e27ef6,2026-07-16,present,8,via mestre,UPDATE,2026-07-30 09:23:27.868821+00
2674db6d-e463-452b-8590-5268a4c7964a,a83f0aec-4e5c-4467-a9ab-43634b46c1f6,bd23f301-51a8-4e05-a640-c66306e27ef6,2026-07-17,present,8,via mestre,UPDATE,2026-07-30 09:23:31.878269+00
30560518-a08e-4801-a57f-895ba5bedbe4,a83f0aec-4e5c-4467-a9ab-43634b46c1f6,bd23f301-51a8-4e05-a640-c66306e27ef6,2026-07-20,present,8,via mestre,UPDATE,2026-07-30 09:23:34.837871+00
e32f7685-beb0-4ff1-8a5e-918b788b5bcc,a83f0aec-4e5c-4467-a9ab-43634b46c1f6,bd23f301-51a8-4e05-a640-c66306e27ef6,2026-07-21,present,8,via mestre,UPDATE,2026-07-30 09:23:37.679297+00
9db06d41-bec7-4c02-9901-adb33b59e98c,a83f0aec-4e5c-4467-a9ab-43634b46c1f6,bd23f301-51a8-4e05-a640-c66306e27ef6,2026-07-22,present,8,via mestre,UPDATE,2026-07-30 09:23:40.263054+00
db64e367-0aad-43f1-a7b5-1084355c1555,a83f0aec-4e5c-4467-a9ab-43634b46c1f6,bd23f301-51a8-4e05-a640-c66306e27ef6,2026-07-23,present,8,via mestre,UPDATE,2026-07-30 09:23:44.894174+00
8ecad117-179b-44f8-b0a2-c492c5db28f3,a83f0aec-4e5c-4467-a9ab-43634b46c1f6,bd23f301-51a8-4e05-a640-c66306e27ef6,2026-07-24,present,8,via mestre,UPDATE,2026-07-30 09:23:47.426174+00
15d93f35-ddaa-4ba7-98f1-e48822493c72,a83f0aec-4e5c-4467-a9ab-43634b46c1f6,bd23f301-51a8-4e05-a640-c66306e27ef6,2026-07-27,present,8,via mestre,UPDATE,2026-07-30 09:23:50.958921+00
40e9bf07-1a86-4753-955d-b3afdc568308,a83f0aec-4e5c-4467-a9ab-43634b46c1f6,bd23f301-51a8-4e05-a640-c66306e27ef6,2026-07-28,present,8,via mestre,UPDATE,2026-07-30 09:23:58.204717+00
3da87d7f-1a76-4423-9e06-b36f5687da2d,a83f0aec-4e5c-4467-a9ab-43634b46c1f6,f029e10a-9baf-4528-b950-2e10fb4d13ce,2026-07-16,present,8,via mestre,UPDATE,2026-07-30 09:25:50.134378+00
afdcd047-162f-4011-8a66-ec8da51d9815,a83f0aec-4e5c-4467-a9ab-43634b46c1f6,f029e10a-9baf-4528-b950-2e10fb4d13ce,2026-07-17,present,8,via mestre,UPDATE,2026-07-30 09:25:54.266509+00
310021ef-16be-4aa3-b8fd-3db7a6f5cd95,a83f0aec-4e5c-4467-a9ab-43634b46c1f6,f029e10a-9baf-4528-b950-2e10fb4d13ce,2026-07-20,present,8,via mestre,UPDATE,2026-07-30 09:25:57.378071+00
d83a5165-4b49-4d69-ae5f-d4d50ae928b9,a83f0aec-4e5c-4467-a9ab-43634b46c1f6,f029e10a-9baf-4528-b950-2e10fb4d13ce,2026-07-21,present,8,via mestre,UPDATE,2026-07-30 09:26:00.644404+00
4c64c895-7b0a-45b8-ac9d-b1a1ac7a8160,a83f0aec-4e5c-4467-a9ab-43634b46c1f6,f029e10a-9baf-4528-b950-2e10fb4d13ce,2026-07-22,present,8,via mestre,UPDATE,2026-07-30 09:26:04.045047+00
205490f0-c750-42fd-8ff9-ef82dbe1691c,a83f0aec-4e5c-4467-a9ab-43634b46c1f6,55c515b0-f4e2-4b80-8d6f-e2755cb31866,2026-07-27,present,8,piazza san cosimo,UPDATE,2026-07-30 09:30:55.505608+00
9cf7c155-e43b-4773-b406-160b5c7c3aed,a83f0aec-4e5c-4467-a9ab-43634b46c1f6,a78a69df-18f8-45b2-866f-214377a09e87,2026-07-21,present,8,via mandrolisai,UPDATE,2026-07-30 09:27:09.535376+00
3f611d7d-ea10-457e-8535-a6a861bed342,a83f0aec-4e5c-4467-a9ab-43634b46c1f6,a78a69df-18f8-45b2-866f-214377a09e87,2026-07-22,present,8,via mandrolisai,UPDATE,2026-07-30 09:27:14.190799+00
ac03e023-1c20-4d8a-83f9-6358a4811699,a83f0aec-4e5c-4467-a9ab-43634b46c1f6,55c515b0-f4e2-4b80-8d6f-e2755cb31866,2026-07-30,present,8,piazza san cosimo,UPDATE,2026-07-30 09:31:17.164853+00
2b456631-e124-4cae-8a46-0505d8eae26c,a83f0aec-4e5c-4467-a9ab-43634b46c1f6,a78a69df-18f8-45b2-866f-214377a09e87,2026-07-23,present,8,via mandrolisai,UPDATE,2026-07-30 09:27:17.75042+00
d12dbe4c-e125-46ab-9de5-2eb696c5e737,a83f0aec-4e5c-4467-a9ab-43634b46c1f6,a78a69df-18f8-45b2-866f-214377a09e87,2026-07-24,present,8,via mandrolisai,UPDATE,2026-07-30 09:27:20.927992+00
418b6005-e042-42a8-b4d8-184a0968f12b,a83f0aec-4e5c-4467-a9ab-43634b46c1f6,845c647c-e807-4025-b13a-608280392d8d,2026-07-14,present,8,via mandrolisai,UPDATE,2026-07-30 09:31:40.457411+00
1ee5c9fd-1593-4dd8-9429-a54568d7e22e,a83f0aec-4e5c-4467-a9ab-43634b46c1f6,a78a69df-18f8-45b2-866f-214377a09e87,2026-07-27,present,8,via mandrolisai,UPDATE,2026-07-30 09:27:23.698483+00
4609b4dc-a58b-467d-ab82-7138d4f87f33,a83f0aec-4e5c-4467-a9ab-43634b46c1f6,a78a69df-18f8-45b2-866f-214377a09e87,2026-07-28,present,8,via mandrolisai,UPDATE,2026-07-30 09:27:27.00377+00
8f227a61-320a-4a1f-9008-fee09b20211e,a83f0aec-4e5c-4467-a9ab-43634b46c1f6,845c647c-e807-4025-b13a-608280392d8d,2026-07-15,present,8,via mandrolisai,UPDATE,2026-07-30 09:31:43.501766+00
4b95a6a8-232a-477c-a44b-7580358351a9,a83f0aec-4e5c-4467-a9ab-43634b46c1f6,a78a69df-18f8-45b2-866f-214377a09e87,2026-07-29,present,8,via mandrolisai,UPDATE,2026-07-30 09:27:35.970235+00
f3408f69-d2be-47b6-8fc3-82ac4d5a11a3,a83f0aec-4e5c-4467-a9ab-43634b46c1f6,a78a69df-18f8-45b2-866f-214377a09e87,2026-07-30,present,8,via mandrolisai,UPDATE,2026-07-30 09:27:50.433709+00
3764b2a7-16a0-4ead-a26e-792a47b062db,a83f0aec-4e5c-4467-a9ab-43634b46c1f6,845c647c-e807-4025-b13a-608280392d8d,2026-07-16,present,8,via mandrolisai,UPDATE,2026-07-30 09:31:47.299158+00
208bf19e-f327-4767-8b4c-b927f00395a4,a83f0aec-4e5c-4467-a9ab-43634b46c1f6,e29ef4e3-a2cd-4328-8cd5-5d17785f1a83,2026-07-14,present,8,via mandrolisai,UPDATE,2026-07-30 09:28:07.833734+00
8df9907b-f0b8-4226-b1da-9b770c930f9c,a83f0aec-4e5c-4467-a9ab-43634b46c1f6,845c647c-e807-4025-b13a-608280392d8d,2026-07-20,present,8,via mandrolisai,UPDATE,2026-07-30 09:31:53.303986+00
8f6d9ed9-6443-4add-8fb7-bda03511ac7b,a83f0aec-4e5c-4467-a9ab-43634b46c1f6,e29ef4e3-a2cd-4328-8cd5-5d17785f1a83,2026-07-15,present,8,via mandrolisai,UPDATE,2026-07-30 09:28:10.620401+00
b9c8e4be-dbf4-40c3-8e89-eb1a43845df3,a83f0aec-4e5c-4467-a9ab-43634b46c1f6,845c647c-e807-4025-b13a-608280392d8d,2026-07-31,holiday,0,"",INSERT,2026-07-30 09:32:35.107907+00
1150b063-2793-4366-9ba7-140fd46ff015,a83f0aec-4e5c-4467-a9ab-43634b46c1f6,e29ef4e3-a2cd-4328-8cd5-5d17785f1a83,2026-07-16,present,8,via mandrolisai,UPDATE,2026-07-30 09:28:15.486213+00
62d862ab-ed0c-49ba-9c9b-8b577530eb63,a83f0aec-4e5c-4467-a9ab-43634b46c1f6,e29ef4e3-a2cd-4328-8cd5-5d17785f1a83,2026-07-17,present,8,via mandrolisai,UPDATE,2026-07-30 09:28:20.028537+00
7e92044e-bafb-4b7d-8c3e-07f916dd1fab,a83f0aec-4e5c-4467-a9ab-43634b46c1f6,bb7725da-b5fc-4433-afd7-bad5e5179acb,2026-07-20,present,8,via mandrolisai,UPDATE,2026-07-30 09:32:59.334813+00
08850d0a-a664-4a03-91c5-f0df5d99e73c,a83f0aec-4e5c-4467-a9ab-43634b46c1f6,e29ef4e3-a2cd-4328-8cd5-5d17785f1a83,2026-07-20,present,8,via mandrolisai,UPDATE,2026-07-30 09:28:23.912145+00
9897bcba-a2cc-4817-b183-3b399aa7a10c,a83f0aec-4e5c-4467-a9ab-43634b46c1f6,e29ef4e3-a2cd-4328-8cd5-5d17785f1a83,2026-07-21,present,8,via mandrolisai,UPDATE,2026-07-30 09:28:26.385447+00
187befc7-6da3-4d3e-82f5-c4bd13113b2c,a83f0aec-4e5c-4467-a9ab-43634b46c1f6,bb7725da-b5fc-4433-afd7-bad5e5179acb,2026-07-21,present,8,via mandrolisai,UPDATE,2026-07-30 09:33:06.180536+00
4a962f03-b7a7-4a41-83bd-bd1e63bcb575,a83f0aec-4e5c-4467-a9ab-43634b46c1f6,e29ef4e3-a2cd-4328-8cd5-5d17785f1a83,2026-07-22,present,8,via mandrolisai,UPDATE,2026-07-30 09:28:29.707766+00
e5bab172-3398-4c4f-bcd0-679b3f8dfc69,a83f0aec-4e5c-4467-a9ab-43634b46c1f6,e29ef4e3-a2cd-4328-8cd5-5d17785f1a83,2026-07-23,present,8,via mandrolisai,UPDATE,2026-07-30 09:28:33.621316+00
40ba54c0-a1bb-4cef-be4f-c54bf9c5f23c,a83f0aec-4e5c-4467-a9ab-43634b46c1f6,bb7725da-b5fc-4433-afd7-bad5e5179acb,2026-07-22,present,8,via mandrolisai,UPDATE,2026-07-30 09:33:10.34287+00
6aa0924e-5732-4cf9-a746-cb5d37718b4f,a83f0aec-4e5c-4467-a9ab-43634b46c1f6,e29ef4e3-a2cd-4328-8cd5-5d17785f1a83,2026-07-24,present,8,via mandrolisai,UPDATE,2026-07-30 09:28:38.370802+00
4d080747-fe4c-4f5f-81db-efbe8e0c8ad7,a83f0aec-4e5c-4467-a9ab-43634b46c1f6,e29ef4e3-a2cd-4328-8cd5-5d17785f1a83,2026-07-27,present,8,via mandrolisai,UPDATE,2026-07-30 09:28:41.483893+00
7b9d4427-d05b-4470-ad6c-79723dd88a57,a83f0aec-4e5c-4467-a9ab-43634b46c1f6,bb7725da-b5fc-4433-afd7-bad5e5179acb,2026-07-23,present,8,via mandrolisai,UPDATE,2026-07-30 09:33:14.211602+00
fe5aba76-b6c6-4dca-b845-8ccc06ae35c9,a83f0aec-4e5c-4467-a9ab-43634b46c1f6,e29ef4e3-a2cd-4328-8cd5-5d17785f1a83,2026-07-28,present,8,via mandrolisai,UPDATE,2026-07-30 09:28:43.815628+00
bfa03234-4d06-48e3-b3b1-951f8b21a6ac,a83f0aec-4e5c-4467-a9ab-43634b46c1f6,e29ef4e3-a2cd-4328-8cd5-5d17785f1a83,2026-07-29,present,8,via mandrolisai,UPDATE,2026-07-30 09:28:46.422723+00
06e4c7ab-7f53-455f-8d6f-9effb22d68d8,a83f0aec-4e5c-4467-a9ab-43634b46c1f6,bb7725da-b5fc-4433-afd7-bad5e5179acb,2026-07-24,present,8,via mandrolisai,UPDATE,2026-07-30 09:33:18.707119+00
56dcc836-61d7-4e63-8a29-543a5ff60b27,a83f0aec-4e5c-4467-a9ab-43634b46c1f6,e29ef4e3-a2cd-4328-8cd5-5d17785f1a83,2026-07-30,present,8,via mandrolisai,UPDATE,2026-07-30 09:28:51.903753+00
aeed5041-39e6-407c-a2d4-8cb64d57831c,a83f0aec-4e5c-4467-a9ab-43634b46c1f6,b8da2a0d-01f4-40e4-823f-d0e64c0d5a85,2026-07-14,present,8,piazza san cosimo,UPDATE,2026-07-30 09:29:08.674747+00
ab166dff-386c-4628-b351-213c42b1ef20,a83f0aec-4e5c-4467-a9ab-43634b46c1f6,bb7725da-b5fc-4433-afd7-bad5e5179acb,2026-07-27,present,8,via mandrolisai,UPDATE,2026-07-30 09:33:21.971689+00
47aa85b7-fe8c-48ca-814b-09dee45db1b4,a83f0aec-4e5c-4467-a9ab-43634b46c1f6,b8da2a0d-01f4-40e4-823f-d0e64c0d5a85,2026-07-15,present,8,piazza san cosimo,UPDATE,2026-07-30 09:29:11.760819+00
e6fe83df-e5a8-4045-ab97-840f27ebd0c9,a83f0aec-4e5c-4467-a9ab-43634b46c1f6,b8da2a0d-01f4-40e4-823f-d0e64c0d5a85,2026-07-16,present,8,piazza san cosimo,UPDATE,2026-07-30 09:29:15.663745+00
b2e07be2-b0e5-4aca-bf1e-3aafe21c1300,a83f0aec-4e5c-4467-a9ab-43634b46c1f6,bb7725da-b5fc-4433-afd7-bad5e5179acb,2026-07-28,present,8,via mandrolisai,UPDATE,2026-07-30 09:33:25.881005+00
462c73cf-e13f-4ad4-a9cc-346954583ce1,a83f0aec-4e5c-4467-a9ab-43634b46c1f6,b8da2a0d-01f4-40e4-823f-d0e64c0d5a85,2026-07-17,present,8,piazza san cosimo,UPDATE,2026-07-30 09:29:19.287362+00
c6c38ae2-975b-4ada-a131-7a8c33d9ac9d,a83f0aec-4e5c-4467-a9ab-43634b46c1f6,b8da2a0d-01f4-40e4-823f-d0e64c0d5a85,2026-07-20,present,8,piazza san cosimo,UPDATE,2026-07-30 09:29:23.579243+00
8cc1e46d-15a6-45a6-b7ea-bbd76c8d57f7,a83f0aec-4e5c-4467-a9ab-43634b46c1f6,b8da2a0d-01f4-40e4-823f-d0e64c0d5a85,2026-07-21,present,8,piazza san cosimo,UPDATE,2026-07-30 09:29:26.115059+00
58ff86ba-148c-4a49-8195-a91cf9dcb49e,a83f0aec-4e5c-4467-a9ab-43634b46c1f6,b8da2a0d-01f4-40e4-823f-d0e64c0d5a85,2026-07-22,present,8,piazza san cosimo,UPDATE,2026-07-30 09:29:28.71637+00
c239a271-165a-4086-ae32-a625520923b9,a83f0aec-4e5c-4467-a9ab-43634b46c1f6,b8da2a0d-01f4-40e4-823f-d0e64c0d5a85,2026-07-23,present,8,piazza san cosimo,UPDATE,2026-07-30 09:29:31.93873+00
f9db6acd-dd99-4555-9569-880a80ea9eef,a83f0aec-4e5c-4467-a9ab-43634b46c1f6,b8da2a0d-01f4-40e4-823f-d0e64c0d5a85,2026-07-24,present,8,piazza san cosimo,UPDATE,2026-07-30 09:29:37.28431+00
949e7024-9da2-4dc9-ab01-304b98a4bfaf,a83f0aec-4e5c-4467-a9ab-43634b46c1f6,b8da2a0d-01f4-40e4-823f-d0e64c0d5a85,2026-07-27,present,8,piazza san cosimo,UPDATE,2026-07-30 09:29:41.355473+00
c8e4e4ec-2a7a-464a-9bad-7b68e66405a8,a83f0aec-4e5c-4467-a9ab-43634b46c1f6,b8da2a0d-01f4-40e4-823f-d0e64c0d5a85,2026-07-28,present,8,piazza san cosimo,UPDATE,2026-07-30 09:29:43.80328+00
e1ca3d1d-8f69-4ab7-ad18-658bac7f0d2e,a83f0aec-4e5c-4467-a9ab-43634b46c1f6,b8da2a0d-01f4-40e4-823f-d0e64c0d5a85,2026-07-29,present,8,piazza san cosimo,UPDATE,2026-07-30 09:29:46.938163+00
4d8a1e34-e58f-45c7-8098-ebbf1b91dfdb,a83f0aec-4e5c-4467-a9ab-43634b46c1f6,b8da2a0d-01f4-40e4-823f-d0e64c0d5a85,2026-07-30,present,8,piazza san cosimo,UPDATE,2026-07-30 09:29:52.859709+00
ef04aad8-1716-47fe-88f7-aa30bbcf8cbc,a83f0aec-4e5c-4467-a9ab-43634b46c1f6,55c515b0-f4e2-4b80-8d6f-e2755cb31866,2026-07-14,present,8,piazza san cosimo,UPDATE,2026-07-30 09:30:00.92772+00
e31ce5a1-6a51-44ec-a9c5-01702822d0eb,a83f0aec-4e5c-4467-a9ab-43634b46c1f6,55c515b0-f4e2-4b80-8d6f-e2755cb31866,2026-07-15,present,8,piazza san cosimo,UPDATE,2026-07-30 09:30:03.642435+00
04380d7f-1d25-4670-b95d-8ab3fe17bf14,a83f0aec-4e5c-4467-a9ab-43634b46c1f6,55c515b0-f4e2-4b80-8d6f-e2755cb31866,2026-07-16,present,8,piazza san cosimo,UPDATE,2026-07-30 09:30:06.746743+00
8e611ece-dec3-4d48-a89b-2ab37999eda4,a83f0aec-4e5c-4467-a9ab-43634b46c1f6,55c515b0-f4e2-4b80-8d6f-e2755cb31866,2026-07-17,present,8,piazza san cosimo,UPDATE,2026-07-30 09:30:09.25055+00
0da82724-38dc-4ada-9425-51d86331a788,a83f0aec-4e5c-4467-a9ab-43634b46c1f6,55c515b0-f4e2-4b80-8d6f-e2755cb31866,2026-07-20,present,8,piazza san cosimo,UPDATE,2026-07-30 09:30:14.590623+00
90f6632f-c3b3-4cc9-9aa7-09726c7cd486,a83f0aec-4e5c-4467-a9ab-43634b46c1f6,55c515b0-f4e2-4b80-8d6f-e2755cb31866,2026-07-21,present,8,piazza san cosimo,UPDATE,2026-07-30 09:30:20.105794+00
b02a95ed-f323-4e95-ba33-8d11ffa95bba,a83f0aec-4e5c-4467-a9ab-43634b46c1f6,55c515b0-f4e2-4b80-8d6f-e2755cb31866,2026-07-22,present,8,piazza san cosimo,UPDATE,2026-07-30 09:30:24.131646+00
d6f5c4e3-7c65-4bdb-a0d9-163ecbdd2ee4,a83f0aec-4e5c-4467-a9ab-43634b46c1f6,55c515b0-f4e2-4b80-8d6f-e2755cb31866,2026-07-23,present,8,piazza san cosimo,UPDATE,2026-07-30 09:30:34.342118+00
fc52bcfa-b655-4b92-b6e3-7f05d961aae8,a83f0aec-4e5c-4467-a9ab-43634b46c1f6,55c515b0-f4e2-4b80-8d6f-e2755cb31866,2026-07-24,present,8,piazza san cosimo,UPDATE,2026-07-30 09:30:43.960343+00
4cd0794a-d4a9-4b16-bfb1-94002bf03a9f,a83f0aec-4e5c-4467-a9ab-43634b46c1f6,2f76e93b-41a3-4e8b-8741-8b3e03d8db85,2026-08-04,present,8,Via copernico,UPDATE,2026-08-05 10:54:53.052069+00
e16215ca-0b3f-4f32-a16b-fc120b9ad8cb,a83f0aec-4e5c-4467-a9ab-43634b46c1f6,f029e10a-9baf-4528-b950-2e10fb4d13ce,2026-07-23,present,8,via mestre,UPDATE,2026-07-30 09:26:07.082585+00
3a4688eb-d104-4fc7-a4fa-48ebb7bf0b3c,a83f0aec-4e5c-4467-a9ab-43634b46c1f6,845c647c-e807-4025-b13a-608280392d8d,2026-07-21,present,8,via mandrolisai,UPDATE,2026-07-30 09:31:59.407599+00
64a4b5d3-bd7e-4338-83ac-b501dededf1e,a83f0aec-4e5c-4467-a9ab-43634b46c1f6,f029e10a-9baf-4528-b950-2e10fb4d13ce,2026-07-24,present,8,via mestre,UPDATE,2026-07-30 09:26:09.893879+00
0e7dc853-659a-431f-916f-6ac4a3ac05db,a83f0aec-4e5c-4467-a9ab-43634b46c1f6,f029e10a-9baf-4528-b950-2e10fb4d13ce,2026-07-27,present,8,via mestre,UPDATE,2026-07-30 09:26:15.25512+00
52d473e3-1267-4a7e-b1f8-274a075b37b3,a83f0aec-4e5c-4467-a9ab-43634b46c1f6,845c647c-e807-4025-b13a-608280392d8d,2026-07-22,present,8,via mandrolisai,UPDATE,2026-07-30 09:32:05.766232+00
dc781d29-e536-49b8-8c98-ee2751961188,a83f0aec-4e5c-4467-a9ab-43634b46c1f6,f029e10a-9baf-4528-b950-2e10fb4d13ce,2026-07-28,present,8,via mestre,UPDATE,2026-07-30 09:26:18.704774+00
0b21e135-4cf6-46ba-ad1f-c129fb82128b,a83f0aec-4e5c-4467-a9ab-43634b46c1f6,f029e10a-9baf-4528-b950-2e10fb4d13ce,2026-07-29,present,8,via mestre,UPDATE,2026-07-30 09:26:22.150984+00
0938610b-9e35-4478-a16e-a763f786948b,a83f0aec-4e5c-4467-a9ab-43634b46c1f6,845c647c-e807-4025-b13a-608280392d8d,2026-07-23,present,8,via mandrolisai,UPDATE,2026-07-30 09:32:08.282925+00
f9b4b3f7-84bb-4228-867b-f70e9755c0d7,a83f0aec-4e5c-4467-a9ab-43634b46c1f6,f029e10a-9baf-4528-b950-2e10fb4d13ce,2026-07-30,present,8,via mestre,UPDATE,2026-07-30 09:26:28.104705+00
3e64783b-b397-4a85-8a2d-c0aeef801778,a83f0aec-4e5c-4467-a9ab-43634b46c1f6,a78a69df-18f8-45b2-866f-214377a09e87,2026-07-14,present,8,via mandrolisai,UPDATE,2026-07-30 09:26:42.813411+00
79090f1e-0c44-46d7-8902-9dec3abf4b95,a83f0aec-4e5c-4467-a9ab-43634b46c1f6,845c647c-e807-4025-b13a-608280392d8d,2026-07-24,present,8,via mandrolisai,UPDATE,2026-07-30 09:32:11.782493+00
79e6f362-a734-4180-986c-f761dc802fd4,a83f0aec-4e5c-4467-a9ab-43634b46c1f6,a78a69df-18f8-45b2-866f-214377a09e87,2026-07-15,present,8,via mandrolisai,UPDATE,2026-07-30 09:26:46.558871+00
bec5e239-0c08-437b-8229-505ae49afe63,a83f0aec-4e5c-4467-a9ab-43634b46c1f6,a78a69df-18f8-45b2-866f-214377a09e87,2026-07-16,present,8,via mandrolisai,UPDATE,2026-07-30 09:26:50.430371+00
d2c58db6-9262-47f7-9f10-838758eed67e,a83f0aec-4e5c-4467-a9ab-43634b46c1f6,845c647c-e807-4025-b13a-608280392d8d,2026-07-27,present,8,via mandrolisai,UPDATE,2026-07-30 09:32:15.815892+00
62ef1a1b-8ed1-44f5-b4f9-b15576c6ff81,a83f0aec-4e5c-4467-a9ab-43634b46c1f6,a78a69df-18f8-45b2-866f-214377a09e87,2026-07-17,present,8,via mandrolisai,UPDATE,2026-07-30 09:26:54.144438+00
d42e84ab-26d0-4d75-9ebc-74302af5c94b,a83f0aec-4e5c-4467-a9ab-43634b46c1f6,845c647c-e807-4025-b13a-608280392d8d,2026-07-28,present,8,via mandrolisai,UPDATE,2026-07-30 09:32:20.260887+00
f73c667a-b5d8-4e90-85a4-9bdf5377b5af,a83f0aec-4e5c-4467-a9ab-43634b46c1f6,a78a69df-18f8-45b2-866f-214377a09e87,2026-07-20,present,8,via mandrolisai,UPDATE,2026-07-30 09:27:06.032021+00
82381fc0-6b49-4860-9c22-783a18b3648f,a83f0aec-4e5c-4467-a9ab-43634b46c1f6,845c647c-e807-4025-b13a-608280392d8d,2026-07-29,present,8,via mandrolisai,UPDATE,2026-07-30 09:32:26.576465+00
63afbae7-cc94-49a0-b71f-f4f93c751db2,a83f0aec-4e5c-4467-a9ab-43634b46c1f6,845c647c-e807-4025-b13a-608280392d8d,2026-07-30,present,5,via mandrolisai,UPDATE,2026-07-30 09:32:35.03866+00
841fa537-ade1-4d93-93e7-6ffe870b8ffc,a83f0aec-4e5c-4467-a9ab-43634b46c1f6,bb7725da-b5fc-4433-afd7-bad5e5179acb,2026-07-14,present,8,via mandrolisai,UPDATE,2026-07-30 09:32:45.395777+00
e582e724-7f80-411c-87a5-dd25bd651b37,a83f0aec-4e5c-4467-a9ab-43634b46c1f6,bb7725da-b5fc-4433-afd7-bad5e5179acb,2026-07-15,present,8,via mandrolisai,UPDATE,2026-07-30 09:32:48.155859+00
4db63220-6227-4c07-8711-340084527b6d,a83f0aec-4e5c-4467-a9ab-43634b46c1f6,bb7725da-b5fc-4433-afd7-bad5e5179acb,2026-07-16,present,8,via mandrolisai,UPDATE,2026-07-30 09:32:51.437098+00
a9baf50c-896b-463a-a702-0427ac4726e7,a83f0aec-4e5c-4467-a9ab-43634b46c1f6,bb7725da-b5fc-4433-afd7-bad5e5179acb,2026-07-29,present,8,via mandrolisai,UPDATE,2026-07-30 09:33:31.516429+00
85419d1b-f7dc-4f55-86f1-66d4eed9e265,a83f0aec-4e5c-4467-a9ab-43634b46c1f6,bb7725da-b5fc-4433-afd7-bad5e5179acb,2026-07-30,present,5,via mandrolisai,UPDATE,2026-07-30 09:33:40.011542+00
668fd8ad-2572-4af2-9ddf-df0b357fe74e,a83f0aec-4e5c-4467-a9ab-43634b46c1f6,bb7725da-b5fc-4433-afd7-bad5e5179acb,2026-07-31,holiday,0,"",INSERT,2026-07-30 09:33:40.068057+00
61b3c4f5-5c1e-483e-a44a-5653a6746af2,a83f0aec-4e5c-4467-a9ab-43634b46c1f6,0f678138-246b-4d86-a3f0-5ce111536f02,2026-07-14,present,8,via mandrolisai,UPDATE,2026-07-30 09:33:47.766477+00
4020ade0-b518-4946-86fd-f03f11ebdab6,a83f0aec-4e5c-4467-a9ab-43634b46c1f6,0f678138-246b-4d86-a3f0-5ce111536f02,2026-07-15,present,8,via mandrolisai,UPDATE,2026-07-30 09:33:51.159296+00
309c83d7-1bc3-412f-93ad-b81779efabe8,a83f0aec-4e5c-4467-a9ab-43634b46c1f6,0f678138-246b-4d86-a3f0-5ce111536f02,2026-07-16,present,8,via mandrolisai,UPDATE,2026-07-30 09:33:52.7381+00
4b52f28e-b932-42a3-a07c-1ec00cce10db,a83f0aec-4e5c-4467-a9ab-43634b46c1f6,0f678138-246b-4d86-a3f0-5ce111536f02,2026-07-17,present,5,via mandrolisai,UPDATE,2026-07-30 09:33:55.386007+00
fbe3be0f-233b-465b-9e7a-55e98bc606b9,a83f0aec-4e5c-4467-a9ab-43634b46c1f6,0f678138-246b-4d86-a3f0-5ce111536f02,2026-07-20,present,8,via mandrolisai,UPDATE,2026-07-30 09:33:57.695184+00
660c12cb-8aa3-4b63-acb9-fe24b7e9b1aa,a83f0aec-4e5c-4467-a9ab-43634b46c1f6,0f678138-246b-4d86-a3f0-5ce111536f02,2026-07-21,present,8,via mandrolisai,UPDATE,2026-07-30 09:34:00.552346+00
bad3a4f1-c1d6-42be-a3b2-c3de587ede26,a83f0aec-4e5c-4467-a9ab-43634b46c1f6,0f678138-246b-4d86-a3f0-5ce111536f02,2026-07-22,present,8,via mandrolisai,UPDATE,2026-07-30 09:34:02.953929+00
905bf02a-21ec-438e-b8d6-5c414ae8a223,a83f0aec-4e5c-4467-a9ab-43634b46c1f6,0f678138-246b-4d86-a3f0-5ce111536f02,2026-07-23,present,8,via mandrolisai,UPDATE,2026-07-30 09:34:05.452066+00
d4ae9901-70af-42d1-8cfd-255464873215,a83f0aec-4e5c-4467-a9ab-43634b46c1f6,0f678138-246b-4d86-a3f0-5ce111536f02,2026-07-24,present,8,via mandrolisai,UPDATE,2026-07-30 09:34:11.409632+00
101cd594-5407-4b60-9c0a-b6a7181de3b6,a83f0aec-4e5c-4467-a9ab-43634b46c1f6,0f678138-246b-4d86-a3f0-5ce111536f02,2026-07-27,present,8,via mandrolisai,UPDATE,2026-07-30 09:34:15.024314+00
e5cf0936-4878-4ce0-93c7-775dc2c613c4,a83f0aec-4e5c-4467-a9ab-43634b46c1f6,0f678138-246b-4d86-a3f0-5ce111536f02,2026-07-28,present,8,via mandrolisai,UPDATE,2026-07-30 09:34:19.20385+00
c7e87e45-e132-4309-b7df-8b6a7bdce8a1,a83f0aec-4e5c-4467-a9ab-43634b46c1f6,0f678138-246b-4d86-a3f0-5ce111536f02,2026-07-29,present,8,via mandrolisai,UPDATE,2026-07-30 09:34:25.717703+00
499dd772-f070-49a1-b78c-54be3a4aa24e,a83f0aec-4e5c-4467-a9ab-43634b46c1f6,0f678138-246b-4d86-a3f0-5ce111536f02,2026-07-30,present,5,via mandrolisai,UPDATE,2026-07-30 09:34:33.793071+00
fea78399-0285-47aa-8c80-20ed2123e0f0,a83f0aec-4e5c-4467-a9ab-43634b46c1f6,0f678138-246b-4d86-a3f0-5ce111536f02,2026-07-31,holiday,0,"",INSERT,2026-07-30 09:34:33.889244+00
2eb88f39-b23f-4f9d-80aa-ec11c6f290e6,a83f0aec-4e5c-4467-a9ab-43634b46c1f6,1c0f2692-e1e4-40fe-907e-6023010d5f19,2026-07-18,holiday,0,"",UPDATE,2026-07-30 09:35:42.621427+00
74831ef1-2cc1-481d-a155-c0f85ddef768,a83f0aec-4e5c-4467-a9ab-43634b46c1f6,1c0f2692-e1e4-40fe-907e-6023010d5f19,2026-07-19,holiday,0,"",INSERT,2026-07-30 09:35:47.274932+00
89e2bdfa-6272-43db-871b-62c102ac6f8e,a83f0aec-4e5c-4467-a9ab-43634b46c1f6,1c0f2692-e1e4-40fe-907e-6023010d5f19,2026-07-14,present,4,via mandrolisai,UPDATE,2026-07-30 09:36:16.015272+00
1babd9fa-0ce3-413e-9c49-40afafb852b0,a83f0aec-4e5c-4467-a9ab-43634b46c1f6,1c0f2692-e1e4-40fe-907e-6023010d5f19,2026-07-15,present,4,via mandrolisai,UPDATE,2026-07-30 09:36:18.234835+00
51ed7d87-2f5e-4d6b-9da6-a09cb67ab895,a83f0aec-4e5c-4467-a9ab-43634b46c1f6,1c0f2692-e1e4-40fe-907e-6023010d5f19,2026-07-16,present,4,via mandrolisai,UPDATE,2026-07-30 09:36:19.322889+00
55246ecc-1a45-4683-93d5-d1985cb57b0f,a83f0aec-4e5c-4467-a9ab-43634b46c1f6,1c0f2692-e1e4-40fe-907e-6023010d5f19,2026-07-17,present,4,via mandrolisai,UPDATE,2026-07-30 09:36:22.926002+00
4998aebe-cf82-4504-aea3-1b2bba19be3a,a83f0aec-4e5c-4467-a9ab-43634b46c1f6,1c0f2692-e1e4-40fe-907e-6023010d5f19,2026-07-27,present,4,via mandrolisai,UPDATE,2026-07-30 09:36:35.681561+00
45855723-5c72-432c-bbf9-bd4c65eb38e4,a83f0aec-4e5c-4467-a9ab-43634b46c1f6,1c0f2692-e1e4-40fe-907e-6023010d5f19,2026-07-28,present,4,via mandrolisai,UPDATE,2026-07-30 09:36:38.456729+00
809322f6-d245-4238-b061-88d37a3a9064,a83f0aec-4e5c-4467-a9ab-43634b46c1f6,1c0f2692-e1e4-40fe-907e-6023010d5f19,2026-07-29,present,4,via mandrolisai,UPDATE,2026-07-30 09:36:39.907336+00
a05be616-553e-4dd8-ba5c-bfbba25cb156,a83f0aec-4e5c-4467-a9ab-43634b46c1f6,1c0f2692-e1e4-40fe-907e-6023010d5f19,2026-07-30,present,4,via mandrolisai,UPDATE,2026-07-30 09:36:41.069056+00
9e6ea629-7936-4ffd-a1d5-825ba9deaa37,a83f0aec-4e5c-4467-a9ab-43634b46c1f6,1c0f2692-e1e4-40fe-907e-6023010d5f19,2026-07-31,present,4,via mandrolisai,UPDATE,2026-07-30 09:36:46.782076+00
8f974b88-db8a-41d2-89c2-db9e8689b934,a83f0aec-4e5c-4467-a9ab-43634b46c1f6,33872abe-802f-47d0-8614-f4d206fff08f,2026-07-31,present,8,Via mandrolisai,UPDATE,2026-07-30 15:10:43.401668+00
f4f6a54a-d7a2-4eb0-a471-18478f2c35db,a83f0aec-4e5c-4467-a9ab-43634b46c1f6,bd23f301-51a8-4e05-a640-c66306e27ef6,2026-07-31,present,8,Via mestre,UPDATE,2026-07-30 15:11:01.173732+00
bb7ffb3d-073a-40f2-931a-75dd14179faf,a83f0aec-4e5c-4467-a9ab-43634b46c1f6,0af3ee03-5ad8-4726-81bb-ba490b621682,2026-07-31,present,8,Via mestre,UPDATE,2026-07-30 15:11:07.189846+00
08eb5fe1-78b3-4626-aa07-f80db6ec5705,a83f0aec-4e5c-4467-a9ab-43634b46c1f6,f029e10a-9baf-4528-b950-2e10fb4d13ce,2026-07-31,present,8,Via mestre,UPDATE,2026-07-30 15:11:26.440284+00
d62cd016-d0ce-45d2-974d-b9773210ba54,a83f0aec-4e5c-4467-a9ab-43634b46c1f6,1c0f2692-e1e4-40fe-907e-6023010d5f19,2026-07-20,present,4,via mandrolisai,UPDATE,2026-07-31 08:08:06.41674+00
97345cb9-b8aa-49e1-bbb6-10511c8d6cd7,a83f0aec-4e5c-4467-a9ab-43634b46c1f6,1c0f2692-e1e4-40fe-907e-6023010d5f19,2026-07-21,present,4,via mandrolisai,UPDATE,2026-07-31 08:08:08.151995+00
c5d054a2-618d-4ede-bdc9-5352ae8bb068,a83f0aec-4e5c-4467-a9ab-43634b46c1f6,1c0f2692-e1e4-40fe-907e-6023010d5f19,2026-07-22,present,4,via mandrolisai,UPDATE,2026-07-31 08:08:09.770899+00
81044c77-42ff-4675-8ba2-0dbae4689b51,a83f0aec-4e5c-4467-a9ab-43634b46c1f6,1c0f2692-e1e4-40fe-907e-6023010d5f19,2026-07-23,present,4,via mandrolisai,UPDATE,2026-07-31 08:08:11.440918+00
f23bf5c7-65be-4dab-bd22-b5b1b97215ce,a83f0aec-4e5c-4467-a9ab-43634b46c1f6,1c0f2692-e1e4-40fe-907e-6023010d5f19,2026-07-24,present,4,via mandrolisai,UPDATE,2026-07-31 08:08:15.323531+00
23e3ba06-d051-4771-a614-c932d95212a2,a83f0aec-4e5c-4467-a9ab-43634b46c1f6,a78a69df-18f8-45b2-866f-214377a09e87,2026-07-31,present,8,Via mandrolisai,UPDATE,2026-07-30 15:14:31.619386+00
a8566f04-aa35-4598-8b5a-0ee45ac5daa2,a83f0aec-4e5c-4467-a9ab-43634b46c1f6,2f76e93b-41a3-4e8b-8741-8b3e03d8db85,2026-08-05,present,8,Via copernico,UPDATE,2026-08-05 10:54:55.152729+00
ed4567a8-ed56-4552-a5a1-12c0515a9ba6,a83f0aec-4e5c-4467-a9ab-43634b46c1f6,e29ef4e3-a2cd-4328-8cd5-5d17785f1a83,2026-07-31,present,8,Via mandrolisai,UPDATE,2026-07-30 15:14:38.657939+00
c68d8d0a-ff61-431a-a8d8-883136307930,a83f0aec-4e5c-4467-a9ab-43634b46c1f6,b8da2a0d-01f4-40e4-823f-d0e64c0d5a85,2026-07-31,present,8,Piazza san cosimo,UPDATE,2026-07-30 15:14:47.50034+00
75223437-a2e8-421d-9c2a-9a02380b241a,a83f0aec-4e5c-4467-a9ab-43634b46c1f6,2f76e93b-41a3-4e8b-8741-8b3e03d8db85,2026-08-06,present,8,Via copernico,UPDATE,2026-08-05 10:54:59.148784+00
336cc2a5-5ec6-4d39-bf44-e2b24f104b00,a83f0aec-4e5c-4467-a9ab-43634b46c1f6,55c515b0-f4e2-4b80-8d6f-e2755cb31866,2026-07-31,present,8,Piazza san cosimo,UPDATE,2026-07-30 15:14:53.507285+00
e7fcff1e-a82d-496e-a00a-0a038c74b522,a83f0aec-4e5c-4467-a9ab-43634b46c1f6,a335efe4-d86c-4f3f-a2a1-b4abc123d167,2026-07-31,present,8,Via copernico,UPDATE,2026-07-30 15:15:11.674088+00
390952e6-39ad-4e07-9c64-9b3e4f1ace39,a83f0aec-4e5c-4467-a9ab-43634b46c1f6,2197b6fd-9cb2-4d34-8118-cf9f11b573d7,2026-08-03,present,8,Via copernico,UPDATE,2026-08-05 10:55:07.605107+00
d45994f8-090f-45af-9e8d-6e55ca8666cb,a83f0aec-4e5c-4467-a9ab-43634b46c1f6,cff16040-6983-48f2-b49c-1fa06f131879,2026-07-31,present,8,Via fadda/alghero,UPDATE,2026-07-30 15:15:19.433608+00
2c825f2e-fdad-46a4-b642-71b3994c448c,a83f0aec-4e5c-4467-a9ab-43634b46c1f6,0dd64ca9-1964-46eb-8f97-a71315c8b1ed,2026-07-31,present,8,Via strauss,UPDATE,2026-07-30 15:15:29.098301+00
7f35be0a-1bb8-4d02-807e-1dc2aab4d83c,a83f0aec-4e5c-4467-a9ab-43634b46c1f6,2197b6fd-9cb2-4d34-8118-cf9f11b573d7,2026-08-05,present,8,Via copernico,UPDATE,2026-08-05 10:55:11.608905+00
5eaaa789-4364-4340-9aab-cdffe592d0e6,a83f0aec-4e5c-4467-a9ab-43634b46c1f6,07cba65e-e2f7-495c-8b24-2192173054a0,2026-07-31,present,8,Via copernico,UPDATE,2026-07-30 15:15:52.337443+00
3bc21845-3610-4d72-8b9c-65ebb65339fc,a83f0aec-4e5c-4467-a9ab-43634b46c1f6,be17adcf-4219-4796-958f-51e2b5e0cf92,2026-07-31,present,8,Via strauss,UPDATE,2026-07-30 15:15:59.71109+00
ecb6468e-370f-480e-bcfe-51a17d6a0ab8,a83f0aec-4e5c-4467-a9ab-43634b46c1f6,9fc12cbc-5f92-485a-84d9-a7f2413e2cfb,2026-08-03,present,8,Via copernico,UPDATE,2026-08-05 10:55:20.070056+00
527b85d1-4e43-4893-8bdd-5252c83501d8,a83f0aec-4e5c-4467-a9ab-43634b46c1f6,42b77da1-31e4-4197-88a5-2679c57fac56,2026-07-31,present,8,Via copernico,UPDATE,2026-07-30 15:16:04.835104+00
071a46ec-aee5-48d9-92ca-e3a6432a5ff3,a83f0aec-4e5c-4467-a9ab-43634b46c1f6,9fc12cbc-5f92-485a-84d9-a7f2413e2cfb,2026-08-04,present,8,Via copernico,UPDATE,2026-08-05 10:55:21.860125+00
7c82c301-afce-4d38-95cb-442670f7fea9,a83f0aec-4e5c-4467-a9ab-43634b46c1f6,2f76e93b-41a3-4e8b-8741-8b3e03d8db85,2026-07-31,present,8,Via bosco cappuccio ,UPDATE,2026-07-30 15:16:25.105352+00
333b29f9-9d5c-435a-9e92-a45f548be67d,a83f0aec-4e5c-4467-a9ab-43634b46c1f6,2197b6fd-9cb2-4d34-8118-cf9f11b573d7,2026-07-31,present,8,Via ingurtosu,UPDATE,2026-07-30 15:16:35.90885+00
73268732-feb4-4bed-878e-e277b6dc3654,a83f0aec-4e5c-4467-a9ab-43634b46c1f6,ed36110d-a2cf-4a88-91c7-0d23f758cd4c,2026-07-31,holiday,0,"",INSERT,2026-07-30 15:16:41.29634+00
37173713-b233-4438-9173-a8aec0ebd8c5,a83f0aec-4e5c-4467-a9ab-43634b46c1f6,9fc12cbc-5f92-485a-84d9-a7f2413e2cfb,2026-08-05,present,8,Via copernico,UPDATE,2026-08-05 10:55:24.629599+00
6095c505-a092-4a26-98d2-acdb5009ab18,a83f0aec-4e5c-4467-a9ab-43634b46c1f6,9fc12cbc-5f92-485a-84d9-a7f2413e2cfb,2026-07-31,present,8,Via bosco cappuccio,UPDATE,2026-07-30 15:17:01.33841+00
a6c0a79e-8032-4760-b034-0df4e6572c7e,a83f0aec-4e5c-4467-a9ab-43634b46c1f6,a1126a85-fd22-4cb7-af46-19697bfc7079,2026-07-31,present,8,Via ingurtosu,UPDATE,2026-07-30 15:17:07.303373+00
a6727da8-023d-4738-bf5d-3e9372726aa4,a83f0aec-4e5c-4467-a9ab-43634b46c1f6,038038e3-ce98-4ccc-8f3c-1be357d7e81d,2026-04-30,present,8,Via strauss,DELETE,2026-08-04 14:19:24.338612+00
77af568c-8ff1-4bd2-9740-ad9cbd0a15c8,a83f0aec-4e5c-4467-a9ab-43634b46c1f6,038038e3-ce98-4ccc-8f3c-1be357d7e81d,2026-04-03,present,8,Via donoratico,DELETE,2026-08-04 14:19:24.338612+00
e51bcb54-24ef-4d80-a556-0cc783e978fc,a83f0aec-4e5c-4467-a9ab-43634b46c1f6,038038e3-ce98-4ccc-8f3c-1be357d7e81d,2026-04-28,present,8,Via strauss,DELETE,2026-08-04 14:19:24.338612+00
0cf0732e-355d-415e-9c25-1135c8ac7063,a83f0aec-4e5c-4467-a9ab-43634b46c1f6,038038e3-ce98-4ccc-8f3c-1be357d7e81d,2026-04-29,present,8,Via strauss,DELETE,2026-08-04 14:19:24.338612+00
d97a50c0-724d-4366-8a8e-07ccab504c3a,a83f0aec-4e5c-4467-a9ab-43634b46c1f6,038038e3-ce98-4ccc-8f3c-1be357d7e81d,2026-04-07,present,8,Via donoratico,DELETE,2026-08-04 14:19:24.338612+00
b6a99db3-8434-4437-a66d-ddf3712df8a6,a83f0aec-4e5c-4467-a9ab-43634b46c1f6,038038e3-ce98-4ccc-8f3c-1be357d7e81d,2026-05-08,present,5,Via copernico,DELETE,2026-08-04 14:19:24.338612+00
72d1780a-40e5-43f6-a2fb-b18b72919b51,a83f0aec-4e5c-4467-a9ab-43634b46c1f6,038038e3-ce98-4ccc-8f3c-1be357d7e81d,2026-02-01,holiday,0,"",DELETE,2026-08-04 14:19:24.338612+00
48fc52d5-397e-46b8-9790-3a5f66af24c6,a83f0aec-4e5c-4467-a9ab-43634b46c1f6,038038e3-ce98-4ccc-8f3c-1be357d7e81d,2026-02-02,present,8,Via bottego,DELETE,2026-08-04 14:19:24.338612+00
6a99335d-1e45-4c02-b38a-0bf616a0cfbb,a83f0aec-4e5c-4467-a9ab-43634b46c1f6,038038e3-ce98-4ccc-8f3c-1be357d7e81d,2026-02-09,present,8,Via bottego,DELETE,2026-08-04 14:19:24.338612+00
2bbe408c-6601-47dd-825d-25dd428f9994,a83f0aec-4e5c-4467-a9ab-43634b46c1f6,038038e3-ce98-4ccc-8f3c-1be357d7e81d,2026-02-16,present,8,Via bottego,DELETE,2026-08-04 14:19:24.338612+00
b93136de-b40d-400a-a64f-a25e2dd7dc1a,a83f0aec-4e5c-4467-a9ab-43634b46c1f6,038038e3-ce98-4ccc-8f3c-1be357d7e81d,2026-02-17,present,8,Via bottego,DELETE,2026-08-04 14:19:24.338612+00
ae99f8dc-b52a-4575-bc98-24a602810ad2,a83f0aec-4e5c-4467-a9ab-43634b46c1f6,038038e3-ce98-4ccc-8f3c-1be357d7e81d,2026-02-10,present,8,Via bottego,DELETE,2026-08-04 14:19:24.338612+00
bc501bea-aadd-49a3-ad91-a103e400e78b,a83f0aec-4e5c-4467-a9ab-43634b46c1f6,038038e3-ce98-4ccc-8f3c-1be357d7e81d,2026-02-03,present,8,Via bottego,DELETE,2026-08-04 14:19:24.338612+00
50bdcbe7-9240-49b2-af7f-727e345b7a47,a83f0aec-4e5c-4467-a9ab-43634b46c1f6,038038e3-ce98-4ccc-8f3c-1be357d7e81d,2026-02-11,present,8,Via bottego,DELETE,2026-08-04 14:19:24.338612+00
21f7eee9-817d-48b3-90d5-6a10a4276642,a83f0aec-4e5c-4467-a9ab-43634b46c1f6,038038e3-ce98-4ccc-8f3c-1be357d7e81d,2026-02-18,present,8,Via bottego,DELETE,2026-08-04 14:19:24.338612+00
053b5c7a-4111-49bc-a6b4-4431f5bb1413,a83f0aec-4e5c-4467-a9ab-43634b46c1f6,038038e3-ce98-4ccc-8f3c-1be357d7e81d,2026-02-19,present,8,Via bottego,DELETE,2026-08-04 14:19:24.338612+00
747c45fd-7535-4b16-b050-defda93ae919,a83f0aec-4e5c-4467-a9ab-43634b46c1f6,038038e3-ce98-4ccc-8f3c-1be357d7e81d,2026-02-12,present,8,Via bottego,DELETE,2026-08-04 14:19:24.338612+00
f9f598d5-bda5-4840-9c45-cc308cc6e021,a83f0aec-4e5c-4467-a9ab-43634b46c1f6,038038e3-ce98-4ccc-8f3c-1be357d7e81d,2026-02-05,present,8,Via bottego,DELETE,2026-08-04 14:19:24.338612+00
cdf04024-217a-4178-a385-4824b0ccfaa4,a83f0aec-4e5c-4467-a9ab-43634b46c1f6,038038e3-ce98-4ccc-8f3c-1be357d7e81d,2026-02-06,present,8,Via bottego,DELETE,2026-08-04 14:19:24.338612+00
de9f7566-d3a2-4923-8c3f-12dbbacfc949,a83f0aec-4e5c-4467-a9ab-43634b46c1f6,038038e3-ce98-4ccc-8f3c-1be357d7e81d,2026-02-13,present,8,Via bottego,DELETE,2026-08-04 14:19:24.338612+00
918767fd-602c-4b6a-8b95-f1cd95d70267,a83f0aec-4e5c-4467-a9ab-43634b46c1f6,038038e3-ce98-4ccc-8f3c-1be357d7e81d,2026-02-20,present,8,Via bottego,DELETE,2026-08-04 14:19:24.338612+00
d2bee9d4-8a46-47fd-85fe-83d943552b92,a83f0aec-4e5c-4467-a9ab-43634b46c1f6,038038e3-ce98-4ccc-8f3c-1be357d7e81d,2026-02-04,present,8,Via bottego,DELETE,2026-08-04 14:19:24.338612+00
823c1625-4857-40e4-ac6a-b9545c3dc18f,a83f0aec-4e5c-4467-a9ab-43634b46c1f6,038038e3-ce98-4ccc-8f3c-1be357d7e81d,2026-05-18,present,8,Via copernico,DELETE,2026-08-04 14:19:24.338612+00
820107d7-7916-4380-be96-0fc4dba98780,a83f0aec-4e5c-4467-a9ab-43634b46c1f6,038038e3-ce98-4ccc-8f3c-1be357d7e81d,2026-05-19,injury,0,"",DELETE,2026-08-04 14:19:24.338612+00
eb417f3e-51f2-493e-94d3-b38822f43ce6,a83f0aec-4e5c-4467-a9ab-43634b46c1f6,038038e3-ce98-4ccc-8f3c-1be357d7e81d,2026-05-22,injury,0,"",DELETE,2026-08-04 14:19:24.338612+00
b6ba8c91-ab6b-4bfa-8411-9c0eba6d7fcd,a83f0aec-4e5c-4467-a9ab-43634b46c1f6,038038e3-ce98-4ccc-8f3c-1be357d7e81d,2026-05-24,injury,0,"",DELETE,2026-08-04 14:19:24.338612+00
b7c9cbf6-e3ee-42ca-925c-80acb5180390,a83f0aec-4e5c-4467-a9ab-43634b46c1f6,038038e3-ce98-4ccc-8f3c-1be357d7e81d,2026-05-26,injury,0,"",DELETE,2026-08-04 14:19:24.338612+00
cac77bee-07c8-4e82-89e2-4d914c63e4c4,a83f0aec-4e5c-4467-a9ab-43634b46c1f6,038038e3-ce98-4ccc-8f3c-1be357d7e81d,2026-05-29,injury,0,"",DELETE,2026-08-04 14:19:24.338612+00
b9d89ccd-a1d6-4042-a7a9-6b5306ace670,a83f0aec-4e5c-4467-a9ab-43634b46c1f6,038038e3-ce98-4ccc-8f3c-1be357d7e81d,2026-05-04,present,8,Via copernico,DELETE,2026-08-04 14:19:24.338612+00
1dd1c1ba-8c80-4cb7-9f05-22c16225d808,a83f0aec-4e5c-4467-a9ab-43634b46c1f6,038038e3-ce98-4ccc-8f3c-1be357d7e81d,2026-05-06,present,8,Via copernico,DELETE,2026-08-04 14:19:24.338612+00
80e3cd3f-00c8-467d-9db8-7eda14d2ba01,a83f0aec-4e5c-4467-a9ab-43634b46c1f6,038038e3-ce98-4ccc-8f3c-1be357d7e81d,2026-05-11,present,8,Via copernico,DELETE,2026-08-04 14:19:24.338612+00
d58ee562-bd97-44e1-86dd-dd3468e62fa0,a83f0aec-4e5c-4467-a9ab-43634b46c1f6,038038e3-ce98-4ccc-8f3c-1be357d7e81d,2026-05-12,present,8,Via copernico,DELETE,2026-08-04 14:19:24.338612+00
0cdde73a-583e-4168-9568-a133d1339d2f,a83f0aec-4e5c-4467-a9ab-43634b46c1f6,038038e3-ce98-4ccc-8f3c-1be357d7e81d,2026-05-20,injury,0,"",DELETE,2026-08-04 14:19:24.338612+00
9131f958-6dfb-42fc-b4c0-d3a851df7517,a83f0aec-4e5c-4467-a9ab-43634b46c1f6,a1126a85-fd22-4cb7-af46-19697bfc7079,2026-08-03,present,8,Via copernico,UPDATE,2026-08-05 10:55:38.609449+00
db41baa2-86e0-48aa-934f-e2898097a2eb,a83f0aec-4e5c-4467-a9ab-43634b46c1f6,a1126a85-fd22-4cb7-af46-19697bfc7079,2026-08-04,present,8,Via copernico,UPDATE,2026-08-05 10:55:40.90973+00
434c656c-893c-4759-98d1-34f54dce1945,a83f0aec-4e5c-4467-a9ab-43634b46c1f6,a1126a85-fd22-4cb7-af46-19697bfc7079,2026-08-05,present,8,Via copernico,UPDATE,2026-08-05 10:55:44.457001+00
a2e60dde-951f-4434-b62f-6d6579fc0b54,a83f0aec-4e5c-4467-a9ab-43634b46c1f6,bd23f301-51a8-4e05-a640-c66306e27ef6,2026-08-10,holiday,0,"",UPDATE,2026-08-07 15:17:40.896415+00
96adefc8-d02e-443b-97e1-1f60b78cea22,a83f0aec-4e5c-4467-a9ab-43634b46c1f6,bd23f301-51a8-4e05-a640-c66306e27ef6,2026-08-11,holiday,0,"",UPDATE,2026-08-07 15:17:42.00362+00
0c327b72-ddce-461e-8c03-8a0984b7e6d4,a83f0aec-4e5c-4467-a9ab-43634b46c1f6,bd23f301-51a8-4e05-a640-c66306e27ef6,2026-08-12,holiday,0,"",UPDATE,2026-08-07 15:17:43.76841+00
d729e29d-6196-4e19-b836-330578cb23cc,a83f0aec-4e5c-4467-a9ab-43634b46c1f6,038038e3-ce98-4ccc-8f3c-1be357d7e81d,2026-05-27,injury,0,"",DELETE,2026-08-04 14:19:24.338612+00
327cfa55-45d9-4b6e-8319-416fb7f46e55,a83f0aec-4e5c-4467-a9ab-43634b46c1f6,038038e3-ce98-4ccc-8f3c-1be357d7e81d,2026-05-30,injury,0,"",DELETE,2026-08-04 14:19:24.338612+00
50d5e4dc-9ef7-4317-828f-26ecbf0b8ebe,a83f0aec-4e5c-4467-a9ab-43634b46c1f6,038038e3-ce98-4ccc-8f3c-1be357d7e81d,2026-05-15,present,8,Via copernico,DELETE,2026-08-04 14:19:24.338612+00
c29d8694-75fc-4533-ade8-3079a96f1349,a83f0aec-4e5c-4467-a9ab-43634b46c1f6,038038e3-ce98-4ccc-8f3c-1be357d7e81d,2026-05-23,injury,0,"",DELETE,2026-08-04 14:19:24.338612+00
eea52db6-57de-43a5-b47c-f65ebba2501e,a83f0aec-4e5c-4467-a9ab-43634b46c1f6,038038e3-ce98-4ccc-8f3c-1be357d7e81d,2026-05-21,injury,0,"",DELETE,2026-08-04 14:19:24.338612+00
10283831-5eae-4250-89d4-5792e32feb4a,a83f0aec-4e5c-4467-a9ab-43634b46c1f6,038038e3-ce98-4ccc-8f3c-1be357d7e81d,2026-05-25,injury,0,"",DELETE,2026-08-04 14:19:24.338612+00
d825b893-da8a-4acc-847b-9fd213d94649,a83f0aec-4e5c-4467-a9ab-43634b46c1f6,038038e3-ce98-4ccc-8f3c-1be357d7e81d,2026-05-28,injury,0,"",DELETE,2026-08-04 14:19:24.338612+00
348a0936-7831-4090-aae3-148241c89cb2,a83f0aec-4e5c-4467-a9ab-43634b46c1f6,038038e3-ce98-4ccc-8f3c-1be357d7e81d,2026-05-31,injury,0,"",DELETE,2026-08-04 14:19:24.338612+00
3ac8e33b-5b61-41a8-82d9-ba31ebf940e2,a83f0aec-4e5c-4467-a9ab-43634b46c1f6,038038e3-ce98-4ccc-8f3c-1be357d7e81d,2026-05-05,present,8,Via copernico,DELETE,2026-08-04 14:19:24.338612+00
877cdfa8-ffe0-4163-b5b0-eda64ad92a38,a83f0aec-4e5c-4467-a9ab-43634b46c1f6,038038e3-ce98-4ccc-8f3c-1be357d7e81d,2026-05-07,present,8,Via copernico,DELETE,2026-08-04 14:19:24.338612+00
22ee539c-c52c-4ba1-b5a5-0964fc6d44da,a83f0aec-4e5c-4467-a9ab-43634b46c1f6,038038e3-ce98-4ccc-8f3c-1be357d7e81d,2026-05-13,present,8,Via copernico,DELETE,2026-08-04 14:19:24.338612+00
2ab127d2-09d2-4558-8302-0239511229c2,a83f0aec-4e5c-4467-a9ab-43634b46c1f6,038038e3-ce98-4ccc-8f3c-1be357d7e81d,2026-05-14,present,8,Via copernico,DELETE,2026-08-04 14:19:24.338612+00
33373892-b10c-4013-9ee0-103c523cb1b8,a83f0aec-4e5c-4467-a9ab-43634b46c1f6,038038e3-ce98-4ccc-8f3c-1be357d7e81d,2026-06-01,injury,0,"",DELETE,2026-08-04 14:19:24.338612+00
dc230e80-7f9a-4055-9622-60ff18dbd809,a83f0aec-4e5c-4467-a9ab-43634b46c1f6,038038e3-ce98-4ccc-8f3c-1be357d7e81d,2026-06-04,injury,0,"",DELETE,2026-08-04 14:19:24.338612+00
0248ede5-d13c-46ed-8347-b04749232c9c,a83f0aec-4e5c-4467-a9ab-43634b46c1f6,038038e3-ce98-4ccc-8f3c-1be357d7e81d,2026-06-07,injury,0,"",DELETE,2026-08-04 14:19:24.338612+00
8e6b2424-08a6-4d92-ae85-ee6be7b66e8a,a83f0aec-4e5c-4467-a9ab-43634b46c1f6,038038e3-ce98-4ccc-8f3c-1be357d7e81d,2026-06-10,injury,0,"",DELETE,2026-08-04 14:19:24.338612+00
c725f749-4c44-413a-be99-fcc88f8d5bde,a83f0aec-4e5c-4467-a9ab-43634b46c1f6,038038e3-ce98-4ccc-8f3c-1be357d7e81d,2026-06-13,injury,0,"",DELETE,2026-08-04 14:19:24.338612+00
88783aa0-7078-43d8-a103-93e9254f05d5,a83f0aec-4e5c-4467-a9ab-43634b46c1f6,038038e3-ce98-4ccc-8f3c-1be357d7e81d,2026-06-16,injury,0,"",DELETE,2026-08-04 14:19:24.338612+00
fbc6608d-5a2b-45b7-a770-ab995147ea0d,a83f0aec-4e5c-4467-a9ab-43634b46c1f6,038038e3-ce98-4ccc-8f3c-1be357d7e81d,2026-06-02,injury,0,"",DELETE,2026-08-04 14:19:24.338612+00
e027b516-0313-4387-86ff-d9d5746bbe15,a83f0aec-4e5c-4467-a9ab-43634b46c1f6,038038e3-ce98-4ccc-8f3c-1be357d7e81d,2026-06-05,injury,0,"",DELETE,2026-08-04 14:19:24.338612+00
50137711-51c7-40fe-b81b-0ca9f2815517,a83f0aec-4e5c-4467-a9ab-43634b46c1f6,038038e3-ce98-4ccc-8f3c-1be357d7e81d,2026-04-09,present,8,Via strauss,DELETE,2026-08-04 14:19:24.338612+00
5310fbd3-09ac-4b0d-9c62-824c32775ff6,a83f0aec-4e5c-4467-a9ab-43634b46c1f6,038038e3-ce98-4ccc-8f3c-1be357d7e81d,2026-04-10,present,8,Via strauss,DELETE,2026-08-04 14:19:24.338612+00
39775851-f094-4568-befe-53ab12f6dc8d,a83f0aec-4e5c-4467-a9ab-43634b46c1f6,038038e3-ce98-4ccc-8f3c-1be357d7e81d,2026-04-13,present,8,Via strauss,DELETE,2026-08-04 14:19:24.338612+00
7b2ca319-6281-4bd2-8b71-c8f96e1b0e8d,a83f0aec-4e5c-4467-a9ab-43634b46c1f6,038038e3-ce98-4ccc-8f3c-1be357d7e81d,2026-06-03,injury,0,"",DELETE,2026-08-04 14:19:24.338612+00
3b58bce5-ea49-4521-8325-d82dc9d91b80,a83f0aec-4e5c-4467-a9ab-43634b46c1f6,038038e3-ce98-4ccc-8f3c-1be357d7e81d,2026-06-06,injury,0,"",DELETE,2026-08-04 14:19:24.338612+00
33f4260e-8982-4901-87a4-926d061619ec,a83f0aec-4e5c-4467-a9ab-43634b46c1f6,038038e3-ce98-4ccc-8f3c-1be357d7e81d,2026-06-09,injury,0,"",DELETE,2026-08-04 14:19:24.338612+00
4b0b2df6-6a41-4ed2-bb7f-5bb0ac23886f,a83f0aec-4e5c-4467-a9ab-43634b46c1f6,038038e3-ce98-4ccc-8f3c-1be357d7e81d,2026-06-12,injury,0,"",DELETE,2026-08-04 14:19:24.338612+00
bcde6036-17d4-4814-9fec-7434d452ea6f,a83f0aec-4e5c-4467-a9ab-43634b46c1f6,038038e3-ce98-4ccc-8f3c-1be357d7e81d,2026-06-15,injury,0,"",DELETE,2026-08-04 14:19:24.338612+00
e2c23db4-3979-45d1-a9ee-683a65e9a060,a83f0aec-4e5c-4467-a9ab-43634b46c1f6,038038e3-ce98-4ccc-8f3c-1be357d7e81d,2026-04-08,present,8,Via strauss,DELETE,2026-08-04 14:19:24.338612+00
d39dfcf6-765a-4662-b3e6-3fb08cf11b6b,a83f0aec-4e5c-4467-a9ab-43634b46c1f6,038038e3-ce98-4ccc-8f3c-1be357d7e81d,2026-04-14,present,8,Via strauss,DELETE,2026-08-04 14:19:24.338612+00
0da5fa77-657f-4c42-99f2-a467c7fc287f,a83f0aec-4e5c-4467-a9ab-43634b46c1f6,038038e3-ce98-4ccc-8f3c-1be357d7e81d,2026-02-23,present,8,Via bottego,DELETE,2026-08-04 14:19:24.338612+00
d1434d28-47bc-4216-9c4b-0efa1e8ea153,a83f0aec-4e5c-4467-a9ab-43634b46c1f6,038038e3-ce98-4ccc-8f3c-1be357d7e81d,2026-06-08,injury,0,"",DELETE,2026-08-04 14:19:24.338612+00
3491e2d8-db07-4cd3-a089-e76954c142fa,a83f0aec-4e5c-4467-a9ab-43634b46c1f6,038038e3-ce98-4ccc-8f3c-1be357d7e81d,2026-06-11,injury,0,"",DELETE,2026-08-04 14:19:24.338612+00
5cb1de83-1be3-4781-ab6b-a666dba86dce,a83f0aec-4e5c-4467-a9ab-43634b46c1f6,038038e3-ce98-4ccc-8f3c-1be357d7e81d,2026-06-14,injury,0,"",DELETE,2026-08-04 14:19:24.338612+00
8bf5f25b-277b-4e21-969c-60fbf4b0e0e6,a83f0aec-4e5c-4467-a9ab-43634b46c1f6,038038e3-ce98-4ccc-8f3c-1be357d7e81d,2026-06-17,injury,0,"",DELETE,2026-08-04 14:19:24.338612+00
3b96647c-284b-4734-be01-67a412065d89,a83f0aec-4e5c-4467-a9ab-43634b46c1f6,038038e3-ce98-4ccc-8f3c-1be357d7e81d,2026-02-24,present,8,Via bottego,DELETE,2026-08-04 14:19:24.338612+00
7301d845-0783-4093-94b3-dc686d791f43,a83f0aec-4e5c-4467-a9ab-43634b46c1f6,038038e3-ce98-4ccc-8f3c-1be357d7e81d,2026-02-25,present,8,Via bottego,DELETE,2026-08-04 14:19:24.338612+00
d01e0aec-e242-4f4c-9ff8-42cb7bfa4b37,a83f0aec-4e5c-4467-a9ab-43634b46c1f6,038038e3-ce98-4ccc-8f3c-1be357d7e81d,2026-02-26,present,8,Via bottego,DELETE,2026-08-04 14:19:24.338612+00
b8c24abc-5845-4ea0-8342-186e91fa952c,a83f0aec-4e5c-4467-a9ab-43634b46c1f6,038038e3-ce98-4ccc-8f3c-1be357d7e81d,2026-02-27,present,8,Via bottego,DELETE,2026-08-04 14:19:24.338612+00
506b23b1-5513-4df8-9194-729f7a53ad0c,a83f0aec-4e5c-4467-a9ab-43634b46c1f6,038038e3-ce98-4ccc-8f3c-1be357d7e81d,2026-03-06,holiday,0,"",DELETE,2026-08-04 14:19:24.338612+00
1603d7ab-455d-413c-9ce9-f9118c48add4,a83f0aec-4e5c-4467-a9ab-43634b46c1f6,038038e3-ce98-4ccc-8f3c-1be357d7e81d,2026-03-02,present,8,Via bottego,DELETE,2026-08-04 14:19:24.338612+00
1462fbb4-cd83-432c-ba01-fb9a909beea8,a83f0aec-4e5c-4467-a9ab-43634b46c1f6,038038e3-ce98-4ccc-8f3c-1be357d7e81d,2026-03-03,present,8,Via bottego,DELETE,2026-08-04 14:19:24.338612+00
1c5eff65-00ea-40cc-b522-42496b17c817,a83f0aec-4e5c-4467-a9ab-43634b46c1f6,038038e3-ce98-4ccc-8f3c-1be357d7e81d,2026-03-04,present,8,Via bottego,DELETE,2026-08-04 14:19:24.338612+00
af1c35bc-d11f-4c59-b7ba-f969bf44ff97,a83f0aec-4e5c-4467-a9ab-43634b46c1f6,038038e3-ce98-4ccc-8f3c-1be357d7e81d,2026-03-05,present,8,Via bottego,DELETE,2026-08-04 14:19:24.338612+00
8937077e-1d51-4560-9574-d75f7f0bf47b,a83f0aec-4e5c-4467-a9ab-43634b46c1f6,038038e3-ce98-4ccc-8f3c-1be357d7e81d,2026-03-09,present,8,Via bottego,DELETE,2026-08-04 14:19:24.338612+00
beee0e9b-9a22-4656-8f1d-87fb930b140d,a83f0aec-4e5c-4467-a9ab-43634b46c1f6,038038e3-ce98-4ccc-8f3c-1be357d7e81d,2026-04-20,present,8,Via strauss,DELETE,2026-08-04 14:19:24.338612+00
31b663df-ff0a-4d55-b5e6-b042fafed31e,a83f0aec-4e5c-4467-a9ab-43634b46c1f6,038038e3-ce98-4ccc-8f3c-1be357d7e81d,2026-04-22,present,8,Via strauss,DELETE,2026-08-04 14:19:24.338612+00
c42fecba-b413-4da3-b1be-3187d1cd62cc,a83f0aec-4e5c-4467-a9ab-43634b46c1f6,038038e3-ce98-4ccc-8f3c-1be357d7e81d,2026-03-18,present,8,Via bottego,DELETE,2026-08-04 14:19:24.338612+00
f7178799-d933-4d8f-9f7a-761039fd971d,a83f0aec-4e5c-4467-a9ab-43634b46c1f6,038038e3-ce98-4ccc-8f3c-1be357d7e81d,2026-03-19,present,8,Via bottego,DELETE,2026-08-04 14:19:24.338612+00
33e43dd8-286e-4d78-a2c4-136667f996c6,a83f0aec-4e5c-4467-a9ab-43634b46c1f6,038038e3-ce98-4ccc-8f3c-1be357d7e81d,2026-03-20,present,8,Via bottego,DELETE,2026-08-04 14:19:24.338612+00
996900ab-02dd-436a-a7e2-9f85e185d32c,a83f0aec-4e5c-4467-a9ab-43634b46c1f6,038038e3-ce98-4ccc-8f3c-1be357d7e81d,2026-03-10,present,8,Via bottego,DELETE,2026-08-04 14:19:24.338612+00
a9d606d2-83d9-4538-bb97-45aef412a6a6,a83f0aec-4e5c-4467-a9ab-43634b46c1f6,038038e3-ce98-4ccc-8f3c-1be357d7e81d,2026-03-11,present,8,Via bottego,DELETE,2026-08-04 14:19:24.338612+00
369c6b66-2753-48e8-b770-15acf190bec0,a83f0aec-4e5c-4467-a9ab-43634b46c1f6,038038e3-ce98-4ccc-8f3c-1be357d7e81d,2026-03-12,present,8,Via bottego,DELETE,2026-08-04 14:19:24.338612+00
79218425-85ca-4598-889c-4537f4db2388,a83f0aec-4e5c-4467-a9ab-43634b46c1f6,038038e3-ce98-4ccc-8f3c-1be357d7e81d,2026-03-13,present,8,Via bottego,DELETE,2026-08-04 14:19:24.338612+00
67a24b2f-8425-4c30-b3c0-395be194d6e4,a83f0aec-4e5c-4467-a9ab-43634b46c1f6,038038e3-ce98-4ccc-8f3c-1be357d7e81d,2026-03-16,present,8,Via bottego,DELETE,2026-08-04 14:19:24.338612+00
4ad0856f-abd6-47af-a21b-df7e43f22574,a83f0aec-4e5c-4467-a9ab-43634b46c1f6,038038e3-ce98-4ccc-8f3c-1be357d7e81d,2026-03-17,present,8,Via bottego,DELETE,2026-08-04 14:19:24.338612+00
b72fab62-8f57-41f8-8ccc-b603be91ed0a,a83f0aec-4e5c-4467-a9ab-43634b46c1f6,038038e3-ce98-4ccc-8f3c-1be357d7e81d,2026-04-15,present,8,Via strauss,DELETE,2026-08-04 14:19:24.338612+00
e24467a3-44d9-4ed6-af21-0bc6a361932f,a83f0aec-4e5c-4467-a9ab-43634b46c1f6,038038e3-ce98-4ccc-8f3c-1be357d7e81d,2026-04-16,present,8,Via strauss,DELETE,2026-08-04 14:19:24.338612+00
1e015a2a-f4c5-4edd-99fd-c4467dec06fa,a83f0aec-4e5c-4467-a9ab-43634b46c1f6,038038e3-ce98-4ccc-8f3c-1be357d7e81d,2026-04-17,present,8,Via strauss,DELETE,2026-08-04 14:19:24.338612+00
135e5997-35e1-4406-ac4c-670116f57ae6,a83f0aec-4e5c-4467-a9ab-43634b46c1f6,038038e3-ce98-4ccc-8f3c-1be357d7e81d,2026-04-21,present,8,Via strauss,DELETE,2026-08-04 14:19:24.338612+00
21cffb3b-445d-44db-99b5-0edd88d9950d,a83f0aec-4e5c-4467-a9ab-43634b46c1f6,038038e3-ce98-4ccc-8f3c-1be357d7e81d,2026-04-23,present,8,Via strauss,DELETE,2026-08-04 14:19:24.338612+00
3aaf2f29-561d-4c9e-a3a3-35c5f099c0ed,a83f0aec-4e5c-4467-a9ab-43634b46c1f6,038038e3-ce98-4ccc-8f3c-1be357d7e81d,2026-04-24,present,8,Via strauss,DELETE,2026-08-04 14:19:24.338612+00
76967708-f2e9-4741-96cc-4e2548dda90a,a83f0aec-4e5c-4467-a9ab-43634b46c1f6,038038e3-ce98-4ccc-8f3c-1be357d7e81d,2026-04-27,present,8,Via strauss,DELETE,2026-08-04 14:19:24.338612+00
647eb430-ae39-42a5-b4d3-b46bb0862300,a83f0aec-4e5c-4467-a9ab-43634b46c1f6,038038e3-ce98-4ccc-8f3c-1be357d7e81d,2026-06-18,injury,0,"",DELETE,2026-08-04 14:19:24.338612+00
8780532c-4ecf-4476-b067-881b8520bd51,a83f0aec-4e5c-4467-a9ab-43634b46c1f6,038038e3-ce98-4ccc-8f3c-1be357d7e81d,2026-06-22,injury,0,"",DELETE,2026-08-04 14:19:24.338612+00
fc8df637-8233-407f-9a0f-3b25485b3226,a83f0aec-4e5c-4467-a9ab-43634b46c1f6,038038e3-ce98-4ccc-8f3c-1be357d7e81d,2026-06-25,injury,0,"",DELETE,2026-08-04 14:19:24.338612+00
f08d124f-fd25-462f-9e6c-1b00d15a428a,a83f0aec-4e5c-4467-a9ab-43634b46c1f6,038038e3-ce98-4ccc-8f3c-1be357d7e81d,2026-06-27,injury,0,"",DELETE,2026-08-04 14:19:24.338612+00
99496bbd-720d-464f-bb52-efaf963e85e0,a83f0aec-4e5c-4467-a9ab-43634b46c1f6,038038e3-ce98-4ccc-8f3c-1be357d7e81d,2026-06-28,injury,0,"",DELETE,2026-08-04 14:19:24.338612+00
5ed89020-e327-4f83-b6c0-18a4ed776210,a83f0aec-4e5c-4467-a9ab-43634b46c1f6,038038e3-ce98-4ccc-8f3c-1be357d7e81d,2026-06-29,injury,0,"",DELETE,2026-08-04 14:19:24.338612+00
ed4af960-58cc-417e-b269-2d3f547f335c,a83f0aec-4e5c-4467-a9ab-43634b46c1f6,038038e3-ce98-4ccc-8f3c-1be357d7e81d,2026-07-02,injury,0,"",DELETE,2026-08-04 14:19:24.338612+00
b222ab7d-3f10-4d4a-88b4-1b708216e2ec,a83f0aec-4e5c-4467-a9ab-43634b46c1f6,038038e3-ce98-4ccc-8f3c-1be357d7e81d,2026-07-07,injury,0,"",DELETE,2026-08-04 14:19:24.338612+00
a59d2504-c238-4ce6-af70-adf48ec0dd80,a83f0aec-4e5c-4467-a9ab-43634b46c1f6,038038e3-ce98-4ccc-8f3c-1be357d7e81d,2026-07-09,injury,0,"",DELETE,2026-08-04 14:19:24.338612+00
624af516-1c39-4712-9857-5fc03de5b5b5,a83f0aec-4e5c-4467-a9ab-43634b46c1f6,038038e3-ce98-4ccc-8f3c-1be357d7e81d,2026-07-16,injury,0,"",DELETE,2026-08-04 14:19:24.338612+00
1e8e0e80-df45-4c02-8e1a-5a866528d45b,a83f0aec-4e5c-4467-a9ab-43634b46c1f6,038038e3-ce98-4ccc-8f3c-1be357d7e81d,2026-06-19,injury,0,"",DELETE,2026-08-04 14:19:24.338612+00
ee330142-5fbd-4949-9f5f-2f79025ea595,a83f0aec-4e5c-4467-a9ab-43634b46c1f6,038038e3-ce98-4ccc-8f3c-1be357d7e81d,2026-06-24,injury,0,"",DELETE,2026-08-04 14:19:24.338612+00
f3852c6d-1e57-46b8-aadd-6d481ff4b872,a83f0aec-4e5c-4467-a9ab-43634b46c1f6,038038e3-ce98-4ccc-8f3c-1be357d7e81d,2026-06-21,injury,0,"",DELETE,2026-08-04 14:19:24.338612+00
91de7470-ac29-42fe-a8e3-8070073f9ea6,a83f0aec-4e5c-4467-a9ab-43634b46c1f6,038038e3-ce98-4ccc-8f3c-1be357d7e81d,2026-07-01,injury,0,"",DELETE,2026-08-04 14:19:24.338612+00
1b1f52bc-b274-4cab-8c76-124cb4f9e84a,a83f0aec-4e5c-4467-a9ab-43634b46c1f6,038038e3-ce98-4ccc-8f3c-1be357d7e81d,2026-07-04,injury,0,"",DELETE,2026-08-04 14:19:24.338612+00
f9d7b528-f7d8-4fab-b9ed-8da6bf1e03da,a83f0aec-4e5c-4467-a9ab-43634b46c1f6,038038e3-ce98-4ccc-8f3c-1be357d7e81d,2026-07-05,injury,0,"",DELETE,2026-08-04 14:19:24.338612+00
a3661406-5771-4c2a-897b-3d4521255b78,a83f0aec-4e5c-4467-a9ab-43634b46c1f6,038038e3-ce98-4ccc-8f3c-1be357d7e81d,2026-07-06,injury,0,"",DELETE,2026-08-04 14:19:24.338612+00
4fc87f8e-93be-4b8a-9aa1-dc68f216aa73,a83f0aec-4e5c-4467-a9ab-43634b46c1f6,038038e3-ce98-4ccc-8f3c-1be357d7e81d,2026-07-08,injury,0,"",DELETE,2026-08-04 14:19:24.338612+00
97fe860c-11f8-4433-9d37-0be516e1745c,a83f0aec-4e5c-4467-a9ab-43634b46c1f6,038038e3-ce98-4ccc-8f3c-1be357d7e81d,2026-07-15,injury,0,"",DELETE,2026-08-04 14:19:24.338612+00
f1762cfc-9c1c-4b8f-bd40-7262890f8f01,a83f0aec-4e5c-4467-a9ab-43634b46c1f6,038038e3-ce98-4ccc-8f3c-1be357d7e81d,2026-07-20,injury,0,"",DELETE,2026-08-04 14:19:24.338612+00
83c3ec98-4201-425c-a181-0dc7e184d2b2,a83f0aec-4e5c-4467-a9ab-43634b46c1f6,038038e3-ce98-4ccc-8f3c-1be357d7e81d,2026-07-12,injury,0,"",DELETE,2026-08-04 14:19:24.338612+00
3f24fc7c-41a3-45bb-afb2-e44881fd79c4,a83f0aec-4e5c-4467-a9ab-43634b46c1f6,038038e3-ce98-4ccc-8f3c-1be357d7e81d,2026-03-23,present,6,Via bottego,DELETE,2026-08-04 14:19:24.338612+00
7f0c4254-814a-4af9-9acd-4560fff48386,a83f0aec-4e5c-4467-a9ab-43634b46c1f6,038038e3-ce98-4ccc-8f3c-1be357d7e81d,2026-03-24,present,8,Via bottego,DELETE,2026-08-04 14:19:24.338612+00
4d4a3775-039c-45a3-b89e-460239ee35c2,a83f0aec-4e5c-4467-a9ab-43634b46c1f6,038038e3-ce98-4ccc-8f3c-1be357d7e81d,2026-03-25,present,8,Via bottego,DELETE,2026-08-04 14:19:24.338612+00
1e3ec37b-a40e-4aa4-a990-7142cfc25b02,a83f0aec-4e5c-4467-a9ab-43634b46c1f6,038038e3-ce98-4ccc-8f3c-1be357d7e81d,2026-06-23,injury,0,"",DELETE,2026-08-04 14:19:24.338612+00
9036d89e-26d9-4f2e-ba93-d2060456e4b4,a83f0aec-4e5c-4467-a9ab-43634b46c1f6,038038e3-ce98-4ccc-8f3c-1be357d7e81d,2026-06-26,injury,0,"",DELETE,2026-08-04 14:19:24.338612+00
59194896-f4d3-44a1-9f2e-a591d7e2351d,a83f0aec-4e5c-4467-a9ab-43634b46c1f6,038038e3-ce98-4ccc-8f3c-1be357d7e81d,2026-06-20,injury,0,"",DELETE,2026-08-04 14:19:24.338612+00
d78b09b2-9edb-4823-9db7-8cd6beafd388,a83f0aec-4e5c-4467-a9ab-43634b46c1f6,038038e3-ce98-4ccc-8f3c-1be357d7e81d,2026-06-30,injury,0,"",DELETE,2026-08-04 14:19:24.338612+00
27ffccf9-2dae-4792-a2a1-7397cef34dcc,a83f0aec-4e5c-4467-a9ab-43634b46c1f6,038038e3-ce98-4ccc-8f3c-1be357d7e81d,2026-07-03,injury,0,"",DELETE,2026-08-04 14:19:24.338612+00
1b86dc56-7a84-49eb-88eb-2a1659e54af1,a83f0aec-4e5c-4467-a9ab-43634b46c1f6,038038e3-ce98-4ccc-8f3c-1be357d7e81d,2026-07-10,injury,0,"",DELETE,2026-08-04 14:19:24.338612+00
91672196-6859-4bd3-9b4d-f02db6c0b54e,a83f0aec-4e5c-4467-a9ab-43634b46c1f6,038038e3-ce98-4ccc-8f3c-1be357d7e81d,2026-07-17,injury,0,"",DELETE,2026-08-04 14:19:24.338612+00
dee92e54-b1a1-4701-a640-f2022a269e50,a83f0aec-4e5c-4467-a9ab-43634b46c1f6,038038e3-ce98-4ccc-8f3c-1be357d7e81d,2026-07-14,injury,0,"",DELETE,2026-08-04 14:19:24.338612+00
ec21dd7b-2cf7-4874-8535-d234e0461b85,a83f0aec-4e5c-4467-a9ab-43634b46c1f6,038038e3-ce98-4ccc-8f3c-1be357d7e81d,2026-07-11,injury,0,"",DELETE,2026-08-04 14:19:24.338612+00
d56c71b6-8fa3-456a-86db-411e6ffebaea,a83f0aec-4e5c-4467-a9ab-43634b46c1f6,038038e3-ce98-4ccc-8f3c-1be357d7e81d,2026-07-18,injury,0,"",DELETE,2026-08-04 14:19:24.338612+00
c4d66f77-f7c4-474d-be91-cbe9be25f58b,a83f0aec-4e5c-4467-a9ab-43634b46c1f6,038038e3-ce98-4ccc-8f3c-1be357d7e81d,2026-07-19,injury,0,"",DELETE,2026-08-04 14:19:24.338612+00
92e7ef36-cc2e-4b60-a482-43f7672dac5e,a83f0aec-4e5c-4467-a9ab-43634b46c1f6,038038e3-ce98-4ccc-8f3c-1be357d7e81d,2026-03-26,present,8,Via bottego,DELETE,2026-08-04 14:19:24.338612+00
d33069d6-f57d-45d1-88a5-b68a057a4848,a83f0aec-4e5c-4467-a9ab-43634b46c1f6,038038e3-ce98-4ccc-8f3c-1be357d7e81d,2026-03-27,present,5,Via bottego,DELETE,2026-08-04 14:19:24.338612+00
b2df987d-ea95-4eef-bc19-f35996f75992,a83f0aec-4e5c-4467-a9ab-43634b46c1f6,038038e3-ce98-4ccc-8f3c-1be357d7e81d,2026-07-13,injury,0,"",DELETE,2026-08-04 14:19:24.338612+00
3452f9f2-568e-4cd3-a093-47f1b4cd248f,a83f0aec-4e5c-4467-a9ab-43634b46c1f6,038038e3-ce98-4ccc-8f3c-1be357d7e81d,2026-05-01,holiday,0,"",DELETE,2026-08-04 14:19:24.338612+00
c9c90b9b-d8f6-4cd2-b3f5-866cd3c599f3,a83f0aec-4e5c-4467-a9ab-43634b46c1f6,038038e3-ce98-4ccc-8f3c-1be357d7e81d,2026-03-30,present,8,Via bottego,DELETE,2026-08-04 14:19:24.338612+00
08cde187-4d43-4993-93d6-75d44e67c656,a83f0aec-4e5c-4467-a9ab-43634b46c1f6,038038e3-ce98-4ccc-8f3c-1be357d7e81d,2026-03-31,present,8,Via bottego,DELETE,2026-08-04 14:19:24.338612+00
147b192a-3e31-4d59-b56d-389d3fe6b055,a83f0aec-4e5c-4467-a9ab-43634b46c1f6,038038e3-ce98-4ccc-8f3c-1be357d7e81d,2026-04-06,holiday,0,"",DELETE,2026-08-04 14:19:24.338612+00
c9564533-d553-4f15-97e0-540f9eb71553,a83f0aec-4e5c-4467-a9ab-43634b46c1f6,038038e3-ce98-4ccc-8f3c-1be357d7e81d,2026-04-01,present,8,Via copernico,DELETE,2026-08-04 14:19:24.338612+00
16a1a6db-120b-493a-8e26-8d39a5251460,a83f0aec-4e5c-4467-a9ab-43634b46c1f6,038038e3-ce98-4ccc-8f3c-1be357d7e81d,2026-04-02,present,8,Via copernico,DELETE,2026-08-04 14:19:24.338612+00
7ccd6e79-ab83-485b-9312-a4f1167f781f,a83f0aec-4e5c-4467-a9ab-43634b46c1f6,038038e3-ce98-4ccc-8f3c-1be357d7e81d,2026-07-28,injury,0,"",DELETE,2026-08-04 14:19:24.338612+00
d155674c-83fa-4c4d-be32-6463fd5070ac,a83f0aec-4e5c-4467-a9ab-43634b46c1f6,038038e3-ce98-4ccc-8f3c-1be357d7e81d,2026-07-27,injury,0,"",DELETE,2026-08-04 14:19:24.338612+00
817cdcde-3a80-444b-8df1-0310657eae99,a83f0aec-4e5c-4467-a9ab-43634b46c1f6,038038e3-ce98-4ccc-8f3c-1be357d7e81d,2026-07-26,injury,0,"",DELETE,2026-08-04 14:19:24.338612+00
bb19728e-840d-46db-b099-9a27c27c8445,a83f0aec-4e5c-4467-a9ab-43634b46c1f6,038038e3-ce98-4ccc-8f3c-1be357d7e81d,2026-07-21,injury,0,"",DELETE,2026-08-04 14:19:24.338612+00
92aa8997-df7c-4ac6-afd8-5afd8ee830c6,a83f0aec-4e5c-4467-a9ab-43634b46c1f6,038038e3-ce98-4ccc-8f3c-1be357d7e81d,2026-07-25,injury,0,"",DELETE,2026-08-04 14:19:24.338612+00
cc5189f7-d2fc-4b84-88b4-edb593456c56,a83f0aec-4e5c-4467-a9ab-43634b46c1f6,038038e3-ce98-4ccc-8f3c-1be357d7e81d,2026-07-24,injury,0,"",DELETE,2026-08-04 14:19:24.338612+00
5b05024f-bdd1-4737-ba7d-3af69c53ed91,a83f0aec-4e5c-4467-a9ab-43634b46c1f6,038038e3-ce98-4ccc-8f3c-1be357d7e81d,2026-07-23,injury,0,"",DELETE,2026-08-04 14:19:24.338612+00
d18549f0-5bf8-49f4-8390-2946dc54f484,a83f0aec-4e5c-4467-a9ab-43634b46c1f6,038038e3-ce98-4ccc-8f3c-1be357d7e81d,2026-07-22,injury,0,"",DELETE,2026-08-04 14:19:24.338612+00
5c8b5906-2773-460f-be4b-15aad115ce57,a83f0aec-4e5c-4467-a9ab-43634b46c1f6,038038e3-ce98-4ccc-8f3c-1be357d7e81d,2026-07-29,injury,0,"",DELETE,2026-08-04 14:19:24.338612+00
77e15f7f-4e83-4e7a-b53e-365693e70f2e,a83f0aec-4e5c-4467-a9ab-43634b46c1f6,038038e3-ce98-4ccc-8f3c-1be357d7e81d,2026-07-30,injury,0,"",DELETE,2026-08-04 14:19:24.338612+00
e2dcef28-2995-4b42-9122-5538db70d346,a83f0aec-4e5c-4467-a9ab-43634b46c1f6,038038e3-ce98-4ccc-8f3c-1be357d7e81d,2026-07-31,injury,0,"",DELETE,2026-08-04 14:19:24.338612+00
d3bf6b7f-cf38-4bc7-a2df-91871d2c51f2,a83f0aec-4e5c-4467-a9ab-43634b46c1f6,ed36110d-a2cf-4a88-91c7-0d23f758cd4c,2026-08-03,holiday,0,"",UPDATE,2026-08-04 15:35:33.984842+00
91aac70d-9234-4025-9656-3d024b4a2312,a83f0aec-4e5c-4467-a9ab-43634b46c1f6,ed36110d-a2cf-4a88-91c7-0d23f758cd4c,2026-08-04,holiday,0,"",UPDATE,2026-08-04 15:35:35.806124+00
51768e25-31be-40fa-9fff-ec456918ed03,a83f0aec-4e5c-4467-a9ab-43634b46c1f6,ed36110d-a2cf-4a88-91c7-0d23f758cd4c,2026-08-05,holiday,0,"",UPDATE,2026-08-04 15:35:37.943048+00
b8d56f49-d855-4b24-b5c8-b274dccc65db,a83f0aec-4e5c-4467-a9ab-43634b46c1f6,ed36110d-a2cf-4a88-91c7-0d23f758cd4c,2026-08-07,holiday,0,"",UPDATE,2026-08-04 15:35:43.901873+00
7cfa617e-c3dc-4cc5-a1c1-ee9f667e36b3,a83f0aec-4e5c-4467-a9ab-43634b46c1f6,ed36110d-a2cf-4a88-91c7-0d23f758cd4c,2026-08-06,holiday,0,"",UPDATE,2026-08-04 15:35:44.50894+00
04cb8d7f-a5ac-47f0-b895-e02ac57d90c9,a83f0aec-4e5c-4467-a9ab-43634b46c1f6,ed36110d-a2cf-4a88-91c7-0d23f758cd4c,2026-08-10,holiday,0,"",UPDATE,2026-08-04 15:35:46.30283+00
1924b0e6-c3d4-4716-983b-03d7c2ffcf80,a83f0aec-4e5c-4467-a9ab-43634b46c1f6,ed36110d-a2cf-4a88-91c7-0d23f758cd4c,2026-08-11,holiday,0,"",UPDATE,2026-08-04 15:35:47.973341+00
423c6d70-b673-44ec-b8c3-c8a124257a95,a83f0aec-4e5c-4467-a9ab-43634b46c1f6,ed36110d-a2cf-4a88-91c7-0d23f758cd4c,2026-08-12,holiday,0,"",UPDATE,2026-08-04 15:35:49.526308+00
7728aa60-4024-484d-ac6b-23c783fd7fb0,a83f0aec-4e5c-4467-a9ab-43634b46c1f6,ed36110d-a2cf-4a88-91c7-0d23f758cd4c,2026-08-13,holiday,0,"",UPDATE,2026-08-04 15:35:50.572619+00
864bfc2d-4a89-4085-942c-c954b12bc6f1,a83f0aec-4e5c-4467-a9ab-43634b46c1f6,ed36110d-a2cf-4a88-91c7-0d23f758cd4c,2026-08-14,holiday,0,"",UPDATE,2026-08-04 15:35:51.742218+00
3c4e9527-0ce7-413e-9205-d70b6aaf5786,a83f0aec-4e5c-4467-a9ab-43634b46c1f6,ed36110d-a2cf-4a88-91c7-0d23f758cd4c,2026-08-17,holiday,0,"",UPDATE,2026-08-04 15:35:53.4623+00
9919ff53-483c-4917-a755-e78219316d79,a83f0aec-4e5c-4467-a9ab-43634b46c1f6,ed36110d-a2cf-4a88-91c7-0d23f758cd4c,2026-08-18,holiday,0,"",UPDATE,2026-08-04 15:35:55.021432+00
8b6f1da5-093d-432c-bcf5-5b146166ecf7,a83f0aec-4e5c-4467-a9ab-43634b46c1f6,ed36110d-a2cf-4a88-91c7-0d23f758cd4c,2026-08-19,holiday,0,"",UPDATE,2026-08-04 15:35:56.594523+00
b1c4a7a0-b455-4081-8fb3-11f902aa745b,a83f0aec-4e5c-4467-a9ab-43634b46c1f6,2197b6fd-9cb2-4d34-8118-cf9f11b573d7,2026-08-04,present,8,Via copernico,UPDATE,2026-08-05 10:55:09.320864+00
d2d79319-4204-48d1-859c-b3a4d41e00f8,a83f0aec-4e5c-4467-a9ab-43634b46c1f6,ed36110d-a2cf-4a88-91c7-0d23f758cd4c,2026-08-20,holiday,0,"",UPDATE,2026-08-04 15:35:58.12298+00
e19e4faf-30eb-43af-84ec-02483af044f3,a83f0aec-4e5c-4467-a9ab-43634b46c1f6,ed36110d-a2cf-4a88-91c7-0d23f758cd4c,2026-08-21,holiday,0,"",UPDATE,2026-08-04 15:35:59.552247+00
136fcf53-7607-42d9-bd44-848cf31394fd,a83f0aec-4e5c-4467-a9ab-43634b46c1f6,ed36110d-a2cf-4a88-91c7-0d23f758cd4c,2026-08-24,holiday,0,"",UPDATE,2026-08-04 15:36:01.462643+00
54794bd2-f9ee-4ef6-bbfc-f1bbcf516d4d,a83f0aec-4e5c-4467-a9ab-43634b46c1f6,ed36110d-a2cf-4a88-91c7-0d23f758cd4c,2026-08-25,holiday,0,"",UPDATE,2026-08-04 15:36:02.831514+00
954b46bc-4c13-4743-b4ed-83a0107db9ca,a83f0aec-4e5c-4467-a9ab-43634b46c1f6,bd23f301-51a8-4e05-a640-c66306e27ef6,2026-08-17,holiday,0,"",UPDATE,2026-08-07 15:17:49.193979+00
ed437920-f8fa-420f-9446-0e91cf019284,a83f0aec-4e5c-4467-a9ab-43634b46c1f6,ed36110d-a2cf-4a88-91c7-0d23f758cd4c,2026-08-26,holiday,0,"",UPDATE,2026-08-04 15:36:04.402807+00
6ffa09e4-e170-40be-92ac-04c99c8be2ba,a83f0aec-4e5c-4467-a9ab-43634b46c1f6,bd23f301-51a8-4e05-a640-c66306e27ef6,2026-08-18,holiday,0,"",UPDATE,2026-08-07 15:17:50.704258+00
d915a21e-84b9-4920-b36e-b906c4c53a65,a83f0aec-4e5c-4467-a9ab-43634b46c1f6,ed36110d-a2cf-4a88-91c7-0d23f758cd4c,2026-08-27,holiday,0,"",UPDATE,2026-08-04 15:36:05.822192+00
43536eae-d739-449a-a2c5-bfc91af50fc0,a83f0aec-4e5c-4467-a9ab-43634b46c1f6,bd23f301-51a8-4e05-a640-c66306e27ef6,2026-08-19,holiday,0,"",UPDATE,2026-08-07 15:17:51.996131+00
9fec5108-c8bd-415a-ad99-cdff7c17670e,a83f0aec-4e5c-4467-a9ab-43634b46c1f6,ed36110d-a2cf-4a88-91c7-0d23f758cd4c,2026-08-28,holiday,0,"",UPDATE,2026-08-04 15:36:07.33157+00
98bf155a-f8e5-44df-9f9a-fe9918bea129,a83f0aec-4e5c-4467-a9ab-43634b46c1f6,33872abe-802f-47d0-8614-f4d206fff08f,2026-08-03,present,8,"",INSERT,2026-08-05 10:50:06.426252+00
a6bbb6d3-47c7-4382-a703-b3f3e28cf453,a83f0aec-4e5c-4467-a9ab-43634b46c1f6,33872abe-802f-47d0-8614-f4d206fff08f,2026-08-04,present,8,"",INSERT,2026-08-05 10:50:08.647404+00
4eb7d09e-a47b-4de3-b19a-1a36c7a4e735,a83f0aec-4e5c-4467-a9ab-43634b46c1f6,33872abe-802f-47d0-8614-f4d206fff08f,2026-08-05,present,8,"",INSERT,2026-08-05 10:50:10.191886+00
15ba3f18-4e1e-40eb-ac5b-bab81ba45f8d,a83f0aec-4e5c-4467-a9ab-43634b46c1f6,33872abe-802f-47d0-8614-f4d206fff08f,2026-08-06,present,8,"",INSERT,2026-08-05 10:50:11.107493+00
90e47d12-61a9-47fa-a3bb-46b60e122ecb,a83f0aec-4e5c-4467-a9ab-43634b46c1f6,33872abe-802f-47d0-8614-f4d206fff08f,2026-08-07,present,8,"",INSERT,2026-08-05 10:50:11.796004+00
0b5738e4-a740-4c71-a5a7-ae20dbcbf84f,a83f0aec-4e5c-4467-a9ab-43634b46c1f6,bd23f301-51a8-4e05-a640-c66306e27ef6,2026-08-03,present,8,"",INSERT,2026-08-05 10:50:17.58474+00
cdce84ba-b801-4b24-a058-c4fb3f279054,a83f0aec-4e5c-4467-a9ab-43634b46c1f6,bd23f301-51a8-4e05-a640-c66306e27ef6,2026-08-04,present,8,"",INSERT,2026-08-05 10:50:18.009578+00
6d4ac37e-dd0d-424d-b24a-dc61c4e3310b,a83f0aec-4e5c-4467-a9ab-43634b46c1f6,bd23f301-51a8-4e05-a640-c66306e27ef6,2026-08-05,present,8,"",INSERT,2026-08-05 10:50:18.425131+00
8866c502-5122-4b95-a570-6dff7f42df53,a83f0aec-4e5c-4467-a9ab-43634b46c1f6,bd23f301-51a8-4e05-a640-c66306e27ef6,2026-08-06,present,8,"",INSERT,2026-08-05 10:50:18.877884+00
d3abcfed-f720-46a1-9048-c847a62c4689,a83f0aec-4e5c-4467-a9ab-43634b46c1f6,bd23f301-51a8-4e05-a640-c66306e27ef6,2026-08-07,present,8,"",INSERT,2026-08-05 10:50:19.303426+00
10d1c82f-8773-427c-b7b8-73ed2b2c1e61,a83f0aec-4e5c-4467-a9ab-43634b46c1f6,0af3ee03-5ad8-4726-81bb-ba490b621682,2026-08-03,present,8,"",INSERT,2026-08-05 10:50:22.765675+00
8c7130a4-967a-48d7-8fff-77002902d6d8,a83f0aec-4e5c-4467-a9ab-43634b46c1f6,0af3ee03-5ad8-4726-81bb-ba490b621682,2026-08-04,present,8,"",INSERT,2026-08-05 10:50:23.198083+00
5504a424-6634-45c3-8cd5-c3e21da94337,a83f0aec-4e5c-4467-a9ab-43634b46c1f6,0af3ee03-5ad8-4726-81bb-ba490b621682,2026-08-05,present,8,"",INSERT,2026-08-05 10:50:23.533585+00
0e938600-1684-41f0-8204-d0d401f85379,a83f0aec-4e5c-4467-a9ab-43634b46c1f6,0af3ee03-5ad8-4726-81bb-ba490b621682,2026-08-06,present,8,"",INSERT,2026-08-05 10:50:23.933775+00
b945c32f-5b26-4a71-98a7-9f5798de2af8,a83f0aec-4e5c-4467-a9ab-43634b46c1f6,0af3ee03-5ad8-4726-81bb-ba490b621682,2026-08-07,present,8,"",INSERT,2026-08-05 10:50:24.286435+00
509ce61e-8a12-4e6e-ac2e-722bc363c0ee,a83f0aec-4e5c-4467-a9ab-43634b46c1f6,f029e10a-9baf-4528-b950-2e10fb4d13ce,2026-08-03,present,8,"",INSERT,2026-08-05 10:50:25.608101+00
c0e514b5-b16f-42b2-9967-c6f5ca162d83,a83f0aec-4e5c-4467-a9ab-43634b46c1f6,f029e10a-9baf-4528-b950-2e10fb4d13ce,2026-08-04,present,8,"",INSERT,2026-08-05 10:50:25.872043+00
19e170fe-2000-421f-b894-d57fdf0b92db,a83f0aec-4e5c-4467-a9ab-43634b46c1f6,bd23f301-51a8-4e05-a640-c66306e27ef6,2026-08-20,holiday,0,"",UPDATE,2026-08-07 15:17:53.361161+00
97e5d664-7ffe-443c-ba21-8b2b7c18d8c3,a83f0aec-4e5c-4467-a9ab-43634b46c1f6,f029e10a-9baf-4528-b950-2e10fb4d13ce,2026-08-05,present,8,"",UPDATE,2026-08-05 10:50:28.706223+00
64f28a50-499d-47ec-8d41-2467fa5d6bb8,a83f0aec-4e5c-4467-a9ab-43634b46c1f6,f029e10a-9baf-4528-b950-2e10fb4d13ce,2026-08-06,present,8,"",INSERT,2026-08-05 10:50:29.198275+00
8e505741-80db-4589-a461-dac73c2e8a9c,a83f0aec-4e5c-4467-a9ab-43634b46c1f6,f029e10a-9baf-4528-b950-2e10fb4d13ce,2026-08-07,present,8,"",INSERT,2026-08-05 10:50:29.686852+00
740da21a-a132-4ca2-b5fc-4a4a36ac6896,a83f0aec-4e5c-4467-a9ab-43634b46c1f6,a78a69df-18f8-45b2-866f-214377a09e87,2026-08-03,present,8,"",INSERT,2026-08-05 10:50:31.57756+00
a787eb70-6d68-4a96-b04b-79fa5acf83ce,a83f0aec-4e5c-4467-a9ab-43634b46c1f6,a78a69df-18f8-45b2-866f-214377a09e87,2026-08-04,present,8,"",INSERT,2026-08-05 10:50:31.926339+00
693b2276-fcbc-4fbf-8044-b8a67c048ae7,a83f0aec-4e5c-4467-a9ab-43634b46c1f6,a78a69df-18f8-45b2-866f-214377a09e87,2026-08-05,present,8,"",INSERT,2026-08-05 10:50:32.280347+00
59f1e230-73a9-4df2-a2ff-7006c91e7a70,a83f0aec-4e5c-4467-a9ab-43634b46c1f6,a78a69df-18f8-45b2-866f-214377a09e87,2026-08-06,present,8,"",INSERT,2026-08-05 10:50:32.698933+00
ba087ad5-9263-4c47-a2ea-79324bad1997,a83f0aec-4e5c-4467-a9ab-43634b46c1f6,a78a69df-18f8-45b2-866f-214377a09e87,2026-08-07,present,8,"",INSERT,2026-08-05 10:50:33.116241+00
f1a8d5dc-e5d9-4ac9-ac11-707be18d6821,a83f0aec-4e5c-4467-a9ab-43634b46c1f6,e29ef4e3-a2cd-4328-8cd5-5d17785f1a83,2026-08-03,present,8,"",INSERT,2026-08-05 10:50:36.283569+00
9ef667e2-842a-407b-8890-8ced2fe5dafe,a83f0aec-4e5c-4467-a9ab-43634b46c1f6,e29ef4e3-a2cd-4328-8cd5-5d17785f1a83,2026-08-04,present,8,"",INSERT,2026-08-05 10:50:36.606929+00
c2122052-3b0f-4d4c-be0a-1351159d3540,a83f0aec-4e5c-4467-a9ab-43634b46c1f6,e29ef4e3-a2cd-4328-8cd5-5d17785f1a83,2026-08-05,present,8,"",INSERT,2026-08-05 10:50:36.946479+00
48a17a89-d20a-44b6-b5c1-c64524c3e003,a83f0aec-4e5c-4467-a9ab-43634b46c1f6,e29ef4e3-a2cd-4328-8cd5-5d17785f1a83,2026-08-06,present,8,"",INSERT,2026-08-05 10:50:37.356083+00
26e1a7ce-d44f-447f-a384-cafc312f3b66,a83f0aec-4e5c-4467-a9ab-43634b46c1f6,e29ef4e3-a2cd-4328-8cd5-5d17785f1a83,2026-08-07,present,8,"",INSERT,2026-08-05 10:50:37.738855+00
3e833061-183e-495e-9b45-fa7e2c76f9cd,a83f0aec-4e5c-4467-a9ab-43634b46c1f6,b8da2a0d-01f4-40e4-823f-d0e64c0d5a85,2026-08-03,present,8,"",INSERT,2026-08-05 10:50:39.420872+00
ce6ea237-ca3a-4c12-806c-e82e342be9bd,a83f0aec-4e5c-4467-a9ab-43634b46c1f6,b8da2a0d-01f4-40e4-823f-d0e64c0d5a85,2026-08-04,present,8,"",INSERT,2026-08-05 10:50:40.427657+00
31d584bd-c4e7-4c67-b4db-586a49922ab5,a83f0aec-4e5c-4467-a9ab-43634b46c1f6,b8da2a0d-01f4-40e4-823f-d0e64c0d5a85,2026-08-05,present,8,"",INSERT,2026-08-05 10:50:40.433346+00
36c36466-c568-4d97-bee4-84d41632a1a6,a83f0aec-4e5c-4467-a9ab-43634b46c1f6,b8da2a0d-01f4-40e4-823f-d0e64c0d5a85,2026-08-06,present,8,"",INSERT,2026-08-05 10:50:40.50966+00
1545f526-0156-4b50-82b3-e09d5aa6d61b,a83f0aec-4e5c-4467-a9ab-43634b46c1f6,b8da2a0d-01f4-40e4-823f-d0e64c0d5a85,2026-08-07,present,8,"",INSERT,2026-08-05 10:50:40.91725+00
1e71f004-e565-49ad-9030-a62f593df3f3,a83f0aec-4e5c-4467-a9ab-43634b46c1f6,55c515b0-f4e2-4b80-8d6f-e2755cb31866,2026-08-03,present,8,"",INSERT,2026-08-05 10:50:42.397279+00
e3005794-e9a2-4379-a6b3-8f738f5f05c3,a83f0aec-4e5c-4467-a9ab-43634b46c1f6,55c515b0-f4e2-4b80-8d6f-e2755cb31866,2026-08-04,present,8,"",INSERT,2026-08-05 10:50:42.758565+00
db21d65a-f600-4037-b7a9-121a5d040f13,a83f0aec-4e5c-4467-a9ab-43634b46c1f6,bd23f301-51a8-4e05-a640-c66306e27ef6,2026-08-21,holiday,0,"",UPDATE,2026-08-07 15:17:54.841173+00
11c76cf9-4d5e-480c-b405-9ccafc164c87,a83f0aec-4e5c-4467-a9ab-43634b46c1f6,bd23f301-51a8-4e05-a640-c66306e27ef6,2026-08-28,holiday,0,"",UPDATE,2026-08-07 15:17:56.412019+00
43f38230-040f-4857-add4-83df95866b71,a83f0aec-4e5c-4467-a9ab-43634b46c1f6,0af3ee03-5ad8-4726-81bb-ba490b621682,2026-08-10,holiday,0,"",UPDATE,2026-08-07 15:18:07.080539+00
91c89d1e-1bf4-4d08-b1ce-91c2540833a0,a83f0aec-4e5c-4467-a9ab-43634b46c1f6,0af3ee03-5ad8-4726-81bb-ba490b621682,2026-08-11,holiday,0,"",UPDATE,2026-08-07 15:18:08.657965+00
eadd05ca-b524-4564-b56f-e21223b70b9b,a83f0aec-4e5c-4467-a9ab-43634b46c1f6,0af3ee03-5ad8-4726-81bb-ba490b621682,2026-08-12,holiday,0,"",UPDATE,2026-08-07 15:18:10.063024+00
be139b46-0e4a-451e-97e0-f4db90d01036,a83f0aec-4e5c-4467-a9ab-43634b46c1f6,0af3ee03-5ad8-4726-81bb-ba490b621682,2026-08-13,holiday,0,"",UPDATE,2026-08-07 15:18:11.446+00
f9cb65db-2ad6-4e81-a88b-4335d584f2ac,a83f0aec-4e5c-4467-a9ab-43634b46c1f6,0af3ee03-5ad8-4726-81bb-ba490b621682,2026-08-14,holiday,0,"",UPDATE,2026-08-07 15:18:13.207459+00
655d04fb-a812-470b-b6b6-32a918bba1fd,a83f0aec-4e5c-4467-a9ab-43634b46c1f6,0af3ee03-5ad8-4726-81bb-ba490b621682,2026-08-17,holiday,0,"",UPDATE,2026-08-07 15:18:15.806234+00
84d7d4fe-513e-4d5d-89e2-4a0afd79e4d4,a83f0aec-4e5c-4467-a9ab-43634b46c1f6,0af3ee03-5ad8-4726-81bb-ba490b621682,2026-08-18,holiday,0,"",UPDATE,2026-08-07 15:18:17.012601+00
78c4161c-02b9-4fb9-9347-b579a43dab39,a83f0aec-4e5c-4467-a9ab-43634b46c1f6,0af3ee03-5ad8-4726-81bb-ba490b621682,2026-08-19,holiday,0,"",INSERT,2026-08-07 15:18:22.655455+00
13961271-7dc4-460c-8afc-42db012d0115,a83f0aec-4e5c-4467-a9ab-43634b46c1f6,0af3ee03-5ad8-4726-81bb-ba490b621682,2026-08-20,holiday,0,"",INSERT,2026-08-07 15:18:23.459413+00
c2b1b171-f790-4f81-bf03-b77584bc1efc,a83f0aec-4e5c-4467-a9ab-43634b46c1f6,0af3ee03-5ad8-4726-81bb-ba490b621682,2026-08-21,holiday,0,"",INSERT,2026-08-07 15:18:25.42711+00
61257215-e1eb-44d6-b663-8f8cc050bc4e,a83f0aec-4e5c-4467-a9ab-43634b46c1f6,bd23f301-51a8-4e05-a640-c66306e27ef6,2026-08-13,present,8,Via mandrolisai,UPDATE,2026-08-13 17:20:43.000278+00
0725f005-6959-45ac-921c-4657c9509e68,a83f0aec-4e5c-4467-a9ab-43634b46c1f6,bd23f301-51a8-4e05-a640-c66306e27ef6,2026-08-25,present,8,Via mandrolisai,UPDATE,2026-08-29 08:18:18.994891+00
e7698091-4402-45da-8102-86824e24507b,a83f0aec-4e5c-4467-a9ab-43634b46c1f6,bd23f301-51a8-4e05-a640-c66306e27ef6,2026-08-26,present,8,Via mandrolisai,UPDATE,2026-08-29 08:18:20.971586+00
4eb0bf7e-7676-4fb2-acae-1628de583be6,a83f0aec-4e5c-4467-a9ab-43634b46c1f6,bd23f301-51a8-4e05-a640-c66306e27ef6,2026-08-27,present,8,Via mandrolisai,UPDATE,2026-08-29 08:18:23.426526+00
8d7828d6-9721-423e-ba0b-0be70b8a22ea,a83f0aec-4e5c-4467-a9ab-43634b46c1f6,55c515b0-f4e2-4b80-8d6f-e2755cb31866,2026-08-05,present,8,"",INSERT,2026-08-05 10:50:43.136124+00
8c4a675e-e655-418b-ac13-e7baf287ccf9,a83f0aec-4e5c-4467-a9ab-43634b46c1f6,55c515b0-f4e2-4b80-8d6f-e2755cb31866,2026-08-06,present,8,"",INSERT,2026-08-05 10:50:43.55639+00
aaa8e72e-5a9f-4530-abba-a422ee165b1a,a83f0aec-4e5c-4467-a9ab-43634b46c1f6,55c515b0-f4e2-4b80-8d6f-e2755cb31866,2026-08-07,present,8,"",INSERT,2026-08-05 10:50:43.917245+00
bb52d0e0-544e-425d-9bae-872571d43a37,a83f0aec-4e5c-4467-a9ab-43634b46c1f6,07cba65e-e2f7-495c-8b24-2192173054a0,2026-08-04,present,8,Via fadda/alghero,UPDATE,2026-08-05 10:54:07.242963+00
1420eba6-bc5b-40c4-99c5-f1420d1ff8cb,a83f0aec-4e5c-4467-a9ab-43634b46c1f6,845c647c-e807-4025-b13a-608280392d8d,2026-08-03,present,8,Via mandrolisai,UPDATE,2026-08-05 10:50:52.97595+00
6093e443-2960-4e66-97ac-17b1958b1f63,a83f0aec-4e5c-4467-a9ab-43634b46c1f6,845c647c-e807-4025-b13a-608280392d8d,2026-08-04,present,8,Via mandrolisai,UPDATE,2026-08-05 10:50:56.97005+00
57395e73-2862-4e3d-baf7-4611d154c21a,a83f0aec-4e5c-4467-a9ab-43634b46c1f6,845c647c-e807-4025-b13a-608280392d8d,2026-08-05,present,8,Via mandrolisai,UPDATE,2026-08-05 10:51:01.374959+00
fe3627b9-e5db-4a29-b3de-9b9c20759a7c,a83f0aec-4e5c-4467-a9ab-43634b46c1f6,bb7725da-b5fc-4433-afd7-bad5e5179acb,2026-08-03,present,8,Via mandrolisai,UPDATE,2026-08-05 10:51:12.217585+00
47569175-54e4-4f91-9ae0-2b1dd147a9b3,a83f0aec-4e5c-4467-a9ab-43634b46c1f6,ed17502d-bd6a-418e-a321-b5c13b8979eb,2026-08-08,sick,0,"",UPDATE,2026-08-07 10:03:03.93617+00
b994bb7a-82a9-43fd-8057-98570b7ba7e3,a83f0aec-4e5c-4467-a9ab-43634b46c1f6,bb7725da-b5fc-4433-afd7-bad5e5179acb,2026-08-04,present,8,Via mandrolisai,UPDATE,2026-08-05 10:51:17.368349+00
14daa4dc-b675-44c8-91b7-b968a333634c,a83f0aec-4e5c-4467-a9ab-43634b46c1f6,bb7725da-b5fc-4433-afd7-bad5e5179acb,2026-08-05,present,8,Via mandrolisai,UPDATE,2026-08-05 10:51:19.366577+00
e9c6b626-21f8-4755-9d9f-d3e819d516d3,a83f0aec-4e5c-4467-a9ab-43634b46c1f6,0f678138-246b-4d86-a3f0-5ce111536f02,2026-08-03,present,8,Via mandrolisai,UPDATE,2026-08-05 10:51:27.808973+00
cc66ba36-5292-448a-b268-825fd7bd6e1d,a83f0aec-4e5c-4467-a9ab-43634b46c1f6,ed17502d-bd6a-418e-a321-b5c13b8979eb,2026-08-09,sick,0,"",UPDATE,2026-08-07 10:03:05.519978+00
ae13710c-1f6a-4c30-b03d-3a90d95cb04f,a83f0aec-4e5c-4467-a9ab-43634b46c1f6,0f678138-246b-4d86-a3f0-5ce111536f02,2026-08-04,present,8,Via mandrolisai,UPDATE,2026-08-05 10:51:30.35827+00
5286fe9d-8ed4-41b9-a3c9-b7bd712e1487,a83f0aec-4e5c-4467-a9ab-43634b46c1f6,0f678138-246b-4d86-a3f0-5ce111536f02,2026-08-05,present,8,Via mandrolisai,UPDATE,2026-08-05 10:51:32.656223+00
6eea685d-0a73-4a8b-bf09-840aa69968e5,a83f0aec-4e5c-4467-a9ab-43634b46c1f6,ed17502d-bd6a-418e-a321-b5c13b8979eb,2026-08-10,sick,0,"",UPDATE,2026-08-07 10:03:06.254875+00
14ed53fd-2fad-4288-8a77-3c8f4b0ad4ad,a83f0aec-4e5c-4467-a9ab-43634b46c1f6,1c0f2692-e1e4-40fe-907e-6023010d5f19,2026-08-03,present,4,Via mandrolisai,UPDATE,2026-08-05 10:51:58.742148+00
de070c93-5ca1-4137-96ad-b9dde2d1879a,a83f0aec-4e5c-4467-a9ab-43634b46c1f6,ed17502d-bd6a-418e-a321-b5c13b8979eb,2026-08-11,sick,0,"",UPDATE,2026-08-07 10:03:07.304647+00
5b15efe8-1791-4991-9912-53cc75740d91,a83f0aec-4e5c-4467-a9ab-43634b46c1f6,ed17502d-bd6a-418e-a321-b5c13b8979eb,2026-08-12,sick,0,"",UPDATE,2026-08-07 10:03:08.152042+00
7c24441c-578c-41f8-9752-d46adb6c330e,a83f0aec-4e5c-4467-a9ab-43634b46c1f6,ed17502d-bd6a-418e-a321-b5c13b8979eb,2026-08-13,sick,0,"",UPDATE,2026-08-07 10:03:09.034618+00
75039737-48a5-4d1f-b2bb-5d4822863c1a,a83f0aec-4e5c-4467-a9ab-43634b46c1f6,1c0f2692-e1e4-40fe-907e-6023010d5f19,2026-08-07,present,4,Via mandrolisai,UPDATE,2026-08-05 10:52:15.246308+00
dfea0fe5-544d-4196-9c1a-6e59cb2fbfea,a83f0aec-4e5c-4467-a9ab-43634b46c1f6,ed17502d-bd6a-418e-a321-b5c13b8979eb,2026-08-14,sick,0,"",UPDATE,2026-08-07 10:03:09.787399+00
37de1175-69c2-4b58-8d3d-cce35b62038d,a83f0aec-4e5c-4467-a9ab-43634b46c1f6,1c0f2692-e1e4-40fe-907e-6023010d5f19,2026-08-05,present,4,Via mandrolisai,UPDATE,2026-08-05 10:52:19.755619+00
2a774ac2-bc38-4b50-8c90-4b153446475a,a83f0aec-4e5c-4467-a9ab-43634b46c1f6,1c0f2692-e1e4-40fe-907e-6023010d5f19,2026-08-06,present,4,Via mandrolisai,UPDATE,2026-08-05 10:52:23.04267+00
9c246ab3-1675-45d3-9d8c-34afacfe89b7,a83f0aec-4e5c-4467-a9ab-43634b46c1f6,1c0f2692-e1e4-40fe-907e-6023010d5f19,2026-08-04,present,4,Via mandrolisai,UPDATE,2026-08-05 10:52:25.337345+00
c10dcfbb-ba2f-46d4-94a2-e43721cf2e4b,a83f0aec-4e5c-4467-a9ab-43634b46c1f6,a335efe4-d86c-4f3f-a2a1-b4abc123d167,2026-08-03,present,8,Via copernico,UPDATE,2026-08-05 10:52:45.28517+00
20d0e92d-b295-4584-baea-81e84b8debda,a83f0aec-4e5c-4467-a9ab-43634b46c1f6,ed17502d-bd6a-418e-a321-b5c13b8979eb,2026-08-17,sick,0,"",UPDATE,2026-08-07 10:03:11.444006+00
153466db-3eb8-4d75-bad2-b7cf27535964,a83f0aec-4e5c-4467-a9ab-43634b46c1f6,a335efe4-d86c-4f3f-a2a1-b4abc123d167,2026-08-04,present,8,Via copernico,UPDATE,2026-08-05 10:52:47.746205+00
e653b9a7-c74a-4193-b334-6a1cfdb42cb4,a83f0aec-4e5c-4467-a9ab-43634b46c1f6,a335efe4-d86c-4f3f-a2a1-b4abc123d167,2026-08-05,present,8,Via copernico,UPDATE,2026-08-05 10:52:49.737595+00
a5560544-2f4a-4f19-aa61-f5fb9b944067,a83f0aec-4e5c-4467-a9ab-43634b46c1f6,a335efe4-d86c-4f3f-a2a1-b4abc123d167,2026-08-06,present,8,Via copernico,UPDATE,2026-08-05 10:52:55.748305+00
5586b91c-051c-4b52-b4d9-5f63008abd77,a83f0aec-4e5c-4467-a9ab-43634b46c1f6,cff16040-6983-48f2-b49c-1fa06f131879,2026-08-03,present,8,Via bosco cappuccio,UPDATE,2026-08-05 10:53:18.222786+00
bdece68c-d604-458c-8de1-ff303e3de93f,a83f0aec-4e5c-4467-a9ab-43634b46c1f6,cff16040-6983-48f2-b49c-1fa06f131879,2026-08-04,present,8,Via bosco cappuccio,UPDATE,2026-08-05 10:53:21.219102+00
b1053968-6b1d-4d6e-8c10-1d438621a917,a83f0aec-4e5c-4467-a9ab-43634b46c1f6,cff16040-6983-48f2-b49c-1fa06f131879,2026-08-05,present,8,Via bosco cappuccio,UPDATE,2026-08-05 10:53:22.984408+00
3e31ac6b-8be1-48b0-a11b-e7856b308b44,a83f0aec-4e5c-4467-a9ab-43634b46c1f6,cff16040-6983-48f2-b49c-1fa06f131879,2026-08-06,present,8,Via bosco cappuccio,UPDATE,2026-08-05 10:53:25.80372+00
4bd238c7-aa01-43c2-a93f-5ad89794205d,a83f0aec-4e5c-4467-a9ab-43634b46c1f6,cff16040-6983-48f2-b49c-1fa06f131879,2026-08-07,present,8,Via bosco cappuccio,UPDATE,2026-08-05 10:53:28.06576+00
cac35d33-cb82-4207-84ac-858ad9cee844,a83f0aec-4e5c-4467-a9ab-43634b46c1f6,0dd64ca9-1964-46eb-8f97-a71315c8b1ed,2026-08-03,present,8,Via copernico,UPDATE,2026-08-05 10:53:38.034731+00
329545ef-aaaa-4b9a-acfc-891c53870dec,a83f0aec-4e5c-4467-a9ab-43634b46c1f6,0dd64ca9-1964-46eb-8f97-a71315c8b1ed,2026-08-04,present,8,Via copernico,UPDATE,2026-08-05 10:53:39.809493+00
7caa5249-e93e-4112-b831-6627545189c1,a83f0aec-4e5c-4467-a9ab-43634b46c1f6,0dd64ca9-1964-46eb-8f97-a71315c8b1ed,2026-08-05,present,8,Via copernico,UPDATE,2026-08-05 10:53:41.598904+00
ee1c8073-7b61-40fe-939d-7e414e42f8b5,a83f0aec-4e5c-4467-a9ab-43634b46c1f6,ed17502d-bd6a-418e-a321-b5c13b8979eb,2026-08-18,sick,0,"",UPDATE,2026-08-07 10:03:15.165167+00
f90a88bb-7ec8-468c-a094-4c12d9f08aa4,a83f0aec-4e5c-4467-a9ab-43634b46c1f6,ed17502d-bd6a-418e-a321-b5c13b8979eb,2026-08-16,sick,0,"",UPDATE,2026-08-07 10:03:15.658185+00
f1471f68-3504-4cbf-abdf-c6798532561d,a83f0aec-4e5c-4467-a9ab-43634b46c1f6,b667d9a9-f058-4fd7-90bf-62cdef8d5672,2026-08-03,present,8,Via bosco cappuccio,UPDATE,2026-08-05 10:53:50.630432+00
e2248833-a2ea-4a2c-91f3-c44ea3f60301,a83f0aec-4e5c-4467-a9ab-43634b46c1f6,b667d9a9-f058-4fd7-90bf-62cdef8d5672,2026-08-04,present,8,Via bosco cappuccio,UPDATE,2026-08-05 10:53:52.945704+00
12483da2-dfed-4e56-b9f5-ea9fdbb69dc5,a83f0aec-4e5c-4467-a9ab-43634b46c1f6,b667d9a9-f058-4fd7-90bf-62cdef8d5672,2026-08-05,present,8,Via bosco cappuccio,UPDATE,2026-08-05 10:53:54.786194+00
ed547be4-411e-482a-b227-d7d42e573240,a83f0aec-4e5c-4467-a9ab-43634b46c1f6,ed17502d-bd6a-418e-a321-b5c13b8979eb,2026-08-15,sick,0,"",UPDATE,2026-08-07 10:03:18.340926+00
34e1235b-1235-4e8f-841f-dacbde541283,a83f0aec-4e5c-4467-a9ab-43634b46c1f6,07cba65e-e2f7-495c-8b24-2192173054a0,2026-08-03,present,8,Via fadda/alghero,UPDATE,2026-08-05 10:54:05.495123+00
7ab08896-b955-4617-bd4c-1dce785bba5f,a83f0aec-4e5c-4467-a9ab-43634b46c1f6,ed17502d-bd6a-418e-a321-b5c13b8979eb,2026-08-23,sick,0,"",UPDATE,2026-08-07 10:03:21.673565+00
14115e0b-163e-44b5-8c0f-956c59e58e72,a83f0aec-4e5c-4467-a9ab-43634b46c1f6,ed17502d-bd6a-418e-a321-b5c13b8979eb,2026-08-22,sick,0,"",UPDATE,2026-08-07 10:03:23.344728+00
c5d6f309-18d9-4b61-9a1e-511d881a75c9,a83f0aec-4e5c-4467-a9ab-43634b46c1f6,ed17502d-bd6a-418e-a321-b5c13b8979eb,2026-08-19,sick,0,"",UPDATE,2026-08-07 10:03:24.635249+00
d99a1324-3eb4-4cba-821c-46e1bfa49c22,a83f0aec-4e5c-4467-a9ab-43634b46c1f6,ed17502d-bd6a-418e-a321-b5c13b8979eb,2026-08-20,sick,0,"",UPDATE,2026-08-07 10:03:25.573555+00
8b9ef6bd-d05b-407e-9417-f2bcd060b183,a83f0aec-4e5c-4467-a9ab-43634b46c1f6,ed17502d-bd6a-418e-a321-b5c13b8979eb,2026-08-21,sick,0,"",UPDATE,2026-08-07 10:03:26.493855+00
c2282d5a-9aaa-4605-b292-c8c7ad20203b,a83f0aec-4e5c-4467-a9ab-43634b46c1f6,0af3ee03-5ad8-4726-81bb-ba490b621682,2026-08-24,holiday,0,"",INSERT,2026-08-07 15:18:28.027339+00
a8275921-ab8c-4053-a8ce-7b38bd50f653,a83f0aec-4e5c-4467-a9ab-43634b46c1f6,0af3ee03-5ad8-4726-81bb-ba490b621682,2026-08-25,holiday,0,"",INSERT,2026-08-07 15:18:29.334176+00
88d794f2-2f4f-4210-b819-1b2dd6990162,a83f0aec-4e5c-4467-a9ab-43634b46c1f6,0af3ee03-5ad8-4726-81bb-ba490b621682,2026-08-26,holiday,0,"",INSERT,2026-08-07 15:18:31.021102+00
719639b4-54e2-43c6-81b0-5ac2e589e481,a83f0aec-4e5c-4467-a9ab-43634b46c1f6,0af3ee03-5ad8-4726-81bb-ba490b621682,2026-08-27,holiday,0,"",INSERT,2026-08-07 15:18:31.803671+00
3bd76060-ee36-4061-9d6b-ef29f93bae0e,a83f0aec-4e5c-4467-a9ab-43634b46c1f6,a78a69df-18f8-45b2-866f-214377a09e87,2026-08-10,holiday,0,"",INSERT,2026-08-07 15:18:56.01066+00
ccbe78ed-cf65-456c-a9c5-7dfc5447df2a,a83f0aec-4e5c-4467-a9ab-43634b46c1f6,a78a69df-18f8-45b2-866f-214377a09e87,2026-08-11,holiday,0,"",INSERT,2026-08-07 15:18:57.269964+00
dfaba88d-775d-4dca-9b53-074f475ab6c4,a83f0aec-4e5c-4467-a9ab-43634b46c1f6,a78a69df-18f8-45b2-866f-214377a09e87,2026-08-12,holiday,0,"",INSERT,2026-08-07 15:18:57.969342+00
f500f385-1dde-4466-9bd1-c146fe7c6527,a83f0aec-4e5c-4467-a9ab-43634b46c1f6,a78a69df-18f8-45b2-866f-214377a09e87,2026-08-13,holiday,0,"",INSERT,2026-08-07 15:18:59.609821+00
c89728d2-26be-4727-ad24-a2144fb3c811,a83f0aec-4e5c-4467-a9ab-43634b46c1f6,a78a69df-18f8-45b2-866f-214377a09e87,2026-08-14,holiday,0,"",INSERT,2026-08-07 15:19:00.195523+00
2c21c935-9a8f-4aae-9c06-51d1bf313b18,a83f0aec-4e5c-4467-a9ab-43634b46c1f6,a78a69df-18f8-45b2-866f-214377a09e87,2026-08-17,holiday,0,"",INSERT,2026-08-07 15:19:02.151312+00
0da2dcf3-6d75-4a08-aac2-6940f0159465,a83f0aec-4e5c-4467-a9ab-43634b46c1f6,a78a69df-18f8-45b2-866f-214377a09e87,2026-08-18,holiday,0,"",INSERT,2026-08-07 15:19:02.797789+00
fd512507-a3fc-4ff8-bae7-f8dd0213ffc6,a83f0aec-4e5c-4467-a9ab-43634b46c1f6,0af3ee03-5ad8-4726-81bb-ba490b621682,2026-08-28,holiday,0,"",UPDATE,2026-08-07 15:19:44.839174+00
f95d1f8a-377a-4a5c-a104-bf53133af0f0,a83f0aec-4e5c-4467-a9ab-43634b46c1f6,a78a69df-18f8-45b2-866f-214377a09e87,2026-08-19,holiday,0,"",INSERT,2026-08-07 15:19:03.507122+00
4f1742c0-7436-4b2d-9f4d-84518c7cd235,a83f0aec-4e5c-4467-a9ab-43634b46c1f6,a78a69df-18f8-45b2-866f-214377a09e87,2026-08-20,holiday,0,"",INSERT,2026-08-07 15:19:04.248151+00
128a62ae-b411-4924-99c9-c3385662948d,a83f0aec-4e5c-4467-a9ab-43634b46c1f6,a78a69df-18f8-45b2-866f-214377a09e87,2026-08-21,holiday,0,"",INSERT,2026-08-07 15:19:04.930983+00
3a591109-a132-407e-938b-0aafecfe11cd,a83f0aec-4e5c-4467-a9ab-43634b46c1f6,a78a69df-18f8-45b2-866f-214377a09e87,2026-08-24,holiday,0,"",INSERT,2026-08-07 15:19:07.177998+00
433b9dd4-5be4-4f3c-bba6-bf77f24c1d0c,a83f0aec-4e5c-4467-a9ab-43634b46c1f6,a78a69df-18f8-45b2-866f-214377a09e87,2026-08-25,holiday,0,"",INSERT,2026-08-07 15:19:08.02832+00
87147895-1cc0-400e-8dc5-7ae4258b0ccf,a83f0aec-4e5c-4467-a9ab-43634b46c1f6,a78a69df-18f8-45b2-866f-214377a09e87,2026-08-26,holiday,0,"",INSERT,2026-08-07 15:19:08.814995+00
e6991f49-f0ed-4c42-a5dd-15a20018f581,a83f0aec-4e5c-4467-a9ab-43634b46c1f6,a78a69df-18f8-45b2-866f-214377a09e87,2026-08-27,holiday,0,"",INSERT,2026-08-07 15:19:09.508662+00
5bd20941-2ea1-41db-a35f-cf1cdcf55782,a83f0aec-4e5c-4467-a9ab-43634b46c1f6,a78a69df-18f8-45b2-866f-214377a09e87,2026-08-28,holiday,0,"",INSERT,2026-08-07 15:19:10.548377+00
bac7e6c5-6ac6-4aed-b6c0-1810c62ad905,a83f0aec-4e5c-4467-a9ab-43634b46c1f6,55c515b0-f4e2-4b80-8d6f-e2755cb31866,2026-08-10,holiday,0,"",INSERT,2026-08-07 15:20:01.566213+00
bba0edc6-3624-4f58-ab47-619b87528071,a83f0aec-4e5c-4467-a9ab-43634b46c1f6,55c515b0-f4e2-4b80-8d6f-e2755cb31866,2026-08-11,holiday,0,"",INSERT,2026-08-07 15:20:02.314114+00
b1809f3b-3029-4954-b4ef-38cb2f981689,a83f0aec-4e5c-4467-a9ab-43634b46c1f6,55c515b0-f4e2-4b80-8d6f-e2755cb31866,2026-08-12,holiday,0,"",INSERT,2026-08-07 15:20:03.754416+00
31c94c91-6b7b-4d22-a63a-7e35d723b643,a83f0aec-4e5c-4467-a9ab-43634b46c1f6,55c515b0-f4e2-4b80-8d6f-e2755cb31866,2026-08-13,holiday,0,"",INSERT,2026-08-07 15:20:04.290979+00
541fa696-323d-4ea8-a09a-e0fb8ce0a6b4,a83f0aec-4e5c-4467-a9ab-43634b46c1f6,55c515b0-f4e2-4b80-8d6f-e2755cb31866,2026-08-14,holiday,0,"",INSERT,2026-08-07 15:20:05.801296+00
241a1a9e-2f9a-41a3-9533-7d53d81de05c,a83f0aec-4e5c-4467-a9ab-43634b46c1f6,55c515b0-f4e2-4b80-8d6f-e2755cb31866,2026-08-17,holiday,0,"",INSERT,2026-08-07 15:20:07.954781+00
f95e7bdc-468a-40d1-b2c2-8cb51804ce60,a83f0aec-4e5c-4467-a9ab-43634b46c1f6,55c515b0-f4e2-4b80-8d6f-e2755cb31866,2026-08-18,holiday,0,"",INSERT,2026-08-07 15:20:10.113887+00
19a39e63-6bd4-4019-9ea5-f6bf4322f4b9,a83f0aec-4e5c-4467-a9ab-43634b46c1f6,55c515b0-f4e2-4b80-8d6f-e2755cb31866,2026-08-19,holiday,0,"",INSERT,2026-08-07 15:20:10.821314+00
44fc0534-8e1f-4bad-966b-df979f89cc7c,a83f0aec-4e5c-4467-a9ab-43634b46c1f6,55c515b0-f4e2-4b80-8d6f-e2755cb31866,2026-08-20,holiday,0,"",INSERT,2026-08-07 15:20:11.655561+00
31251b6c-afdc-4e6a-bdb4-1e998870ec9a,a83f0aec-4e5c-4467-a9ab-43634b46c1f6,55c515b0-f4e2-4b80-8d6f-e2755cb31866,2026-08-21,holiday,0,"",INSERT,2026-08-07 15:20:12.232644+00
a1d1777c-909a-4ec8-90b9-a697b7156ced,a83f0aec-4e5c-4467-a9ab-43634b46c1f6,55c515b0-f4e2-4b80-8d6f-e2755cb31866,2026-08-24,holiday,0,"",INSERT,2026-08-07 15:20:15.709411+00
f9326b32-fa48-4824-8b61-9d56717cb4b8,a83f0aec-4e5c-4467-a9ab-43634b46c1f6,55c515b0-f4e2-4b80-8d6f-e2755cb31866,2026-08-25,holiday,0,"",INSERT,2026-08-07 15:20:17.216596+00
9c60710b-b4c9-46d5-8e99-add9c251528d,a83f0aec-4e5c-4467-a9ab-43634b46c1f6,55c515b0-f4e2-4b80-8d6f-e2755cb31866,2026-08-26,holiday,0,"",INSERT,2026-08-07 15:20:17.924606+00
d3abc520-a83f-47a0-8b44-65c513516c97,a83f0aec-4e5c-4467-a9ab-43634b46c1f6,55c515b0-f4e2-4b80-8d6f-e2755cb31866,2026-08-27,holiday,0,"",INSERT,2026-08-07 15:20:19.477342+00
0ff16ea7-dcf4-411d-823a-e48b0969ecf8,a83f0aec-4e5c-4467-a9ab-43634b46c1f6,55c515b0-f4e2-4b80-8d6f-e2755cb31866,2026-08-28,holiday,0,"",INSERT,2026-08-07 15:20:20.091986+00
eb47d190-9ed1-4605-a7b5-6638fb97eb73,a83f0aec-4e5c-4467-a9ab-43634b46c1f6,845c647c-e807-4025-b13a-608280392d8d,2026-08-06,present,8,Via mandrolisai,UPDATE,2026-08-07 15:20:34.545069+00
3967518d-4167-4d55-ba2a-40ef8a91db26,a83f0aec-4e5c-4467-a9ab-43634b46c1f6,845c647c-e807-4025-b13a-608280392d8d,2026-08-07,present,8,Via mandrolisai,UPDATE,2026-08-07 15:20:38.244545+00
df292f86-d868-4d90-80b1-9ae61f2b348e,a83f0aec-4e5c-4467-a9ab-43634b46c1f6,845c647c-e807-4025-b13a-608280392d8d,2026-08-10,holiday,0,"",INSERT,2026-08-07 15:20:38.25205+00
5675cb70-6043-493e-b0f3-cbaf58681089,a83f0aec-4e5c-4467-a9ab-43634b46c1f6,845c647c-e807-4025-b13a-608280392d8d,2026-08-11,holiday,0,"",INSERT,2026-08-07 15:20:39.169463+00
eb8dc79d-e2ad-434f-842e-d5129efc6a01,a83f0aec-4e5c-4467-a9ab-43634b46c1f6,845c647c-e807-4025-b13a-608280392d8d,2026-08-12,holiday,0,"",INSERT,2026-08-07 15:20:39.840278+00
8fd7e8f6-b4a4-4c89-8592-18efb2a944f6,a83f0aec-4e5c-4467-a9ab-43634b46c1f6,845c647c-e807-4025-b13a-608280392d8d,2026-08-13,holiday,0,"",INSERT,2026-08-07 15:20:41.908713+00
ea295334-60ab-4ea2-a819-dce63f9c4f66,a83f0aec-4e5c-4467-a9ab-43634b46c1f6,845c647c-e807-4025-b13a-608280392d8d,2026-08-14,holiday,0,"",INSERT,2026-08-07 15:20:43.447794+00
1d677d7c-8709-4a6c-bb4e-f7b3e9b7da42,a83f0aec-4e5c-4467-a9ab-43634b46c1f6,845c647c-e807-4025-b13a-608280392d8d,2026-08-17,holiday,0,"",INSERT,2026-08-07 15:20:45.057875+00
147d5e1e-aa31-49bc-ae8b-3d4678a3a88d,a83f0aec-4e5c-4467-a9ab-43634b46c1f6,845c647c-e807-4025-b13a-608280392d8d,2026-08-18,holiday,0,"",INSERT,2026-08-07 15:20:45.95984+00
6b5e8eda-75e9-4a2b-aead-291e254ea780,a83f0aec-4e5c-4467-a9ab-43634b46c1f6,845c647c-e807-4025-b13a-608280392d8d,2026-08-19,holiday,0,"",INSERT,2026-08-07 15:20:47.333844+00
5e944469-50eb-4211-86bd-ce56aaf8d9e6,a83f0aec-4e5c-4467-a9ab-43634b46c1f6,845c647c-e807-4025-b13a-608280392d8d,2026-08-20,holiday,0,"",INSERT,2026-08-07 15:20:47.996443+00
c6b9649d-e3fd-492c-a064-f68ad23804b9,a83f0aec-4e5c-4467-a9ab-43634b46c1f6,845c647c-e807-4025-b13a-608280392d8d,2026-08-21,holiday,0,"",INSERT,2026-08-07 15:20:48.708549+00
826156ee-cbc6-49ad-b8f3-04878903c0c8,a83f0aec-4e5c-4467-a9ab-43634b46c1f6,845c647c-e807-4025-b13a-608280392d8d,2026-08-24,holiday,0,"",INSERT,2026-08-07 15:20:51.771907+00
d437890b-46e2-4697-b7c8-1f45d3ad94a3,a83f0aec-4e5c-4467-a9ab-43634b46c1f6,845c647c-e807-4025-b13a-608280392d8d,2026-08-25,holiday,0,"",INSERT,2026-08-07 15:20:53.278291+00
d1a49b0d-a5dc-4fec-a7e9-c2ddf8cd59e9,a83f0aec-4e5c-4467-a9ab-43634b46c1f6,845c647c-e807-4025-b13a-608280392d8d,2026-08-26,holiday,0,"",INSERT,2026-08-07 15:20:54.166937+00
f436e19c-fd58-4c09-bf01-a47d887ea252,a83f0aec-4e5c-4467-a9ab-43634b46c1f6,845c647c-e807-4025-b13a-608280392d8d,2026-08-27,holiday,0,"",INSERT,2026-08-07 15:20:54.898463+00
bd129ed0-51ec-4d34-8a35-897d79febf6e,a83f0aec-4e5c-4467-a9ab-43634b46c1f6,845c647c-e807-4025-b13a-608280392d8d,2026-08-28,holiday,0,"",INSERT,2026-08-07 15:20:55.504005+00
18a75d74-5db8-4c87-9d52-e3129e85c15c,a83f0aec-4e5c-4467-a9ab-43634b46c1f6,bb7725da-b5fc-4433-afd7-bad5e5179acb,2026-08-06,present,8,Via mandrolisai,UPDATE,2026-08-07 15:21:04.792371+00
43909f55-09fd-404e-aa19-a630c6e7a454,a83f0aec-4e5c-4467-a9ab-43634b46c1f6,bb7725da-b5fc-4433-afd7-bad5e5179acb,2026-08-07,present,8,Via mandrolisai,UPDATE,2026-08-07 15:21:07.273081+00
4401e197-c9d7-42c7-b037-58bd9ea3d2a9,a83f0aec-4e5c-4467-a9ab-43634b46c1f6,bb7725da-b5fc-4433-afd7-bad5e5179acb,2026-08-10,holiday,0,"",UPDATE,2026-08-07 15:21:11.587545+00
8e70b040-7b95-4588-a68a-7b8b7dca9074,a83f0aec-4e5c-4467-a9ab-43634b46c1f6,bb7725da-b5fc-4433-afd7-bad5e5179acb,2026-08-11,holiday,0,"",INSERT,2026-08-07 15:21:12.692769+00
65216099-6709-4e88-8c55-3e2e3e978270,a83f0aec-4e5c-4467-a9ab-43634b46c1f6,bb7725da-b5fc-4433-afd7-bad5e5179acb,2026-08-12,holiday,0,"",INSERT,2026-08-07 15:21:13.411779+00
3e986428-9df2-4b55-8b12-63024d54b3ae,a83f0aec-4e5c-4467-a9ab-43634b46c1f6,bb7725da-b5fc-4433-afd7-bad5e5179acb,2026-08-13,holiday,0,"",INSERT,2026-08-07 15:21:14.141244+00
08c454a0-e751-422b-9eef-969ea10b4aa9,a83f0aec-4e5c-4467-a9ab-43634b46c1f6,bb7725da-b5fc-4433-afd7-bad5e5179acb,2026-08-14,holiday,0,"",INSERT,2026-08-07 15:21:14.794536+00
27954cba-d7e9-4c5a-a6c3-5b1f7de66af3,a83f0aec-4e5c-4467-a9ab-43634b46c1f6,bb7725da-b5fc-4433-afd7-bad5e5179acb,2026-08-17,holiday,0,"",INSERT,2026-08-07 15:21:16.868715+00
7de5afee-b807-43f0-b5ad-b671cdcda885,a83f0aec-4e5c-4467-a9ab-43634b46c1f6,bb7725da-b5fc-4433-afd7-bad5e5179acb,2026-08-18,holiday,0,"",INSERT,2026-08-07 15:21:17.54664+00
6cdf6e82-d250-4171-b561-1c6de80817cb,a83f0aec-4e5c-4467-a9ab-43634b46c1f6,bb7725da-b5fc-4433-afd7-bad5e5179acb,2026-08-19,holiday,0,"",INSERT,2026-08-07 15:21:18.102164+00
b2928be9-5060-488a-8dcd-21bc8314f0e8,a83f0aec-4e5c-4467-a9ab-43634b46c1f6,bb7725da-b5fc-4433-afd7-bad5e5179acb,2026-08-20,holiday,0,"",INSERT,2026-08-07 15:21:19.464225+00
5d99f4be-757c-400c-8c15-9cb12c1bdb84,a83f0aec-4e5c-4467-a9ab-43634b46c1f6,bb7725da-b5fc-4433-afd7-bad5e5179acb,2026-08-21,holiday,0,"",INSERT,2026-08-07 15:21:20.098765+00
a21d8ecc-ea6f-43e3-9e54-de81ba78db42,a83f0aec-4e5c-4467-a9ab-43634b46c1f6,bb7725da-b5fc-4433-afd7-bad5e5179acb,2026-08-24,holiday,0,"",INSERT,2026-08-07 15:21:23.036158+00
3d0389b2-26e0-4446-8e41-4846664448ed,a83f0aec-4e5c-4467-a9ab-43634b46c1f6,bb7725da-b5fc-4433-afd7-bad5e5179acb,2026-08-25,holiday,0,"",INSERT,2026-08-07 15:21:23.785104+00
db12b787-e9a4-4250-8889-3bbc645202aa,a83f0aec-4e5c-4467-a9ab-43634b46c1f6,bb7725da-b5fc-4433-afd7-bad5e5179acb,2026-08-26,holiday,0,"",INSERT,2026-08-07 15:21:24.486852+00
4b9f1f28-d8b3-4619-bfd1-a0aaae2b71a6,a83f0aec-4e5c-4467-a9ab-43634b46c1f6,bb7725da-b5fc-4433-afd7-bad5e5179acb,2026-08-27,holiday,0,"",INSERT,2026-08-07 15:21:25.171712+00
eec155a7-0209-4af0-a946-2ecf48753b42,a83f0aec-4e5c-4467-a9ab-43634b46c1f6,bb7725da-b5fc-4433-afd7-bad5e5179acb,2026-08-28,holiday,0,"",INSERT,2026-08-07 15:21:25.856042+00
96128adb-6485-48b2-8756-12ff269b2ce7,a83f0aec-4e5c-4467-a9ab-43634b46c1f6,0f678138-246b-4d86-a3f0-5ce111536f02,2026-08-06,present,8,Via mandrolisai,UPDATE,2026-08-07 15:21:35.860473+00
36985f2f-bdac-46e5-9ee7-ea157308b146,a83f0aec-4e5c-4467-a9ab-43634b46c1f6,0f678138-246b-4d86-a3f0-5ce111536f02,2026-08-10,holiday,0,"",INSERT,2026-08-07 15:21:37.907481+00
6be3e2ad-d675-44e0-98e1-f488a99f4562,a83f0aec-4e5c-4467-a9ab-43634b46c1f6,0f678138-246b-4d86-a3f0-5ce111536f02,2026-08-07,present,8,Via mandrolisai,UPDATE,2026-08-07 15:21:37.912372+00
789b5328-963f-43bf-94e8-8d588f660dda,a83f0aec-4e5c-4467-a9ab-43634b46c1f6,0f678138-246b-4d86-a3f0-5ce111536f02,2026-08-11,holiday,0,"",INSERT,2026-08-07 15:21:38.586215+00
594ff807-e173-4699-adcb-5cd9f6eaac22,a83f0aec-4e5c-4467-a9ab-43634b46c1f6,0f678138-246b-4d86-a3f0-5ce111536f02,2026-08-12,holiday,0,"",INSERT,2026-08-07 15:21:40.844165+00
8ed07eb5-c55d-42d2-9fa3-07314be4d428,a83f0aec-4e5c-4467-a9ab-43634b46c1f6,0f678138-246b-4d86-a3f0-5ce111536f02,2026-08-13,holiday,0,"",INSERT,2026-08-07 15:21:41.552985+00
c9c13a6a-e04b-4f25-b7f6-e7acc5e7764e,a83f0aec-4e5c-4467-a9ab-43634b46c1f6,0f678138-246b-4d86-a3f0-5ce111536f02,2026-08-14,holiday,0,"",INSERT,2026-08-07 15:21:42.135883+00
2d727333-e619-4921-bca7-4b315324a3e2,a83f0aec-4e5c-4467-a9ab-43634b46c1f6,0f678138-246b-4d86-a3f0-5ce111536f02,2026-08-17,holiday,0,"",INSERT,2026-08-07 15:21:43.73722+00
5ef61027-6043-428c-a379-d2e2ad6f1ace,a83f0aec-4e5c-4467-a9ab-43634b46c1f6,0f678138-246b-4d86-a3f0-5ce111536f02,2026-08-18,holiday,0,"",INSERT,2026-08-07 15:21:44.437765+00
3f8196fe-07b3-4752-b452-bb3c88714b51,a83f0aec-4e5c-4467-a9ab-43634b46c1f6,0f678138-246b-4d86-a3f0-5ce111536f02,2026-08-19,holiday,0,"",INSERT,2026-08-07 15:21:45.115762+00
7833fcac-b414-4c00-ab64-c20ecdb101cf,a83f0aec-4e5c-4467-a9ab-43634b46c1f6,0f678138-246b-4d86-a3f0-5ce111536f02,2026-08-20,holiday,0,"",INSERT,2026-08-07 15:21:46.432935+00
c473cd14-d7c6-4e4f-a38f-31f6af2bd983,a83f0aec-4e5c-4467-a9ab-43634b46c1f6,0f678138-246b-4d86-a3f0-5ce111536f02,2026-08-24,holiday,0,"",INSERT,2026-08-07 15:21:48.943289+00
82f4d50f-3f7f-42be-b506-dac74c5f8083,a83f0aec-4e5c-4467-a9ab-43634b46c1f6,0f678138-246b-4d86-a3f0-5ce111536f02,2026-08-26,holiday,0,"",INSERT,2026-08-07 15:21:50.251892+00
12226e54-69b1-476d-9f1a-aa8f401dad76,a83f0aec-4e5c-4467-a9ab-43634b46c1f6,0f678138-246b-4d86-a3f0-5ce111536f02,2026-08-28,holiday,0,"",INSERT,2026-08-07 15:21:52.985904+00
3e36df60-f41e-4663-bd83-033922c6860b,a83f0aec-4e5c-4467-a9ab-43634b46c1f6,0f678138-246b-4d86-a3f0-5ce111536f02,2026-08-21,holiday,0,"",INSERT,2026-08-07 15:21:47.131935+00
fd671c1a-dc5c-4457-8522-b1d84375130e,a83f0aec-4e5c-4467-a9ab-43634b46c1f6,0f678138-246b-4d86-a3f0-5ce111536f02,2026-08-25,holiday,0,"",INSERT,2026-08-07 15:21:49.616853+00
5c0f9901-ec24-4571-9d2e-8315778305e0,a83f0aec-4e5c-4467-a9ab-43634b46c1f6,0f678138-246b-4d86-a3f0-5ce111536f02,2026-08-27,holiday,0,"",INSERT,2026-08-07 15:21:52.224895+00
d0c437e4-adfc-4369-8a18-38b4290f5e8e,a83f0aec-4e5c-4467-a9ab-43634b46c1f6,1c0f2692-e1e4-40fe-907e-6023010d5f19,2026-08-10,holiday,0,"",INSERT,2026-08-07 15:22:32.023461+00
a0e7698d-9930-435e-a552-0aa5c3eaaa41,a83f0aec-4e5c-4467-a9ab-43634b46c1f6,1c0f2692-e1e4-40fe-907e-6023010d5f19,2026-08-11,holiday,0,"",INSERT,2026-08-07 15:22:32.730166+00
a8632cda-13b6-4c25-bd93-c444f7a4fd5a,a83f0aec-4e5c-4467-a9ab-43634b46c1f6,1c0f2692-e1e4-40fe-907e-6023010d5f19,2026-08-12,holiday,0,"",INSERT,2026-08-07 15:22:33.299675+00
3cd16ba6-2fa9-48bb-b438-60325f86f39a,a83f0aec-4e5c-4467-a9ab-43634b46c1f6,1c0f2692-e1e4-40fe-907e-6023010d5f19,2026-08-13,holiday,0,"",INSERT,2026-08-07 15:22:34.003744+00
68d25a18-1190-47b0-b349-f4e51686a3af,a83f0aec-4e5c-4467-a9ab-43634b46c1f6,1c0f2692-e1e4-40fe-907e-6023010d5f19,2026-08-14,holiday,0,"",INSERT,2026-08-07 15:22:35.576648+00
11c55d4c-6519-4435-8034-d2a92905ba8c,a83f0aec-4e5c-4467-a9ab-43634b46c1f6,1c0f2692-e1e4-40fe-907e-6023010d5f19,2026-08-17,holiday,0,"",INSERT,2026-08-07 15:22:37.036084+00
85a27e9e-f766-4a29-9fa6-de7f9c81c3ba,a83f0aec-4e5c-4467-a9ab-43634b46c1f6,1c0f2692-e1e4-40fe-907e-6023010d5f19,2026-08-19,holiday,0,"",INSERT,2026-08-07 15:22:40.204175+00
4d68458f-e4cd-4599-adfd-fdf6b0ff28c8,a83f0aec-4e5c-4467-a9ab-43634b46c1f6,1c0f2692-e1e4-40fe-907e-6023010d5f19,2026-08-20,holiday,0,"",INSERT,2026-08-07 15:22:40.931725+00
1257e94b-1c88-4320-8f00-94295aac976a,a83f0aec-4e5c-4467-a9ab-43634b46c1f6,1c0f2692-e1e4-40fe-907e-6023010d5f19,2026-08-21,holiday,0,"",INSERT,2026-08-07 15:22:41.638352+00
a7107c1c-7b03-49e0-a033-bc9aa5dcf032,a83f0aec-4e5c-4467-a9ab-43634b46c1f6,1c0f2692-e1e4-40fe-907e-6023010d5f19,2026-08-24,holiday,0,"",INSERT,2026-08-07 15:22:42.987021+00
08a58237-93bb-4b31-8f51-b91acc05e1ab,a83f0aec-4e5c-4467-a9ab-43634b46c1f6,1c0f2692-e1e4-40fe-907e-6023010d5f19,2026-08-25,holiday,0,"",INSERT,2026-08-07 15:22:43.58631+00
6a0cde65-7177-4368-8bc2-71c289221d2c,a83f0aec-4e5c-4467-a9ab-43634b46c1f6,1c0f2692-e1e4-40fe-907e-6023010d5f19,2026-08-26,holiday,0,"",INSERT,2026-08-07 15:22:44.239351+00
dccabda5-767a-4f7e-9621-ed016de1ad4c,a83f0aec-4e5c-4467-a9ab-43634b46c1f6,1c0f2692-e1e4-40fe-907e-6023010d5f19,2026-08-27,holiday,0,"",INSERT,2026-08-07 15:22:45.452767+00
7d5ef3e5-633c-4b28-91fa-4cd73f3318e1,a83f0aec-4e5c-4467-a9ab-43634b46c1f6,1c0f2692-e1e4-40fe-907e-6023010d5f19,2026-08-28,holiday,0,"",INSERT,2026-08-07 15:22:47.075684+00
acc87936-c67a-40a5-9dcf-9230c20d5af2,a83f0aec-4e5c-4467-a9ab-43634b46c1f6,a335efe4-d86c-4f3f-a2a1-b4abc123d167,2026-08-07,present,8,Via copernico,UPDATE,2026-08-07 15:23:06.573478+00
4be67b7f-ae3e-49d6-9898-10e2bca91f07,a83f0aec-4e5c-4467-a9ab-43634b46c1f6,0dd64ca9-1964-46eb-8f97-a71315c8b1ed,2026-08-06,present,8,Via copernico,UPDATE,2026-08-07 15:23:20.060271+00
6ecbc0fa-649c-4cb3-9120-5ba5be22673b,a83f0aec-4e5c-4467-a9ab-43634b46c1f6,0dd64ca9-1964-46eb-8f97-a71315c8b1ed,2026-08-07,present,8,Via copernico,UPDATE,2026-08-07 15:23:22.394228+00
a8bfe52d-e2ed-4f26-8e5b-778e2f1801d3,a83f0aec-4e5c-4467-a9ab-43634b46c1f6,b667d9a9-f058-4fd7-90bf-62cdef8d5672,2026-08-06,present,8,Via bosco cappuccio ,UPDATE,2026-08-07 15:23:45.287052+00
1e0d9733-cc39-4498-8f14-92248f8ff8f1,a83f0aec-4e5c-4467-a9ab-43634b46c1f6,b667d9a9-f058-4fd7-90bf-62cdef8d5672,2026-08-07,present,8,Via bosco cappuccio,UPDATE,2026-08-07 15:23:50.606959+00
78e6d133-eb34-4088-85ea-26937cc3e809,a83f0aec-4e5c-4467-a9ab-43634b46c1f6,07cba65e-e2f7-495c-8b24-2192173054a0,2026-08-06,present,8,Via fadda/alghero,UPDATE,2026-08-07 15:24:05.139138+00
ce426c9e-0bf8-43e9-9b0c-c83cf37a412c,a83f0aec-4e5c-4467-a9ab-43634b46c1f6,07cba65e-e2f7-495c-8b24-2192173054a0,2026-08-07,present,8,Via fadda/alghero,UPDATE,2026-08-07 15:24:07.861014+00
f0540014-70d2-472d-9250-a8c1c16dc140,a83f0aec-4e5c-4467-a9ab-43634b46c1f6,be17adcf-4219-4796-958f-51e2b5e0cf92,2026-08-07,present,8,Via bosco cappuccio,UPDATE,2026-08-07 15:24:17.225333+00
be4f9b9b-b5a5-443c-b83a-e36433349f5f,a83f0aec-4e5c-4467-a9ab-43634b46c1f6,42b77da1-31e4-4197-88a5-2679c57fac56,2026-08-06,present,8,Via bosco cappuccio,UPDATE,2026-08-07 15:24:26.422915+00
481e6102-223c-4466-a074-34c08a5b472a,a83f0aec-4e5c-4467-a9ab-43634b46c1f6,42b77da1-31e4-4197-88a5-2679c57fac56,2026-08-07,present,8,Via bosco cappuccio,UPDATE,2026-08-07 15:24:28.639637+00
734965e7-99c7-4ac6-b71c-8f04c3169f61,a83f0aec-4e5c-4467-a9ab-43634b46c1f6,2f76e93b-41a3-4e8b-8741-8b3e03d8db85,2026-08-07,present,8,Via copernico,UPDATE,2026-08-07 15:24:39.70091+00
020598a3-f680-4a0c-a3d3-a86003224af5,a83f0aec-4e5c-4467-a9ab-43634b46c1f6,2197b6fd-9cb2-4d34-8118-cf9f11b573d7,2026-08-06,present,8,Via copernico,UPDATE,2026-08-07 15:24:49.215385+00
ce46864c-c48a-48e9-8a68-c427b54c62b4,a83f0aec-4e5c-4467-a9ab-43634b46c1f6,9fc12cbc-5f92-485a-84d9-a7f2413e2cfb,2026-08-06,present,8,Via copernico,UPDATE,2026-08-07 15:25:00.786382+00
0bcf502e-80d6-4a4d-a1e0-36d11fe4c931,a83f0aec-4e5c-4467-a9ab-43634b46c1f6,9fc12cbc-5f92-485a-84d9-a7f2413e2cfb,2026-08-07,present,8,Via copernico,UPDATE,2026-08-07 15:25:02.792092+00
75bb3cc1-d98b-407c-9809-197ff3a632cb,a83f0aec-4e5c-4467-a9ab-43634b46c1f6,a1126a85-fd22-4cb7-af46-19697bfc7079,2026-08-06,present,8,Via copernico,UPDATE,2026-08-07 15:25:12.461765+00
af39665b-5b3b-4a87-99f4-91737a361e7c,a83f0aec-4e5c-4467-a9ab-43634b46c1f6,a1126a85-fd22-4cb7-af46-19697bfc7079,2026-08-07,present,8,Via copernico,UPDATE,2026-08-07 15:25:14.415402+00
2f1077e5-a51f-4de7-af6f-de174b56dddc,a83f0aec-4e5c-4467-a9ab-43634b46c1f6,42b77da1-31e4-4197-88a5-2679c57fac56,2026-08-10,holiday,0,"",INSERT,2026-08-07 15:25:27.770685+00
5fa3ee75-28c7-4da0-922b-776281c6b6e8,a83f0aec-4e5c-4467-a9ab-43634b46c1f6,42b77da1-31e4-4197-88a5-2679c57fac56,2026-08-11,holiday,0,"",INSERT,2026-08-07 15:25:28.417688+00
e697d06a-00c7-40b2-bb83-a7faaf2b6bfb,a83f0aec-4e5c-4467-a9ab-43634b46c1f6,42b77da1-31e4-4197-88a5-2679c57fac56,2026-08-12,holiday,0,"",INSERT,2026-08-07 15:25:29.031701+00
d706e2d3-4f20-4946-a962-1cd18b3fc168,a83f0aec-4e5c-4467-a9ab-43634b46c1f6,42b77da1-31e4-4197-88a5-2679c57fac56,2026-08-13,holiday,0,"",INSERT,2026-08-07 15:25:30.294052+00
e271efde-f030-4daa-b83e-edf40d3a04c4,a83f0aec-4e5c-4467-a9ab-43634b46c1f6,42b77da1-31e4-4197-88a5-2679c57fac56,2026-08-14,holiday,0,"",INSERT,2026-08-07 15:25:30.807049+00
bafba70f-7864-4d95-bec6-4d672d4415e5,a83f0aec-4e5c-4467-a9ab-43634b46c1f6,42b77da1-31e4-4197-88a5-2679c57fac56,2026-08-17,holiday,0,"",INSERT,2026-08-07 15:25:32.331395+00
5173b945-dd71-45dd-895e-405cef0cf619,a83f0aec-4e5c-4467-a9ab-43634b46c1f6,42b77da1-31e4-4197-88a5-2679c57fac56,2026-08-18,holiday,0,"",INSERT,2026-08-07 15:25:32.918143+00
c35743d4-91b8-42d3-96c9-528200e31b6b,a83f0aec-4e5c-4467-a9ab-43634b46c1f6,42b77da1-31e4-4197-88a5-2679c57fac56,2026-08-19,holiday,0,"",INSERT,2026-08-07 15:25:33.550165+00
893ab9f7-a987-4f56-b786-5601a1c137a7,a83f0aec-4e5c-4467-a9ab-43634b46c1f6,42b77da1-31e4-4197-88a5-2679c57fac56,2026-08-20,holiday,0,"",INSERT,2026-08-07 15:25:34.254987+00
690305ef-47f7-4f5a-8b35-feb8aeb6f4e0,a83f0aec-4e5c-4467-a9ab-43634b46c1f6,42b77da1-31e4-4197-88a5-2679c57fac56,2026-08-21,holiday,0,"",INSERT,2026-08-07 15:25:34.977739+00
3062d1f5-eff5-4d5d-95c6-f60c11c1a32a,a83f0aec-4e5c-4467-a9ab-43634b46c1f6,42b77da1-31e4-4197-88a5-2679c57fac56,2026-08-24,holiday,0,"",INSERT,2026-08-07 15:25:36.348642+00
4fcf7111-7a4c-4bbd-aebb-d61f4cc88b11,a83f0aec-4e5c-4467-a9ab-43634b46c1f6,42b77da1-31e4-4197-88a5-2679c57fac56,2026-08-25,holiday,0,"",INSERT,2026-08-07 15:25:36.996014+00
5a31b013-ab05-4496-8bb0-d9f00946aec4,a83f0aec-4e5c-4467-a9ab-43634b46c1f6,42b77da1-31e4-4197-88a5-2679c57fac56,2026-08-26,holiday,0,"",INSERT,2026-08-07 15:25:37.59339+00
642feb23-77ad-4278-a1cf-a5d1b85573fc,a83f0aec-4e5c-4467-a9ab-43634b46c1f6,42b77da1-31e4-4197-88a5-2679c57fac56,2026-08-27,holiday,0,"",INSERT,2026-08-07 15:25:38.277018+00
30149bcd-8763-4c03-87b0-565fa8aef51e,a83f0aec-4e5c-4467-a9ab-43634b46c1f6,42b77da1-31e4-4197-88a5-2679c57fac56,2026-08-28,holiday,0,"",INSERT,2026-08-07 15:25:39.551635+00
3c751270-c8f9-4836-88bd-392d36fe57d4,a83f0aec-4e5c-4467-a9ab-43634b46c1f6,be17adcf-4219-4796-958f-51e2b5e0cf92,2026-08-10,holiday,0,"",INSERT,2026-08-07 15:25:47.189524+00
b409e385-fa43-4fd8-9f45-e73358502c1c,a83f0aec-4e5c-4467-a9ab-43634b46c1f6,1c0f2692-e1e4-40fe-907e-6023010d5f19,2026-08-18,holiday,0,"",UPDATE,2026-08-07 15:26:57.585102+00
b0eacb81-cb39-469b-903e-8c01e796fcb3,a83f0aec-4e5c-4467-a9ab-43634b46c1f6,be17adcf-4219-4796-958f-51e2b5e0cf92,2026-08-11,holiday,0,"",INSERT,2026-08-07 15:25:47.80667+00
7738d767-c935-4add-a226-8fcb66d983b7,a83f0aec-4e5c-4467-a9ab-43634b46c1f6,be17adcf-4219-4796-958f-51e2b5e0cf92,2026-08-13,holiday,0,"",INSERT,2026-08-07 15:25:49.749837+00
79ebbf70-8695-4a6d-a620-77ac076a7943,a83f0aec-4e5c-4467-a9ab-43634b46c1f6,be17adcf-4219-4796-958f-51e2b5e0cf92,2026-08-17,holiday,0,"",INSERT,2026-08-07 15:25:52.055571+00
f1a2cd1c-9839-483e-a183-9722e23bec65,a83f0aec-4e5c-4467-a9ab-43634b46c1f6,be17adcf-4219-4796-958f-51e2b5e0cf92,2026-08-19,holiday,0,"",INSERT,2026-08-07 15:25:53.5513+00
d65c1d1b-bb1f-43b2-b821-bcdfb519d0d9,a83f0aec-4e5c-4467-a9ab-43634b46c1f6,be17adcf-4219-4796-958f-51e2b5e0cf92,2026-08-21,holiday,0,"",INSERT,2026-08-07 15:25:54.828265+00
1ec6f65a-dc89-4973-bd51-1146dbda9716,a83f0aec-4e5c-4467-a9ab-43634b46c1f6,be17adcf-4219-4796-958f-51e2b5e0cf92,2026-08-25,holiday,0,"",INSERT,2026-08-07 15:25:57.759459+00
64befb22-d765-43e7-8ae2-4b1e5b9bc80d,a83f0aec-4e5c-4467-a9ab-43634b46c1f6,be17adcf-4219-4796-958f-51e2b5e0cf92,2026-08-27,holiday,0,"",INSERT,2026-08-07 15:25:59.156648+00
2152ebb9-f136-4dc2-98a1-b312593b2fd1,a83f0aec-4e5c-4467-a9ab-43634b46c1f6,be17adcf-4219-4796-958f-51e2b5e0cf92,2026-08-12,holiday,0,"",INSERT,2026-08-07 15:25:48.42055+00
c933c1ca-70f6-479e-bbb9-faf2285bbe89,a83f0aec-4e5c-4467-a9ab-43634b46c1f6,be17adcf-4219-4796-958f-51e2b5e0cf92,2026-08-14,holiday,0,"",INSERT,2026-08-07 15:25:50.369958+00
2342df0d-3a1a-48c9-b3f1-c51369b63746,a83f0aec-4e5c-4467-a9ab-43634b46c1f6,be17adcf-4219-4796-958f-51e2b5e0cf92,2026-08-18,holiday,0,"",INSERT,2026-08-07 15:25:52.77363+00
a12cbf5d-085a-4d43-a419-1e4b0489dfb2,a83f0aec-4e5c-4467-a9ab-43634b46c1f6,be17adcf-4219-4796-958f-51e2b5e0cf92,2026-08-20,holiday,0,"",INSERT,2026-08-07 15:25:54.205236+00
1c803b2b-bdda-4897-b03a-fd53663bb52f,a83f0aec-4e5c-4467-a9ab-43634b46c1f6,be17adcf-4219-4796-958f-51e2b5e0cf92,2026-08-24,holiday,0,"",INSERT,2026-08-07 15:25:57.06062+00
31449840-a611-4a7c-8719-cefb65e8085f,a83f0aec-4e5c-4467-a9ab-43634b46c1f6,be17adcf-4219-4796-958f-51e2b5e0cf92,2026-08-26,holiday,0,"",INSERT,2026-08-07 15:25:58.447083+00
b07464fa-83a2-4eac-92ad-5ffd554724b6,a83f0aec-4e5c-4467-a9ab-43634b46c1f6,be17adcf-4219-4796-958f-51e2b5e0cf92,2026-08-28,holiday,0,"",INSERT,2026-08-07 15:25:59.834475+00
758c8352-7810-4d83-b0b8-87a8cf213361,a83f0aec-4e5c-4467-a9ab-43634b46c1f6,2197b6fd-9cb2-4d34-8118-cf9f11b573d7,2026-08-07,present,8,Via copernico,UPDATE,2026-08-07 15:26:41.004542+00
fc3a783a-4d90-4832-ab85-743fed7885fd,a83f0aec-4e5c-4467-a9ab-43634b46c1f6,e29ef4e3-a2cd-4328-8cd5-5d17785f1a83,2026-08-10,holiday,0,"",UPDATE,2026-08-07 15:28:02.062316+00
90abfe23-d238-49b2-94bc-a806b859b6bc,a83f0aec-4e5c-4467-a9ab-43634b46c1f6,e29ef4e3-a2cd-4328-8cd5-5d17785f1a83,2026-08-17,holiday,0,"",UPDATE,2026-08-07 15:28:03.277463+00
e4a10bd9-cfc8-442c-9e27-14632f451aee,a83f0aec-4e5c-4467-a9ab-43634b46c1f6,e29ef4e3-a2cd-4328-8cd5-5d17785f1a83,2026-08-11,holiday,0,"",UPDATE,2026-08-07 15:28:04.360071+00
16108442-0257-4b89-a31b-6b7299bcb9c4,a83f0aec-4e5c-4467-a9ab-43634b46c1f6,e29ef4e3-a2cd-4328-8cd5-5d17785f1a83,2026-08-18,holiday,0,"",UPDATE,2026-08-07 15:28:05.263543+00
923c7bb3-2647-4efe-98ae-3af9dd159416,a83f0aec-4e5c-4467-a9ab-43634b46c1f6,e29ef4e3-a2cd-4328-8cd5-5d17785f1a83,2026-08-12,holiday,0,"",UPDATE,2026-08-07 15:28:06.215814+00
1421a64b-1f16-43db-a845-082fd5c21e9c,a83f0aec-4e5c-4467-a9ab-43634b46c1f6,e29ef4e3-a2cd-4328-8cd5-5d17785f1a83,2026-08-19,holiday,0,"",UPDATE,2026-08-07 15:28:07.132143+00
397b9ff3-d8d5-49ea-a091-c5d2baa65f70,a83f0aec-4e5c-4467-a9ab-43634b46c1f6,e29ef4e3-a2cd-4328-8cd5-5d17785f1a83,2026-08-13,holiday,0,"",UPDATE,2026-08-07 15:28:09.101696+00
6f5b3658-4fc5-4c6c-9de2-3fc5821e9b62,a83f0aec-4e5c-4467-a9ab-43634b46c1f6,e29ef4e3-a2cd-4328-8cd5-5d17785f1a83,2026-08-20,holiday,0,"",UPDATE,2026-08-07 15:28:09.567618+00
0b3e6696-8734-4926-8590-32657a235f81,a83f0aec-4e5c-4467-a9ab-43634b46c1f6,e29ef4e3-a2cd-4328-8cd5-5d17785f1a83,2026-08-14,holiday,0,"",UPDATE,2026-08-07 15:28:10.452211+00
71891ae9-d9cb-4a23-96b6-9c65ad3df261,a83f0aec-4e5c-4467-a9ab-43634b46c1f6,e29ef4e3-a2cd-4328-8cd5-5d17785f1a83,2026-08-21,holiday,0,"",UPDATE,2026-08-07 15:28:11.395+00
62205efc-ddf4-4876-930b-ddd3cc233964,a83f0aec-4e5c-4467-a9ab-43634b46c1f6,e29ef4e3-a2cd-4328-8cd5-5d17785f1a83,2026-08-28,holiday,0,"",UPDATE,2026-08-07 15:28:12.34853+00
037c153a-a9ac-40dc-8999-10e7718aaaf2,a83f0aec-4e5c-4467-a9ab-43634b46c1f6,e29ef4e3-a2cd-4328-8cd5-5d17785f1a83,2026-08-27,holiday,0,"",UPDATE,2026-08-07 15:28:13.755132+00
dbb7b6ef-979d-47b0-b9d0-ada07546ccfd,a83f0aec-4e5c-4467-a9ab-43634b46c1f6,e29ef4e3-a2cd-4328-8cd5-5d17785f1a83,2026-08-26,holiday,0,"",UPDATE,2026-08-07 15:28:15.101915+00
c672bbc1-19aa-4c3d-a1b4-7c60eaccee03,a83f0aec-4e5c-4467-a9ab-43634b46c1f6,e29ef4e3-a2cd-4328-8cd5-5d17785f1a83,2026-08-25,holiday,0,"",UPDATE,2026-08-07 15:28:16.904374+00
f50776b3-7cea-4743-8754-bad4b8dfdece,a83f0aec-4e5c-4467-a9ab-43634b46c1f6,e29ef4e3-a2cd-4328-8cd5-5d17785f1a83,2026-08-24,holiday,0,"",UPDATE,2026-08-07 15:28:18.503147+00
6eae25bb-52e6-4bbe-9cb7-454eec0b6ee1,a83f0aec-4e5c-4467-a9ab-43634b46c1f6,a335efe4-d86c-4f3f-a2a1-b4abc123d167,2026-08-10,present,8,Via copernico,UPDATE,2026-08-11 19:42:01.241002+00
41dd212e-b712-4105-b45e-39d6ad73294d,a83f0aec-4e5c-4467-a9ab-43634b46c1f6,a335efe4-d86c-4f3f-a2a1-b4abc123d167,2026-08-11,holiday,0,"",INSERT,2026-08-11 19:42:03.687965+00
b189ec6b-5c7e-4bce-97cd-c58a504c0ddf,a83f0aec-4e5c-4467-a9ab-43634b46c1f6,a335efe4-d86c-4f3f-a2a1-b4abc123d167,2026-08-12,holiday,0,"",INSERT,2026-08-11 19:42:04.286264+00
c57f90c6-8c93-493c-87b0-59a388119272,a83f0aec-4e5c-4467-a9ab-43634b46c1f6,a335efe4-d86c-4f3f-a2a1-b4abc123d167,2026-08-13,holiday,0,"",INSERT,2026-08-11 19:42:05.655581+00
2dd8727e-4e5b-48b8-8c10-dc9beffff919,a83f0aec-4e5c-4467-a9ab-43634b46c1f6,a335efe4-d86c-4f3f-a2a1-b4abc123d167,2026-08-14,holiday,0,"",INSERT,2026-08-11 19:42:06.468739+00
635c2345-abcb-40fd-b19c-bbf732a60739,a83f0aec-4e5c-4467-a9ab-43634b46c1f6,a335efe4-d86c-4f3f-a2a1-b4abc123d167,2026-08-17,holiday,0,"",INSERT,2026-08-11 19:42:09.079671+00
af759bd7-a14c-4292-b053-fdc6f4bacc4c,a83f0aec-4e5c-4467-a9ab-43634b46c1f6,a335efe4-d86c-4f3f-a2a1-b4abc123d167,2026-08-18,holiday,0,"",INSERT,2026-08-11 19:42:09.423863+00
ecc30037-bad3-425c-a6da-5a99302f8ff8,a83f0aec-4e5c-4467-a9ab-43634b46c1f6,a335efe4-d86c-4f3f-a2a1-b4abc123d167,2026-08-19,holiday,0,"",INSERT,2026-08-11 19:42:10.666105+00
d913d383-15a3-4e22-b789-94a7196da309,a83f0aec-4e5c-4467-a9ab-43634b46c1f6,a335efe4-d86c-4f3f-a2a1-b4abc123d167,2026-08-20,holiday,0,"",INSERT,2026-08-11 19:42:11.432547+00
a02460c7-9cf6-474b-a146-810869c14ec3,a83f0aec-4e5c-4467-a9ab-43634b46c1f6,a335efe4-d86c-4f3f-a2a1-b4abc123d167,2026-08-21,holiday,0,"",INSERT,2026-08-11 19:42:12.472215+00
5dd0f6fe-28eb-4637-a315-9aa7d9093ae7,a83f0aec-4e5c-4467-a9ab-43634b46c1f6,a335efe4-d86c-4f3f-a2a1-b4abc123d167,2026-08-24,holiday,0,"",INSERT,2026-08-11 19:42:16.145457+00
7157df24-f8ed-4f2b-889a-171cc546fb4f,a83f0aec-4e5c-4467-a9ab-43634b46c1f6,a335efe4-d86c-4f3f-a2a1-b4abc123d167,2026-08-25,holiday,0,"",INSERT,2026-08-11 19:42:17.104676+00
4ce62679-7a5e-4d52-9bde-63d0b6bf9b4d,a83f0aec-4e5c-4467-a9ab-43634b46c1f6,a335efe4-d86c-4f3f-a2a1-b4abc123d167,2026-08-26,holiday,0,"",INSERT,2026-08-11 19:42:17.720889+00
32d7d455-0bf9-427d-acf6-47c04d986ee4,a83f0aec-4e5c-4467-a9ab-43634b46c1f6,a335efe4-d86c-4f3f-a2a1-b4abc123d167,2026-08-27,holiday,0,"",INSERT,2026-08-11 19:42:18.490897+00
ab98763f-10f8-499e-882b-5a35c905f5f3,a83f0aec-4e5c-4467-a9ab-43634b46c1f6,a335efe4-d86c-4f3f-a2a1-b4abc123d167,2026-08-28,holiday,0,"",INSERT,2026-08-11 19:42:19.367988+00
b17637f9-38f6-4a01-a918-25227f814b6d,a83f0aec-4e5c-4467-a9ab-43634b46c1f6,cff16040-6983-48f2-b49c-1fa06f131879,2026-08-10,present,8,Via copernico,UPDATE,2026-08-11 19:42:29.133159+00
dcd52e2b-7d6e-44b5-876b-0b53c343acff,a83f0aec-4e5c-4467-a9ab-43634b46c1f6,cff16040-6983-48f2-b49c-1fa06f131879,2026-08-11,holiday,0,"",INSERT,2026-08-11 19:42:30.105917+00
cc3ac3c8-61c7-4258-be8e-cd0ae76cc388,a83f0aec-4e5c-4467-a9ab-43634b46c1f6,cff16040-6983-48f2-b49c-1fa06f131879,2026-08-12,holiday,0,"",INSERT,2026-08-11 19:42:30.764667+00
28893da3-23b6-4a40-b8da-f8a7b52c3a10,a83f0aec-4e5c-4467-a9ab-43634b46c1f6,cff16040-6983-48f2-b49c-1fa06f131879,2026-08-13,holiday,0,"",INSERT,2026-08-11 19:42:31.426378+00
5c3601d6-e6a0-4c85-aadb-cd5cc01a02b0,a83f0aec-4e5c-4467-a9ab-43634b46c1f6,cff16040-6983-48f2-b49c-1fa06f131879,2026-08-14,holiday,0,"",INSERT,2026-08-11 19:42:32.775764+00
1c623710-192a-4088-a977-38cf685b9651,a83f0aec-4e5c-4467-a9ab-43634b46c1f6,cff16040-6983-48f2-b49c-1fa06f131879,2026-08-17,holiday,0,"",INSERT,2026-08-11 19:42:34.236133+00
6e88cb5b-c4f2-4fcd-8b59-fe8b641809c7,a83f0aec-4e5c-4467-a9ab-43634b46c1f6,cff16040-6983-48f2-b49c-1fa06f131879,2026-08-18,holiday,0,"",INSERT,2026-08-11 19:42:34.885194+00
75c12787-02e6-4c33-8e38-43f979b84536,a83f0aec-4e5c-4467-a9ab-43634b46c1f6,cff16040-6983-48f2-b49c-1fa06f131879,2026-08-19,holiday,0,"",INSERT,2026-08-11 19:42:36.116698+00
7e280f63-f4e0-4f11-8de7-318cb5addebf,a83f0aec-4e5c-4467-a9ab-43634b46c1f6,cff16040-6983-48f2-b49c-1fa06f131879,2026-08-20,holiday,0,"",INSERT,2026-08-11 19:42:36.80368+00
0c1a92c3-f203-4dc2-93a7-2230c8d95b8c,a83f0aec-4e5c-4467-a9ab-43634b46c1f6,cff16040-6983-48f2-b49c-1fa06f131879,2026-08-21,holiday,0,"",INSERT,2026-08-11 19:42:38.026437+00
10f3f5a7-d486-49c8-8a5f-397d7142ec91,a83f0aec-4e5c-4467-a9ab-43634b46c1f6,cff16040-6983-48f2-b49c-1fa06f131879,2026-08-24,holiday,0,"",INSERT,2026-08-11 19:42:39.438567+00
a3d7d1ab-27ab-4b90-a902-34c0569ee6c1,a83f0aec-4e5c-4467-a9ab-43634b46c1f6,cff16040-6983-48f2-b49c-1fa06f131879,2026-08-25,holiday,0,"",INSERT,2026-08-11 19:42:39.85511+00
710ff8e6-46f6-42d7-910a-e52b318c0167,a83f0aec-4e5c-4467-a9ab-43634b46c1f6,cff16040-6983-48f2-b49c-1fa06f131879,2026-08-26,holiday,0,"",INSERT,2026-08-11 19:42:40.491697+00
45a38a81-4116-499f-bb1b-ba9db58f32e2,a83f0aec-4e5c-4467-a9ab-43634b46c1f6,cff16040-6983-48f2-b49c-1fa06f131879,2026-08-27,holiday,0,"",INSERT,2026-08-11 19:42:41.053893+00
d6be4342-b3ef-4a2e-8757-c07b95ed0e97,a83f0aec-4e5c-4467-a9ab-43634b46c1f6,cff16040-6983-48f2-b49c-1fa06f131879,2026-08-28,holiday,0,"",INSERT,2026-08-11 19:42:42.279061+00
5f90a95b-43f0-4e6f-94ac-2e5faa86c71d,a83f0aec-4e5c-4467-a9ab-43634b46c1f6,0dd64ca9-1964-46eb-8f97-a71315c8b1ed,2026-08-10,present,8,Via copernico,UPDATE,2026-08-11 19:42:53.800733+00
289d6388-f8e0-45b5-892a-cdfdfed3038c,a83f0aec-4e5c-4467-a9ab-43634b46c1f6,0dd64ca9-1964-46eb-8f97-a71315c8b1ed,2026-08-11,holiday,0,"",INSERT,2026-08-11 19:42:53.901432+00
1a1cbf3f-30a5-430d-9449-b2e5d6d7ab5b,a83f0aec-4e5c-4467-a9ab-43634b46c1f6,0dd64ca9-1964-46eb-8f97-a71315c8b1ed,2026-08-12,holiday,0,"",INSERT,2026-08-11 19:42:54.702751+00
c117d2c9-40da-44c9-b91d-0df57c33fde7,a83f0aec-4e5c-4467-a9ab-43634b46c1f6,0dd64ca9-1964-46eb-8f97-a71315c8b1ed,2026-08-13,holiday,0,"",INSERT,2026-08-11 19:42:55.349948+00
1ece2ae9-3838-4944-b55a-80b93c631e32,a83f0aec-4e5c-4467-a9ab-43634b46c1f6,0dd64ca9-1964-46eb-8f97-a71315c8b1ed,2026-08-14,holiday,0,"",INSERT,2026-08-11 19:42:56.064546+00
cc140c60-4216-4d2a-b38c-3c78027eb935,a83f0aec-4e5c-4467-a9ab-43634b46c1f6,0dd64ca9-1964-46eb-8f97-a71315c8b1ed,2026-08-17,holiday,0,"",UPDATE,2026-08-11 19:42:58.602925+00
b126fe85-2af9-4205-b804-ff2683376a04,a83f0aec-4e5c-4467-a9ab-43634b46c1f6,0dd64ca9-1964-46eb-8f97-a71315c8b1ed,2026-08-18,holiday,0,"",INSERT,2026-08-11 19:43:00.105289+00
9de8a50e-ffde-4b86-8f84-f48410204495,a83f0aec-4e5c-4467-a9ab-43634b46c1f6,0dd64ca9-1964-46eb-8f97-a71315c8b1ed,2026-08-19,holiday,0,"",INSERT,2026-08-11 19:43:00.819683+00
7712b93c-ecaa-4f2e-a4a5-f3245d8539d2,a83f0aec-4e5c-4467-a9ab-43634b46c1f6,0dd64ca9-1964-46eb-8f97-a71315c8b1ed,2026-08-20,holiday,0,"",INSERT,2026-08-11 19:43:01.583517+00
317e0794-aed4-4d5c-9f14-9bd69592b0a9,a83f0aec-4e5c-4467-a9ab-43634b46c1f6,0dd64ca9-1964-46eb-8f97-a71315c8b1ed,2026-08-21,holiday,0,"",INSERT,2026-08-11 19:43:02.378327+00
535a6a97-6b5e-4d54-bb52-91562cf496da,a83f0aec-4e5c-4467-a9ab-43634b46c1f6,0dd64ca9-1964-46eb-8f97-a71315c8b1ed,2026-08-24,holiday,0,"",INSERT,2026-08-11 19:43:03.914822+00
b9803e79-3a4b-44e4-b187-a9cc159f418f,a83f0aec-4e5c-4467-a9ab-43634b46c1f6,0dd64ca9-1964-46eb-8f97-a71315c8b1ed,2026-08-25,holiday,0,"",INSERT,2026-08-11 19:43:05.255727+00
672cbba0-207e-45e2-973d-ac967a3fe081,a83f0aec-4e5c-4467-a9ab-43634b46c1f6,0dd64ca9-1964-46eb-8f97-a71315c8b1ed,2026-08-26,holiday,0,"",INSERT,2026-08-11 19:43:05.943005+00
a9621df0-96f9-4f8b-a9a6-e8a126e03d56,a83f0aec-4e5c-4467-a9ab-43634b46c1f6,0dd64ca9-1964-46eb-8f97-a71315c8b1ed,2026-08-27,holiday,0,"",INSERT,2026-08-11 19:43:06.704088+00
200664a7-be32-4271-bac0-273c7cb1db47,a83f0aec-4e5c-4467-a9ab-43634b46c1f6,0dd64ca9-1964-46eb-8f97-a71315c8b1ed,2026-08-28,holiday,0,"",INSERT,2026-08-11 19:43:07.488683+00
09e76683-d8b5-4265-9864-ea4197ea80c8,a83f0aec-4e5c-4467-a9ab-43634b46c1f6,b667d9a9-f058-4fd7-90bf-62cdef8d5672,2026-08-10,present,8,Via copernico,UPDATE,2026-08-11 19:43:21.822857+00
96397cc3-a1ab-4f59-affd-64e30455a9d7,a83f0aec-4e5c-4467-a9ab-43634b46c1f6,b667d9a9-f058-4fd7-90bf-62cdef8d5672,2026-08-11,holiday,0,"",INSERT,2026-08-11 19:43:22.780297+00
2dc717a6-f40e-478f-86a3-b861685cfe64,a83f0aec-4e5c-4467-a9ab-43634b46c1f6,b667d9a9-f058-4fd7-90bf-62cdef8d5672,2026-08-14,holiday,0,"",INSERT,2026-08-11 19:43:25.433035+00
d3ece14c-a83b-4037-9d22-37c6137564c1,a83f0aec-4e5c-4467-a9ab-43634b46c1f6,b667d9a9-f058-4fd7-90bf-62cdef8d5672,2026-08-17,holiday,0,"",INSERT,2026-08-11 19:43:27.435392+00
fc333ebe-d0a2-447e-a311-8410321762ea,a83f0aec-4e5c-4467-a9ab-43634b46c1f6,b667d9a9-f058-4fd7-90bf-62cdef8d5672,2026-08-18,holiday,0,"",INSERT,2026-08-11 19:43:28.23406+00
8d62e607-ea39-4814-a3ee-da027c02cc1a,a83f0aec-4e5c-4467-a9ab-43634b46c1f6,b667d9a9-f058-4fd7-90bf-62cdef8d5672,2026-08-19,holiday,0,"",INSERT,2026-08-11 19:43:28.86905+00
abb21c33-64dd-4703-b9b3-44025c1de6c1,a83f0aec-4e5c-4467-a9ab-43634b46c1f6,b667d9a9-f058-4fd7-90bf-62cdef8d5672,2026-08-20,holiday,0,"",INSERT,2026-08-11 19:43:30.310866+00
42767d54-6e83-4d4b-8280-6bcddfc432a2,a83f0aec-4e5c-4467-a9ab-43634b46c1f6,b667d9a9-f058-4fd7-90bf-62cdef8d5672,2026-08-21,holiday,0,"",INSERT,2026-08-11 19:43:30.939673+00
dc05b9ff-4633-4fe1-b32f-bb1e79b69da4,a83f0aec-4e5c-4467-a9ab-43634b46c1f6,b667d9a9-f058-4fd7-90bf-62cdef8d5672,2026-08-24,holiday,0,"",INSERT,2026-08-11 19:43:33.506464+00
003afe54-965b-42b3-9bbb-9a53ae288eda,a83f0aec-4e5c-4467-a9ab-43634b46c1f6,b667d9a9-f058-4fd7-90bf-62cdef8d5672,2026-08-25,holiday,0,"",INSERT,2026-08-11 19:43:34.142347+00
2912e68d-5c1d-41ff-aaba-b856e642efcb,a83f0aec-4e5c-4467-a9ab-43634b46c1f6,b667d9a9-f058-4fd7-90bf-62cdef8d5672,2026-08-26,holiday,0,"",INSERT,2026-08-11 19:43:34.897074+00
4ce24b43-5d6c-4cc7-bc5f-27fa420ff5ff,a83f0aec-4e5c-4467-a9ab-43634b46c1f6,b667d9a9-f058-4fd7-90bf-62cdef8d5672,2026-08-27,holiday,0,"",INSERT,2026-08-11 19:43:35.614307+00
f79406f5-46d1-4923-9f35-a245ba80ae8b,a83f0aec-4e5c-4467-a9ab-43634b46c1f6,b667d9a9-f058-4fd7-90bf-62cdef8d5672,2026-08-28,holiday,0,"",INSERT,2026-08-11 19:43:36.24354+00
35877ac9-a8fa-4441-8be2-15f73f919f1e,a83f0aec-4e5c-4467-a9ab-43634b46c1f6,07cba65e-e2f7-495c-8b24-2192173054a0,2026-08-10,present,8,Via copernico,UPDATE,2026-08-11 19:43:47.653548+00
b9cfff51-7cc0-4d3c-9d26-8d9d0487a078,a83f0aec-4e5c-4467-a9ab-43634b46c1f6,07cba65e-e2f7-495c-8b24-2192173054a0,2026-08-11,holiday,0,"",INSERT,2026-08-11 19:43:47.75242+00
38989909-77ff-4694-84df-e7580d4e0efc,a83f0aec-4e5c-4467-a9ab-43634b46c1f6,07cba65e-e2f7-495c-8b24-2192173054a0,2026-08-12,holiday,0,"",INSERT,2026-08-11 19:43:48.374974+00
349108ef-c224-4531-a9c0-9b311f889432,a83f0aec-4e5c-4467-a9ab-43634b46c1f6,07cba65e-e2f7-495c-8b24-2192173054a0,2026-08-13,holiday,0,"",INSERT,2026-08-11 19:43:48.97005+00
6f9ad942-b651-4004-bcd8-b6e39a40bc02,a83f0aec-4e5c-4467-a9ab-43634b46c1f6,07cba65e-e2f7-495c-8b24-2192173054a0,2026-08-14,holiday,0,"",INSERT,2026-08-11 19:43:49.606101+00
6848ab91-361a-4aea-bb62-cf0ef4233124,a83f0aec-4e5c-4467-a9ab-43634b46c1f6,07cba65e-e2f7-495c-8b24-2192173054a0,2026-08-17,holiday,0,"",INSERT,2026-08-11 19:43:51.043723+00
14c49342-900e-47a4-855b-f891c980df09,a83f0aec-4e5c-4467-a9ab-43634b46c1f6,07cba65e-e2f7-495c-8b24-2192173054a0,2026-08-18,holiday,0,"",INSERT,2026-08-11 19:43:51.615187+00
76e35a49-77e1-46e9-9e25-bcdc34d819c8,a83f0aec-4e5c-4467-a9ab-43634b46c1f6,07cba65e-e2f7-495c-8b24-2192173054a0,2026-08-19,holiday,0,"",INSERT,2026-08-11 19:43:52.733998+00
4b0ba409-3bfa-4dc0-aa5f-7abe4cb6afd7,a83f0aec-4e5c-4467-a9ab-43634b46c1f6,07cba65e-e2f7-495c-8b24-2192173054a0,2026-08-20,holiday,0,"",INSERT,2026-08-11 19:43:53.352949+00
2cfd5998-4fbb-4591-9122-0047f6769564,a83f0aec-4e5c-4467-a9ab-43634b46c1f6,07cba65e-e2f7-495c-8b24-2192173054a0,2026-08-21,holiday,0,"",INSERT,2026-08-11 19:43:54.021441+00
65e40b4d-6dfe-45fc-a5f6-ea2d6b307795,a83f0aec-4e5c-4467-a9ab-43634b46c1f6,07cba65e-e2f7-495c-8b24-2192173054a0,2026-08-24,holiday,0,"",INSERT,2026-08-11 19:43:58.71748+00
2f77fcce-bde4-407e-9ce7-8424dd85df72,a83f0aec-4e5c-4467-a9ab-43634b46c1f6,07cba65e-e2f7-495c-8b24-2192173054a0,2026-08-25,holiday,0,"",INSERT,2026-08-11 19:43:59.298224+00
d6f60d55-1398-4f11-89a4-00837976d76f,a83f0aec-4e5c-4467-a9ab-43634b46c1f6,07cba65e-e2f7-495c-8b24-2192173054a0,2026-08-26,holiday,0,"",INSERT,2026-08-11 19:43:59.896316+00
ce7c55cb-592d-455e-ad58-3b90666798a0,a83f0aec-4e5c-4467-a9ab-43634b46c1f6,07cba65e-e2f7-495c-8b24-2192173054a0,2026-08-27,holiday,0,"",INSERT,2026-08-11 19:44:00.495994+00
d3a01558-e03d-4780-a9cc-3dc4bc94d6bb,a83f0aec-4e5c-4467-a9ab-43634b46c1f6,07cba65e-e2f7-495c-8b24-2192173054a0,2026-08-28,holiday,0,"",INSERT,2026-08-11 19:44:01.134386+00
e5482a53-2e33-4aa0-973a-5ecd397f4867,a83f0aec-4e5c-4467-a9ab-43634b46c1f6,2f76e93b-41a3-4e8b-8741-8b3e03d8db85,2026-08-10,present,8,Via copernico,UPDATE,2026-08-11 19:44:12.666268+00
83977689-d87f-4b3b-878d-873cf48da609,a83f0aec-4e5c-4467-a9ab-43634b46c1f6,2f76e93b-41a3-4e8b-8741-8b3e03d8db85,2026-08-11,present,8,Via copernico,UPDATE,2026-08-11 19:44:15.006514+00
39d429a7-b4ce-49fd-a036-8de23b45d774,a83f0aec-4e5c-4467-a9ab-43634b46c1f6,2197b6fd-9cb2-4d34-8118-cf9f11b573d7,2026-08-10,present,8,Via copernico,UPDATE,2026-08-11 19:44:25.493776+00
433fb3f4-f654-40ab-953d-6565bb79a58b,a83f0aec-4e5c-4467-a9ab-43634b46c1f6,2197b6fd-9cb2-4d34-8118-cf9f11b573d7,2026-08-11,holiday,0,"",INSERT,2026-08-11 19:44:25.498606+00
52765c91-9dcb-485b-83d5-47dca8ae9c7e,a83f0aec-4e5c-4467-a9ab-43634b46c1f6,2197b6fd-9cb2-4d34-8118-cf9f11b573d7,2026-08-12,holiday,0,"",INSERT,2026-08-11 19:44:26.0202+00
ccd87c1b-bd5f-440d-93e0-cb123a64e712,a83f0aec-4e5c-4467-a9ab-43634b46c1f6,2197b6fd-9cb2-4d34-8118-cf9f11b573d7,2026-08-13,holiday,0,"",INSERT,2026-08-11 19:44:26.620207+00
35ba2ccc-c3ef-4a38-9ea4-5b72163feaa1,a83f0aec-4e5c-4467-a9ab-43634b46c1f6,2197b6fd-9cb2-4d34-8118-cf9f11b573d7,2026-08-14,holiday,0,"",INSERT,2026-08-11 19:44:27.185741+00
e452fe4c-045c-4a91-958c-2e448a153f3b,a83f0aec-4e5c-4467-a9ab-43634b46c1f6,2197b6fd-9cb2-4d34-8118-cf9f11b573d7,2026-08-17,holiday,0,"",INSERT,2026-08-11 19:44:28.781266+00
03f832cc-8a96-466d-8933-8e5e0b72d371,a83f0aec-4e5c-4467-a9ab-43634b46c1f6,2197b6fd-9cb2-4d34-8118-cf9f11b573d7,2026-08-18,holiday,0,"",INSERT,2026-08-11 19:44:29.31015+00
5ddf7679-8c40-4da0-bbdc-4cb76981ee7f,a83f0aec-4e5c-4467-a9ab-43634b46c1f6,2197b6fd-9cb2-4d34-8118-cf9f11b573d7,2026-08-19,holiday,0,"",INSERT,2026-08-11 19:44:29.94221+00
6a5db97e-cb8e-4287-b18f-13de565128ea,a83f0aec-4e5c-4467-a9ab-43634b46c1f6,2197b6fd-9cb2-4d34-8118-cf9f11b573d7,2026-08-20,holiday,0,"",INSERT,2026-08-11 19:44:30.549889+00
8155437e-790a-499c-bddb-a19dd3b97fb8,a83f0aec-4e5c-4467-a9ab-43634b46c1f6,2197b6fd-9cb2-4d34-8118-cf9f11b573d7,2026-08-21,holiday,0,"",INSERT,2026-08-11 19:44:31.193582+00
c289d6da-db63-4251-a804-fa65cde98cba,a83f0aec-4e5c-4467-a9ab-43634b46c1f6,2197b6fd-9cb2-4d34-8118-cf9f11b573d7,2026-08-24,holiday,0,"",INSERT,2026-08-11 19:44:33.708703+00
c7f215d6-ee33-4689-89f5-5fc9a1105cd8,a83f0aec-4e5c-4467-a9ab-43634b46c1f6,2197b6fd-9cb2-4d34-8118-cf9f11b573d7,2026-08-25,holiday,0,"",INSERT,2026-08-11 19:44:34.397919+00
b7aa60a9-b5c4-4136-a88a-e91deddd6882,a83f0aec-4e5c-4467-a9ab-43634b46c1f6,2197b6fd-9cb2-4d34-8118-cf9f11b573d7,2026-08-26,holiday,0,"",INSERT,2026-08-11 19:44:35.503595+00
9f2f07a8-0de7-4505-9fbd-05fc6fbdc9ae,a83f0aec-4e5c-4467-a9ab-43634b46c1f6,2197b6fd-9cb2-4d34-8118-cf9f11b573d7,2026-08-27,holiday,0,"",INSERT,2026-08-11 19:44:37.028813+00
75524f04-4e27-4696-b3ef-9aba0f30c971,a83f0aec-4e5c-4467-a9ab-43634b46c1f6,2197b6fd-9cb2-4d34-8118-cf9f11b573d7,2026-08-28,holiday,0,"",INSERT,2026-08-11 19:44:37.747138+00
7cd43a74-01c3-47dc-a98a-6ef57865db68,a83f0aec-4e5c-4467-a9ab-43634b46c1f6,9fc12cbc-5f92-485a-84d9-a7f2413e2cfb,2026-08-11,holiday,0,"",INSERT,2026-08-11 19:44:49.358988+00
850e8fa6-942e-46fb-a1fd-83ec92f03b40,a83f0aec-4e5c-4467-a9ab-43634b46c1f6,9fc12cbc-5f92-485a-84d9-a7f2413e2cfb,2026-08-10,present,8,Via copernico,UPDATE,2026-08-11 19:44:49.363073+00
475a4531-e26b-4d67-80d1-1383dd8dc436,a83f0aec-4e5c-4467-a9ab-43634b46c1f6,9fc12cbc-5f92-485a-84d9-a7f2413e2cfb,2026-08-12,holiday,0,"",INSERT,2026-08-11 19:44:50.140958+00
31fceda1-0700-47af-93a0-31b4f8c1fd78,a83f0aec-4e5c-4467-a9ab-43634b46c1f6,9fc12cbc-5f92-485a-84d9-a7f2413e2cfb,2026-08-13,holiday,0,"",INSERT,2026-08-11 19:44:50.725942+00
5680afb3-c3fc-470a-aa36-799290b4de19,a83f0aec-4e5c-4467-a9ab-43634b46c1f6,9fc12cbc-5f92-485a-84d9-a7f2413e2cfb,2026-08-14,holiday,0,"",INSERT,2026-08-11 19:44:52.249038+00
4db58a85-ef96-4410-b649-b09f46319258,a83f0aec-4e5c-4467-a9ab-43634b46c1f6,9fc12cbc-5f92-485a-84d9-a7f2413e2cfb,2026-08-17,holiday,0,"",INSERT,2026-08-11 19:44:53.849064+00
4f000a65-0991-40c3-977b-04a5870edd41,a83f0aec-4e5c-4467-a9ab-43634b46c1f6,9fc12cbc-5f92-485a-84d9-a7f2413e2cfb,2026-08-18,holiday,0,"",INSERT,2026-08-11 19:44:54.518656+00
e40c6dd9-e7d4-4440-86f7-d4441ad1b04a,a83f0aec-4e5c-4467-a9ab-43634b46c1f6,9fc12cbc-5f92-485a-84d9-a7f2413e2cfb,2026-08-19,holiday,0,"",INSERT,2026-08-11 19:44:55.153766+00
296a57a2-f0d5-4b8e-8855-6d4d511e5fea,a83f0aec-4e5c-4467-a9ab-43634b46c1f6,9fc12cbc-5f92-485a-84d9-a7f2413e2cfb,2026-08-20,holiday,0,"",INSERT,2026-08-11 19:44:56.388613+00
5a6debb6-6a48-4bce-8a56-dc4a13f98733,a83f0aec-4e5c-4467-a9ab-43634b46c1f6,9fc12cbc-5f92-485a-84d9-a7f2413e2cfb,2026-08-21,holiday,0,"",INSERT,2026-08-11 19:45:00.081188+00
ff84c69c-6dd3-4b26-8664-e4f56356ce06,a83f0aec-4e5c-4467-a9ab-43634b46c1f6,9fc12cbc-5f92-485a-84d9-a7f2413e2cfb,2026-08-24,holiday,0,"",INSERT,2026-08-11 19:45:01.747791+00
fca18b68-8263-449d-b875-f8f4e68583f5,a83f0aec-4e5c-4467-a9ab-43634b46c1f6,9fc12cbc-5f92-485a-84d9-a7f2413e2cfb,2026-08-25,holiday,0,"",INSERT,2026-08-11 19:45:02.26935+00
110a000d-85f5-478b-b4f3-52d2e9ef7ee6,a83f0aec-4e5c-4467-a9ab-43634b46c1f6,9fc12cbc-5f92-485a-84d9-a7f2413e2cfb,2026-08-26,holiday,0,"",INSERT,2026-08-11 19:45:02.786525+00
609a0c85-7f61-4c29-af5c-108979476bc8,a83f0aec-4e5c-4467-a9ab-43634b46c1f6,9fc12cbc-5f92-485a-84d9-a7f2413e2cfb,2026-08-27,holiday,0,"",INSERT,2026-08-11 19:45:03.377844+00
8f43ee3e-0efd-4d6d-9a8a-cef3f496d908,a83f0aec-4e5c-4467-a9ab-43634b46c1f6,9fc12cbc-5f92-485a-84d9-a7f2413e2cfb,2026-08-28,holiday,0,"",INSERT,2026-08-11 19:45:03.947281+00
1897cda8-eaaf-40cc-85f3-203748234812,a83f0aec-4e5c-4467-a9ab-43634b46c1f6,b667d9a9-f058-4fd7-90bf-62cdef8d5672,2026-08-12,present,8,Via copernico,UPDATE,2026-08-12 16:45:45.328494+00
9028c50e-abc5-4d3d-9433-71b50228b719,a83f0aec-4e5c-4467-a9ab-43634b46c1f6,b667d9a9-f058-4fd7-90bf-62cdef8d5672,2026-08-13,present,8,Via copernico,UPDATE,2026-08-13 17:21:05.034884+00
08aa8170-ffe1-4aed-a009-12f693af21b2,a83f0aec-4e5c-4467-a9ab-43634b46c1f6,a1126a85-fd22-4cb7-af46-19697bfc7079,2026-08-10,present,8,Via copernico,UPDATE,2026-08-11 19:45:15.918164+00
5c9e53a8-be8a-41bf-9e26-e423361228ef,a83f0aec-4e5c-4467-a9ab-43634b46c1f6,a1126a85-fd22-4cb7-af46-19697bfc7079,2026-08-11,present,8,Via copernico,UPDATE,2026-08-11 19:45:18.362219+00
1ad05a82-c9ff-4a5d-878e-f0d6b038d866,a83f0aec-4e5c-4467-a9ab-43634b46c1f6,33872abe-802f-47d0-8614-f4d206fff08f,2026-08-12,holiday,0,"",INSERT,2026-08-11 19:45:51.17121+00
f2c3113d-7386-49d2-9f87-133ab152c342,a83f0aec-4e5c-4467-a9ab-43634b46c1f6,33872abe-802f-47d0-8614-f4d206fff08f,2026-08-14,holiday,0,"",INSERT,2026-08-11 19:45:53.77797+00
c49b52c0-0152-4b32-adb0-bdf090efe801,a83f0aec-4e5c-4467-a9ab-43634b46c1f6,33872abe-802f-47d0-8614-f4d206fff08f,2026-08-18,holiday,0,"",INSERT,2026-08-11 19:45:55.817477+00
3eac45af-3406-4786-a406-da86040e4ade,a83f0aec-4e5c-4467-a9ab-43634b46c1f6,33872abe-802f-47d0-8614-f4d206fff08f,2026-08-20,holiday,0,"",INSERT,2026-08-11 19:45:57.770214+00
9e6b1fcd-94f9-4730-a30e-48453f328f66,a83f0aec-4e5c-4467-a9ab-43634b46c1f6,33872abe-802f-47d0-8614-f4d206fff08f,2026-08-24,holiday,0,"",INSERT,2026-08-11 19:46:00.112297+00
d7bdf0b2-427e-487c-a023-2657f5ec2eea,a83f0aec-4e5c-4467-a9ab-43634b46c1f6,33872abe-802f-47d0-8614-f4d206fff08f,2026-08-26,holiday,0,"",INSERT,2026-08-11 19:46:01.168197+00
7002ea10-209a-412f-a065-5d5db48fffb0,a83f0aec-4e5c-4467-a9ab-43634b46c1f6,33872abe-802f-47d0-8614-f4d206fff08f,2026-08-28,holiday,0,"",INSERT,2026-08-11 19:46:02.630218+00
8543c40c-fc79-4ee1-95a2-0faef6f78948,a83f0aec-4e5c-4467-a9ab-43634b46c1f6,f029e10a-9baf-4528-b950-2e10fb4d13ce,2026-08-12,holiday,0,"",INSERT,2026-08-11 19:46:15.980114+00
b65f777a-4fd3-496f-857c-0c457e43f47d,a83f0aec-4e5c-4467-a9ab-43634b46c1f6,f029e10a-9baf-4528-b950-2e10fb4d13ce,2026-08-14,holiday,0,"",INSERT,2026-08-11 19:46:17.25256+00
3fa55a61-4ff1-498a-9dae-770fb0efd4d0,a83f0aec-4e5c-4467-a9ab-43634b46c1f6,f029e10a-9baf-4528-b950-2e10fb4d13ce,2026-08-18,holiday,0,"",INSERT,2026-08-11 19:46:19.118552+00
e819ccc2-0f5f-4af5-ba35-494f7d2211de,a83f0aec-4e5c-4467-a9ab-43634b46c1f6,f029e10a-9baf-4528-b950-2e10fb4d13ce,2026-08-20,holiday,0,"",INSERT,2026-08-11 19:46:20.44572+00
e96bc9f3-9cd2-4819-b41b-f220ce219065,a83f0aec-4e5c-4467-a9ab-43634b46c1f6,f029e10a-9baf-4528-b950-2e10fb4d13ce,2026-08-24,holiday,0,"",INSERT,2026-08-11 19:46:24.212007+00
ea30a2ff-fe55-4766-932f-d2db32bb14d7,a83f0aec-4e5c-4467-a9ab-43634b46c1f6,f029e10a-9baf-4528-b950-2e10fb4d13ce,2026-08-26,holiday,0,"",INSERT,2026-08-11 19:46:25.309108+00
75f35eb0-9f1d-43f6-b9c0-19600053d380,a83f0aec-4e5c-4467-a9ab-43634b46c1f6,f029e10a-9baf-4528-b950-2e10fb4d13ce,2026-08-28,holiday,0,"",INSERT,2026-08-11 19:46:26.445773+00
cedceded-a630-4777-b50b-8ea816ba44da,a83f0aec-4e5c-4467-a9ab-43634b46c1f6,b8da2a0d-01f4-40e4-823f-d0e64c0d5a85,2026-08-12,holiday,0,"",INSERT,2026-08-11 19:46:46.007977+00
95622fcc-9b6b-4718-97cf-e6c9eab1fed6,a83f0aec-4e5c-4467-a9ab-43634b46c1f6,b8da2a0d-01f4-40e4-823f-d0e64c0d5a85,2026-08-14,holiday,0,"",INSERT,2026-08-11 19:46:47.08954+00
781d726a-86a6-4066-b0e5-6d5c1dfa5509,a83f0aec-4e5c-4467-a9ab-43634b46c1f6,b8da2a0d-01f4-40e4-823f-d0e64c0d5a85,2026-08-18,holiday,0,"",INSERT,2026-08-11 19:46:49.124967+00
9b9d6618-6833-4ff6-8aaa-5838ddbf5069,a83f0aec-4e5c-4467-a9ab-43634b46c1f6,b8da2a0d-01f4-40e4-823f-d0e64c0d5a85,2026-08-20,holiday,0,"",INSERT,2026-08-11 19:46:51.047417+00
3d3f8097-2e31-4aa7-9f42-6086b6a7b892,a83f0aec-4e5c-4467-a9ab-43634b46c1f6,b8da2a0d-01f4-40e4-823f-d0e64c0d5a85,2026-08-24,holiday,0,"",INSERT,2026-08-11 19:46:53.549445+00
d7a00286-1a27-4aef-bc22-36001bac7111,a83f0aec-4e5c-4467-a9ab-43634b46c1f6,b8da2a0d-01f4-40e4-823f-d0e64c0d5a85,2026-08-26,holiday,0,"",INSERT,2026-08-11 19:46:54.697528+00
d21c2232-ba3e-422a-a342-c952e32c3cfd,a83f0aec-4e5c-4467-a9ab-43634b46c1f6,b8da2a0d-01f4-40e4-823f-d0e64c0d5a85,2026-08-28,holiday,0,"",INSERT,2026-08-11 19:46:55.797438+00
ecef705e-7ee0-45d1-b662-fb6bf771c01e,a83f0aec-4e5c-4467-a9ab-43634b46c1f6,33872abe-802f-47d0-8614-f4d206fff08f,2026-08-10,present,8,Via mandrolisai,UPDATE,2026-08-11 19:45:50.341249+00
687f9e43-9ab0-4913-9b94-54d782ea163b,a83f0aec-4e5c-4467-a9ab-43634b46c1f6,33872abe-802f-47d0-8614-f4d206fff08f,2026-08-11,holiday,0,"",INSERT,2026-08-11 19:45:50.350662+00
6e9bb54b-e684-482d-8458-698af6300162,a83f0aec-4e5c-4467-a9ab-43634b46c1f6,33872abe-802f-47d0-8614-f4d206fff08f,2026-08-13,holiday,0,"",INSERT,2026-08-11 19:45:51.853463+00
ff031213-d20d-424b-bf03-f6d8d9dbd76a,a83f0aec-4e5c-4467-a9ab-43634b46c1f6,33872abe-802f-47d0-8614-f4d206fff08f,2026-08-17,holiday,0,"",INSERT,2026-08-11 19:45:55.233946+00
51def4e0-e354-4445-addf-7f3c67def965,a83f0aec-4e5c-4467-a9ab-43634b46c1f6,33872abe-802f-47d0-8614-f4d206fff08f,2026-08-19,holiday,0,"",INSERT,2026-08-11 19:45:57.233258+00
0e480873-c6dd-4f3c-b14b-478dce77e98a,a83f0aec-4e5c-4467-a9ab-43634b46c1f6,33872abe-802f-47d0-8614-f4d206fff08f,2026-08-21,holiday,0,"",INSERT,2026-08-11 19:45:58.471378+00
1157fa0f-3fde-48cd-b8de-2af506ca7b7f,a83f0aec-4e5c-4467-a9ab-43634b46c1f6,33872abe-802f-47d0-8614-f4d206fff08f,2026-08-25,holiday,0,"",INSERT,2026-08-11 19:46:00.615673+00
b2a88460-121f-49b0-83de-477e5a128b4e,a83f0aec-4e5c-4467-a9ab-43634b46c1f6,33872abe-802f-47d0-8614-f4d206fff08f,2026-08-27,holiday,0,"",INSERT,2026-08-11 19:46:01.977844+00
46926620-e288-4a79-8ad2-d146da75ba13,a83f0aec-4e5c-4467-a9ab-43634b46c1f6,f029e10a-9baf-4528-b950-2e10fb4d13ce,2026-08-10,present,8,Via mandrolisai,UPDATE,2026-08-11 19:46:15.431808+00
7fe1e03e-5d55-4c28-b30d-d4e8cfae8bc1,a83f0aec-4e5c-4467-a9ab-43634b46c1f6,f029e10a-9baf-4528-b950-2e10fb4d13ce,2026-08-11,holiday,0,"",INSERT,2026-08-11 19:46:15.435014+00
8edfaf9f-11d3-42d4-ad43-8c63757a7a4e,a83f0aec-4e5c-4467-a9ab-43634b46c1f6,f029e10a-9baf-4528-b950-2e10fb4d13ce,2026-08-13,holiday,0,"",INSERT,2026-08-11 19:46:16.69611+00
75d31819-f74a-477a-9988-3141aa43fc37,a83f0aec-4e5c-4467-a9ab-43634b46c1f6,f029e10a-9baf-4528-b950-2e10fb4d13ce,2026-08-17,holiday,0,"",INSERT,2026-08-11 19:46:18.604471+00
3dde272f-05d5-4e44-90c5-21553c904a02,a83f0aec-4e5c-4467-a9ab-43634b46c1f6,f029e10a-9baf-4528-b950-2e10fb4d13ce,2026-08-19,holiday,0,"",INSERT,2026-08-11 19:46:19.769088+00
df8a9ffc-3315-49df-8c16-8b11ee5c680b,a83f0aec-4e5c-4467-a9ab-43634b46c1f6,f029e10a-9baf-4528-b950-2e10fb4d13ce,2026-08-21,holiday,0,"",INSERT,2026-08-11 19:46:22.794765+00
06f3251d-fea1-49fd-bb67-b27f8022822c,a83f0aec-4e5c-4467-a9ab-43634b46c1f6,f029e10a-9baf-4528-b950-2e10fb4d13ce,2026-08-25,holiday,0,"",INSERT,2026-08-11 19:46:24.76163+00
a98b949c-ad0d-4c60-97de-c30a20c4cb25,a83f0aec-4e5c-4467-a9ab-43634b46c1f6,f029e10a-9baf-4528-b950-2e10fb4d13ce,2026-08-27,holiday,0,"",INSERT,2026-08-11 19:46:25.876025+00
13f4770c-6a5d-4ae4-857b-1f87a982fefb,a83f0aec-4e5c-4467-a9ab-43634b46c1f6,b8da2a0d-01f4-40e4-823f-d0e64c0d5a85,2026-08-10,present,8,Via mandrolisai,UPDATE,2026-08-11 19:46:45.428557+00
9719cde2-a2b1-459d-8b7b-c29ce9438687,a83f0aec-4e5c-4467-a9ab-43634b46c1f6,b8da2a0d-01f4-40e4-823f-d0e64c0d5a85,2026-08-11,holiday,0,"",INSERT,2026-08-11 19:46:45.430869+00
d2dec69b-fc7c-4f94-a20f-310ae91b2f71,a83f0aec-4e5c-4467-a9ab-43634b46c1f6,b8da2a0d-01f4-40e4-823f-d0e64c0d5a85,2026-08-13,holiday,0,"",INSERT,2026-08-11 19:46:46.582199+00
54946f8a-5742-4073-841b-f15f895b3f4b,a83f0aec-4e5c-4467-a9ab-43634b46c1f6,b8da2a0d-01f4-40e4-823f-d0e64c0d5a85,2026-08-17,holiday,0,"",INSERT,2026-08-11 19:46:48.5214+00
d9b03014-f0df-479f-b78d-49875d8ea576,a83f0aec-4e5c-4467-a9ab-43634b46c1f6,b8da2a0d-01f4-40e4-823f-d0e64c0d5a85,2026-08-19,holiday,0,"",INSERT,2026-08-11 19:46:49.69719+00
5d35c49c-55a4-4fde-b410-1b828c2f6fc1,a83f0aec-4e5c-4467-a9ab-43634b46c1f6,b8da2a0d-01f4-40e4-823f-d0e64c0d5a85,2026-08-21,holiday,0,"",INSERT,2026-08-11 19:46:51.768691+00
c241a2a8-3ceb-4f72-8a93-505b39edf27a,a83f0aec-4e5c-4467-a9ab-43634b46c1f6,b8da2a0d-01f4-40e4-823f-d0e64c0d5a85,2026-08-25,holiday,0,"",INSERT,2026-08-11 19:46:54.078335+00
44c21f36-46d3-4f64-93ae-24f918399939,a83f0aec-4e5c-4467-a9ab-43634b46c1f6,b8da2a0d-01f4-40e4-823f-d0e64c0d5a85,2026-08-27,holiday,0,"",INSERT,2026-08-11 19:46:55.302704+00
9ce8e892-217f-4a8d-ba86-ad18f68ccbd4,a83f0aec-4e5c-4467-a9ab-43634b46c1f6,2f76e93b-41a3-4e8b-8741-8b3e03d8db85,2026-08-12,present,8,Via copernico,UPDATE,2026-08-12 16:46:01.827335+00
8d18d63c-4046-4e5e-b9af-11a38640e920,a83f0aec-4e5c-4467-a9ab-43634b46c1f6,a1126a85-fd22-4cb7-af46-19697bfc7079,2026-08-12,present,8,Via copernico,UPDATE,2026-08-12 16:46:21.734102+00
f3ea3a41-3f67-40bb-bbff-fbeb4f7a5db1,a83f0aec-4e5c-4467-a9ab-43634b46c1f6,2f76e93b-41a3-4e8b-8741-8b3e03d8db85,2026-08-13,present,8,Via copernico,UPDATE,2026-08-13 17:21:14.318204+00
b916cae3-75a9-4b59-bec8-5c159a755fd7,a83f0aec-4e5c-4467-a9ab-43634b46c1f6,a1126a85-fd22-4cb7-af46-19697bfc7079,2026-08-13,present,8,Via copernico,UPDATE,2026-08-13 17:21:24.178207+00
c2a12700-2189-4e1d-a075-7cf233d6a38b,a83f0aec-4e5c-4467-a9ab-43634b46c1f6,2f76e93b-41a3-4e8b-8741-8b3e03d8db85,2026-08-14,present,8,Via copernico,UPDATE,2026-08-16 21:15:35.276878+00
5f35c5ef-b030-4305-9314-ecc245334acf,a83f0aec-4e5c-4467-a9ab-43634b46c1f6,a1126a85-fd22-4cb7-af46-19697bfc7079,2026-08-14,present,8,Via copernico,UPDATE,2026-08-16 21:15:44.112499+00
6a81fb0d-650a-4a8c-99a5-a1d1c13f74be,a83f0aec-4e5c-4467-a9ab-43634b46c1f6,a1126a85-fd22-4cb7-af46-19697bfc7079,2026-08-17,holiday,0,"",UPDATE,2026-08-16 21:15:54.456514+00
433121ab-85ed-489d-b88f-3cb9dce3ec2b,a83f0aec-4e5c-4467-a9ab-43634b46c1f6,2f76e93b-41a3-4e8b-8741-8b3e03d8db85,2026-08-17,holiday,0,"",UPDATE,2026-08-16 21:15:59.70545+00
d2ad60f6-94d6-44a2-8868-f11a72f0b4d2,a83f0aec-4e5c-4467-a9ab-43634b46c1f6,bd23f301-51a8-4e05-a640-c66306e27ef6,2026-08-14,present,8,Via mandrolisai,UPDATE,2026-08-16 21:16:24.881475+00
70a92d5e-da46-48c7-b325-e774b764a4c4,a83f0aec-4e5c-4467-a9ab-43634b46c1f6,2f76e93b-41a3-4e8b-8741-8b3e03d8db85,2026-08-18,present,8,Via copernico,UPDATE,2026-08-18 17:12:23.896449+00
f8e26cf4-bde8-4b79-be19-5f0a7cb27316,a83f0aec-4e5c-4467-a9ab-43634b46c1f6,2f76e93b-41a3-4e8b-8741-8b3e03d8db85,2026-08-19,holiday,0,"",INSERT,2026-08-18 17:12:24.910481+00
b438e45c-5c27-4874-b0d2-5fcafd7bfcb7,a83f0aec-4e5c-4467-a9ab-43634b46c1f6,a1126a85-fd22-4cb7-af46-19697bfc7079,2026-08-19,holiday,0,"",INSERT,2026-08-18 17:12:35.65707+00
570d5666-bb9d-4309-84ff-a2645fde34f1,a83f0aec-4e5c-4467-a9ab-43634b46c1f6,a1126a85-fd22-4cb7-af46-19697bfc7079,2026-08-18,present,8,Via copernico,UPDATE,2026-08-18 17:12:35.681808+00
bce10c7c-f8c4-48fb-b79d-5d99dedc92f6,a83f0aec-4e5c-4467-a9ab-43634b46c1f6,2f76e93b-41a3-4e8b-8741-8b3e03d8db85,2026-08-20,holiday,0,"",UPDATE,2026-08-19 17:44:23.204896+00
df2890f1-3e42-46b6-b5a8-10c639691940,a83f0aec-4e5c-4467-a9ab-43634b46c1f6,a1126a85-fd22-4cb7-af46-19697bfc7079,2026-08-20,holiday,0,"",UPDATE,2026-08-19 17:44:33.606691+00
a189fdf6-59df-482c-a26a-b3a0de582cf9,a83f0aec-4e5c-4467-a9ab-43634b46c1f6,ed17502d-bd6a-418e-a321-b5c13b8979eb,2026-08-24,holiday,0,"",UPDATE,2026-08-19 17:44:45.842372+00
995cb1e2-e3a7-405c-9b26-1bce1508b847,a83f0aec-4e5c-4467-a9ab-43634b46c1f6,ed17502d-bd6a-418e-a321-b5c13b8979eb,2026-08-25,holiday,0,"",UPDATE,2026-08-19 17:44:47.079524+00
d1264304-cd33-40f6-803e-803e9facab66,a83f0aec-4e5c-4467-a9ab-43634b46c1f6,ed17502d-bd6a-418e-a321-b5c13b8979eb,2026-08-26,holiday,0,"",UPDATE,2026-08-19 17:44:48.201864+00
04ea981e-4690-4027-a3c2-fed69da852b9,a83f0aec-4e5c-4467-a9ab-43634b46c1f6,ed17502d-bd6a-418e-a321-b5c13b8979eb,2026-08-27,holiday,0,"",UPDATE,2026-08-19 17:44:49.315274+00
1dfeb874-9ad1-426a-9b81-26ee8da14acf,a83f0aec-4e5c-4467-a9ab-43634b46c1f6,ed17502d-bd6a-418e-a321-b5c13b8979eb,2026-08-28,holiday,0,"",UPDATE,2026-08-19 17:44:52.890259+00
ff08e8fe-623c-4288-8197-840cacc0ee3c,89f0d7b8-afa8-4963-b414-f39bc0c50865,51798bdc-d001-44c5-bd27-c1b31b9cefe4,2026-08-05,present,8,"",INSERT,2026-08-20 00:11:23.948976+00
6893ffef-cdf3-4579-b718-58553d0edc5c,a83f0aec-4e5c-4467-a9ab-43634b46c1f6,2f76e93b-41a3-4e8b-8741-8b3e03d8db85,2026-08-21,holiday,0,"",UPDATE,2026-08-25 06:49:15.492306+00
7ded9ed1-3e29-421f-9a73-e1e08f9669bf,a83f0aec-4e5c-4467-a9ab-43634b46c1f6,a1126a85-fd22-4cb7-af46-19697bfc7079,2026-08-21,holiday,0,"",UPDATE,2026-08-25 06:49:20.993226+00
ec8b6dce-4453-4da2-9dfc-dbb724beafcb,a83f0aec-4e5c-4467-a9ab-43634b46c1f6,2f76e93b-41a3-4e8b-8741-8b3e03d8db85,2026-08-24,present,8,Via copernico,UPDATE,2026-08-29 08:17:22.941116+00
512d0474-956e-4cc5-981b-491175beac25,a83f0aec-4e5c-4467-a9ab-43634b46c1f6,2f76e93b-41a3-4e8b-8741-8b3e03d8db85,2026-08-25,present,8,Via copernico,UPDATE,2026-08-29 08:17:24.822117+00
e063ec6d-f0b6-41fb-940b-d2f672b5f90c,a83f0aec-4e5c-4467-a9ab-43634b46c1f6,2f76e93b-41a3-4e8b-8741-8b3e03d8db85,2026-08-26,present,8,Via copernico,UPDATE,2026-08-29 08:17:26.644119+00
6e1dcbd3-ccf3-47c5-be02-78b9ebbe9105,a83f0aec-4e5c-4467-a9ab-43634b46c1f6,2f76e93b-41a3-4e8b-8741-8b3e03d8db85,2026-08-27,present,8,Via copernico,UPDATE,2026-08-29 08:17:28.518067+00
245a31c1-455d-4cfc-95fc-fd6b25271d30,a83f0aec-4e5c-4467-a9ab-43634b46c1f6,2f76e93b-41a3-4e8b-8741-8b3e03d8db85,2026-08-28,present,8,Via copernico,UPDATE,2026-08-29 08:17:30.741253+00
5cfe944d-c9d0-47b4-bfd5-a4f3c59d6652,a83f0aec-4e5c-4467-a9ab-43634b46c1f6,a1126a85-fd22-4cb7-af46-19697bfc7079,2026-08-24,present,8,Via copernico,UPDATE,2026-08-29 08:17:42.246434+00
e9f8837d-ec90-4dcf-91d5-69fa84ff952b,a83f0aec-4e5c-4467-a9ab-43634b46c1f6,a1126a85-fd22-4cb7-af46-19697bfc7079,2026-08-25,present,8,Via copernico,UPDATE,2026-08-29 08:17:43.945199+00
325637a7-33a2-4528-a3bd-2c93b680ca83,a83f0aec-4e5c-4467-a9ab-43634b46c1f6,a1126a85-fd22-4cb7-af46-19697bfc7079,2026-08-26,present,8,Via copernico,UPDATE,2026-08-29 08:17:45.722611+00
575d66fc-bc32-4a44-8b0b-cc9764a64eb8,a83f0aec-4e5c-4467-a9ab-43634b46c1f6,a1126a85-fd22-4cb7-af46-19697bfc7079,2026-08-27,present,8,Via copernico,UPDATE,2026-08-29 08:17:47.583864+00
39afdc7c-3c55-42ef-8bab-a9bfe1361b2c,a83f0aec-4e5c-4467-a9ab-43634b46c1f6,a1126a85-fd22-4cb7-af46-19697bfc7079,2026-08-28,present,8,Via copernico,UPDATE,2026-08-29 08:17:49.753673+00
72242662-feed-403f-af77-6693f539b1bc,a83f0aec-4e5c-4467-a9ab-43634b46c1f6,bd23f301-51a8-4e05-a640-c66306e27ef6,2026-08-24,present,8,Via mandrolisai,UPDATE,2026-08-29 08:18:16.884973+00
3843a687-f490-4c1e-875b-16a379584543,a83f0aec-4e5c-4467-a9ab-43634b46c1f6,e29ef4e3-a2cd-4328-8cd5-5d17785f1a83,2026-08-31,holiday,0,"",UPDATE,2026-08-30 15:52:28.063604+00
072936eb-5deb-4b72-99be-2251a2d3b24e,a83f0aec-4e5c-4467-a9ab-43634b46c1f6,845c647c-e807-4025-b13a-608280392d8d,2026-08-31,holiday,0,"",UPDATE,2026-08-30 15:52:35.366452+00
bace58a6-a611-4d82-a44e-b4cfa6b5c0e0,a83f0aec-4e5c-4467-a9ab-43634b46c1f6,bb7725da-b5fc-4433-afd7-bad5e5179acb,2026-08-31,holiday,0,"",UPDATE,2026-08-30 15:52:37.122436+00
dd2d7c0e-6aca-4c87-aa4d-73f55aa5578c,a83f0aec-4e5c-4467-a9ab-43634b46c1f6,0f678138-246b-4d86-a3f0-5ce111536f02,2026-08-31,holiday,0,"",UPDATE,2026-08-30 15:52:38.948516+00
2331d1e0-3256-4a1b-9f4c-3ee0204e5d67,a83f0aec-4e5c-4467-a9ab-43634b46c1f6,07cba65e-e2f7-495c-8b24-2192173054a0,2026-08-31,holiday,0,"",UPDATE,2026-08-30 15:52:52.442102+00
621e5f74-be72-48d9-a353-7034d4980d76,a83f0aec-4e5c-4467-a9ab-43634b46c1f6,be17adcf-4219-4796-958f-51e2b5e0cf92,2026-08-31,holiday,0,"",UPDATE,2026-08-30 15:52:55.057872+00
0bd266f9-723e-4074-8aed-dc6a064596c3,a83f0aec-4e5c-4467-a9ab-43634b46c1f6,42b77da1-31e4-4197-88a5-2679c57fac56,2026-08-31,holiday,0,"",UPDATE,2026-08-30 15:53:01.991475+00
119b862d-38b9-46d3-834e-cd6311e38894,a83f0aec-4e5c-4467-a9ab-43634b46c1f6,2197b6fd-9cb2-4d34-8118-cf9f11b573d7,2026-08-31,holiday,0,"",UPDATE,2026-08-30 15:53:05.366031+00
f261f9e4-1b9f-4006-931c-18d419048bda,a83f0aec-4e5c-4467-a9ab-43634b46c1f6,ed36110d-a2cf-4a88-91c7-0d23f758cd4c,2026-08-31,holiday,0,"",UPDATE,2026-08-30 15:53:08.537057+00
7b7bf3a7-081c-4f56-af6e-a3c2c08565bd,a83f0aec-4e5c-4467-a9ab-43634b46c1f6,9fc12cbc-5f92-485a-84d9-a7f2413e2cfb,2026-08-31,holiday,0,"",UPDATE,2026-08-30 15:53:42.76876+00
13ae8db8-78f9-4193-b31a-c42fd7d74a0d,a83f0aec-4e5c-4467-a9ab-43634b46c1f6,0dd64ca9-1964-46eb-8f97-a71315c8b1ed,2026-08-31,sick,0,"",UPDATE,2026-08-31 19:24:25.278402+00
2eb420c4-f5e6-422e-9fa1-ad4b5797bac1,a83f0aec-4e5c-4467-a9ab-43634b46c1f6,0dd64ca9-1964-46eb-8f97-a71315c8b1ed,2026-09-01,sick,0,"",INSERT,2026-08-31 19:24:51.617491+00
29e73ab6-1985-4c3d-90b9-8e44e43f681b,a83f0aec-4e5c-4467-a9ab-43634b46c1f6,0dd64ca9-1964-46eb-8f97-a71315c8b1ed,2026-09-02,sick,0,"",INSERT,2026-08-31 19:24:52.475597+00
a1f2b90b-90db-41c0-80e7-6b271b4e3cf3,a83f0aec-4e5c-4467-a9ab-43634b46c1f6,0dd64ca9-1964-46eb-8f97-a71315c8b1ed,2026-09-03,sick,0,"",INSERT,2026-08-31 19:24:53.291458+00
45844272-afa1-453b-8b61-8b5cdc785ef4,a83f0aec-4e5c-4467-a9ab-43634b46c1f6,0dd64ca9-1964-46eb-8f97-a71315c8b1ed,2026-09-04,sick,0,"",INSERT,2026-08-31 19:24:55.142724+00
ea8361da-54fd-4ebd-b92a-a0381ca99099,89f0d7b8-afa8-4963-b414-f39bc0c50865,51798bdc-d001-44c5-bd27-c1b31b9cefe4,2026-08-03,present,8,"",INSERT,2026-08-31 19:25:21.254593+00
652411c5-dbc7-475d-944c-797f7ed4451d,a83f0aec-4e5c-4467-a9ab-43634b46c1f6,a335efe4-d86c-4f3f-a2a1-b4abc123d167,2026-08-31,present,8,Via fadda/alghero,UPDATE,2026-08-31 20:34:51.364009+00
b4a5d537-9982-4828-aabf-6a6d68ddd1ca,a83f0aec-4e5c-4467-a9ab-43634b46c1f6,cff16040-6983-48f2-b49c-1fa06f131879,2026-08-31,present,8,Via fadda/alghero,UPDATE,2026-08-31 20:34:57.383947+00
f88ce078-78f2-4853-b220-2eb58c87c20a,a83f0aec-4e5c-4467-a9ab-43634b46c1f6,b667d9a9-f058-4fd7-90bf-62cdef8d5672,2026-08-31,present,8,Via copernico,UPDATE,2026-08-31 20:35:07.214624+00
4c1b10d9-42d5-44f1-b904-48014563843b,a83f0aec-4e5c-4467-a9ab-43634b46c1f6,2f76e93b-41a3-4e8b-8741-8b3e03d8db85,2026-08-31,present,8,Via copernico,UPDATE,2026-08-31 20:35:18.235021+00
441b892d-fc2f-4dca-90a8-09203639e426,a83f0aec-4e5c-4467-a9ab-43634b46c1f6,a1126a85-fd22-4cb7-af46-19697bfc7079,2026-08-31,present,8,Via copernico,UPDATE,2026-08-31 20:35:30.177296+00
7df420a3-e6b7-41a7-ac48-39dadb267dcf,a83f0aec-4e5c-4467-a9ab-43634b46c1f6,33872abe-802f-47d0-8614-f4d206fff08f,2026-08-31,present,8,Via mestre,UPDATE,2026-08-31 20:35:48.775009+00
f099ef9b-6e75-4ee5-b035-6aa271bf5713,a83f0aec-4e5c-4467-a9ab-43634b46c1f6,1c0f2692-e1e4-40fe-907e-6023010d5f19,2026-08-31,present,4,Via mestre,UPDATE,2026-08-31 20:35:59.03048+00
74b2d4bd-57a5-4dfe-a4d8-553218110ba6,a83f0aec-4e5c-4467-a9ab-43634b46c1f6,bd23f301-51a8-4e05-a640-c66306e27ef6,2026-08-30,holiday,0,"",INSERT,2026-08-31 20:36:03.989811+00
a6886e32-27cf-4411-9c14-72cdee8b1bc1,a83f0aec-4e5c-4467-a9ab-43634b46c1f6,bd23f301-51a8-4e05-a640-c66306e27ef6,2026-08-31,present,8,Via mestre,UPDATE,2026-08-31 20:36:08.656907+00
37478e9a-84e8-414f-84d7-5e994f99fdea,a83f0aec-4e5c-4467-a9ab-43634b46c1f6,0af3ee03-5ad8-4726-81bb-ba490b621682,2026-08-31,present,8,Via mestre,UPDATE,2026-08-31 20:36:13.362287+00
575497ec-6c75-474f-843e-313f43286c8e,a83f0aec-4e5c-4467-a9ab-43634b46c1f6,f029e10a-9baf-4528-b950-2e10fb4d13ce,2026-08-31,present,8,Via mestre,UPDATE,2026-08-31 20:36:18.480527+00
aa5a6800-0d78-40cd-9454-b9a971b6c370,a83f0aec-4e5c-4467-a9ab-43634b46c1f6,a78a69df-18f8-45b2-866f-214377a09e87,2026-08-31,present,8,Via mandrolisai,UPDATE,2026-08-31 20:36:33.102218+00
da04b70f-214e-4526-8a9d-20c505a200ee,a83f0aec-4e5c-4467-a9ab-43634b46c1f6,ed17502d-bd6a-418e-a321-b5c13b8979eb,2026-08-31,present,8,Via mestre,UPDATE,2026-08-31 20:36:39.004396+00
96dd17e5-b814-4279-a5b6-491dcaacc316,a83f0aec-4e5c-4467-a9ab-43634b46c1f6,b8da2a0d-01f4-40e4-823f-d0e64c0d5a85,2026-08-31,present,8,Via mandrolisai,UPDATE,2026-08-31 20:36:45.527968+00
6b938fe9-1732-4253-b6a9-31e8e280de55,a83f0aec-4e5c-4467-a9ab-43634b46c1f6,55c515b0-f4e2-4b80-8d6f-e2755cb31866,2026-08-31,present,8,Via mestre,UPDATE,2026-08-31 20:36:50.70669+00
b663badd-e464-4ef8-9ea8-fd4109212985,a83f0aec-4e5c-4467-a9ab-43634b46c1f6,e29ef4e3-a2cd-4328-8cd5-5d17785f1a83,2026-09-01,holiday,0,"",UPDATE,2026-08-31 20:37:17.379859+00
0d577078-f9aa-4680-aa9d-cc667c2e8f6c,a83f0aec-4e5c-4467-a9ab-43634b46c1f6,07cba65e-e2f7-495c-8b24-2192173054a0,2026-09-01,holiday,0,"",UPDATE,2026-08-31 20:37:36.036522+00
