id,employee_id,user_id,date_key,status,hours,location
3e1847ab-e3c6-463f-b3de-5f0367f13389,b667d9a9-f058-4fd7-90bf-62cdef8d5672,a83f0aec-4e5c-4467-a9ab-43634b46c1f6,2026-08-10,present,8,Via copernico
c76d17aa-35de-4056-986e-26b69f0cde2b,b667d9a9-f058-4fd7-90bf-62cdef8d5672,a83f0aec-4e5c-4467-a9ab-43634b46c1f6,2026-08-11,holiday,0,""
6e667584-7413-442e-843e-66ab820b434b,ed36110d-a2cf-4a88-91c7-0d23f758cd4c,a83f0aec-4e5c-4467-a9ab-43634b46c1f6,2026-08-03,holiday,0,""
3bf55af2-36af-4ed2-bd6f-043d9a7b362e,ed36110d-a2cf-4a88-91c7-0d23f758cd4c,a83f0aec-4e5c-4467-a9ab-43634b46c1f6,2026-08-27,holiday,0,""
2607a7d2-d3ef-4ded-b81e-6ff68c936b16,ed36110d-a2cf-4a88-91c7-0d23f758cd4c,a83f0aec-4e5c-4467-a9ab-43634b46c1f6,2026-08-04,holiday,0,""
adf4343c-ec53-4da9-af67-f9bfc88ac6e2,ed36110d-a2cf-4a88-91c7-0d23f758cd4c,a83f0aec-4e5c-4467-a9ab-43634b46c1f6,2026-08-05,holiday,0,""
a69788bf-32e8-4a77-9405-d3a025500ed2,ed36110d-a2cf-4a88-91c7-0d23f758cd4c,a83f0aec-4e5c-4467-a9ab-43634b46c1f6,2026-08-28,holiday,0,""
0ca1a970-e1d0-4b6a-9fef-7a5063d5468a,a335efe4-d86c-4f3f-a2a1-b4abc123d167,a83f0aec-4e5c-4467-a9ab-43634b46c1f6,2026-08-10,present,8,Via copernico
ba3e7b22-e0fe-4fa8-bdc1-5d2930b00aab,a335efe4-d86c-4f3f-a2a1-b4abc123d167,a83f0aec-4e5c-4467-a9ab-43634b46c1f6,2026-08-11,holiday,0,""
9a9310cc-5d30-4c4e-a5c7-57ad62ebe3d2,ed36110d-a2cf-4a88-91c7-0d23f758cd4c,a83f0aec-4e5c-4467-a9ab-43634b46c1f6,2026-08-07,holiday,0,""
3ff18c1e-76c6-4e67-ad60-36d4971f1eb1,ed36110d-a2cf-4a88-91c7-0d23f758cd4c,a83f0aec-4e5c-4467-a9ab-43634b46c1f6,2026-08-06,holiday,0,""
51ba999e-e8c1-4022-8b82-c4f85b36dac7,a335efe4-d86c-4f3f-a2a1-b4abc123d167,a83f0aec-4e5c-4467-a9ab-43634b46c1f6,2026-08-12,holiday,0,""
4aa67bee-3628-4f5f-acf7-f63d0835cdee,a335efe4-d86c-4f3f-a2a1-b4abc123d167,a83f0aec-4e5c-4467-a9ab-43634b46c1f6,2026-08-13,holiday,0,""
5d4fef68-a72d-4ed7-bb00-79f4fbcb2a01,ed36110d-a2cf-4a88-91c7-0d23f758cd4c,a83f0aec-4e5c-4467-a9ab-43634b46c1f6,2026-08-10,holiday,0,""
72e1bf22-dd74-4345-a765-0db3ce9ea780,a335efe4-d86c-4f3f-a2a1-b4abc123d167,a83f0aec-4e5c-4467-a9ab-43634b46c1f6,2026-08-14,holiday,0,""
507eac31-0819-4f5e-8de6-57e65f6613a3,a335efe4-d86c-4f3f-a2a1-b4abc123d167,a83f0aec-4e5c-4467-a9ab-43634b46c1f6,2026-08-17,holiday,0,""
8f78d6dd-e96a-4ba3-93c5-366c39dacf73,ed36110d-a2cf-4a88-91c7-0d23f758cd4c,a83f0aec-4e5c-4467-a9ab-43634b46c1f6,2026-08-11,holiday,0,""
8eab7d4d-f1f7-4613-b115-71096b087b6f,a335efe4-d86c-4f3f-a2a1-b4abc123d167,a83f0aec-4e5c-4467-a9ab-43634b46c1f6,2026-08-18,holiday,0,""
27204738-5371-4d3a-97e1-2cf9f79231ea,a335efe4-d86c-4f3f-a2a1-b4abc123d167,a83f0aec-4e5c-4467-a9ab-43634b46c1f6,2026-08-19,holiday,0,""
d44ae217-0900-4ead-8fe4-4b96d5ebb147,ed36110d-a2cf-4a88-91c7-0d23f758cd4c,a83f0aec-4e5c-4467-a9ab-43634b46c1f6,2026-08-12,holiday,0,""
39597866-d136-4ae8-b092-69d6f6c19403,a335efe4-d86c-4f3f-a2a1-b4abc123d167,a83f0aec-4e5c-4467-a9ab-43634b46c1f6,2026-08-20,holiday,0,""
1e534afc-2fc3-4a7d-96d7-cd54765dd13f,a335efe4-d86c-4f3f-a2a1-b4abc123d167,a83f0aec-4e5c-4467-a9ab-43634b46c1f6,2026-08-21,holiday,0,""
efae51a7-21d6-4dc9-9c29-cd5795f1f6bd,ed36110d-a2cf-4a88-91c7-0d23f758cd4c,a83f0aec-4e5c-4467-a9ab-43634b46c1f6,2026-08-13,holiday,0,""
f81c80e6-15a5-40f5-8167-d379ef74e3ab,a335efe4-d86c-4f3f-a2a1-b4abc123d167,a83f0aec-4e5c-4467-a9ab-43634b46c1f6,2026-08-24,holiday,0,""
04b2248e-aa8e-4eec-9314-696115eb3469,a335efe4-d86c-4f3f-a2a1-b4abc123d167,a83f0aec-4e5c-4467-a9ab-43634b46c1f6,2026-08-25,holiday,0,""
071ae5ea-e255-413e-baa1-4e366ba25871,ed36110d-a2cf-4a88-91c7-0d23f758cd4c,a83f0aec-4e5c-4467-a9ab-43634b46c1f6,2026-08-14,holiday,0,""
72bcf5b1-cb0a-4a36-b971-bc5da23bec5f,a335efe4-d86c-4f3f-a2a1-b4abc123d167,a83f0aec-4e5c-4467-a9ab-43634b46c1f6,2026-08-26,holiday,0,""
fe82cf89-7752-453e-b054-136246d34181,a335efe4-d86c-4f3f-a2a1-b4abc123d167,a83f0aec-4e5c-4467-a9ab-43634b46c1f6,2026-08-27,holiday,0,""
837072b5-c3a9-4d28-88d5-4882ea65e7a6,ed36110d-a2cf-4a88-91c7-0d23f758cd4c,a83f0aec-4e5c-4467-a9ab-43634b46c1f6,2026-08-17,holiday,0,""
63a05606-e64f-4cb8-84b7-391b268fb626,a335efe4-d86c-4f3f-a2a1-b4abc123d167,a83f0aec-4e5c-4467-a9ab-43634b46c1f6,2026-08-28,holiday,0,""
8d242496-37e5-4731-ae5a-28a050e76330,ed36110d-a2cf-4a88-91c7-0d23f758cd4c,a83f0aec-4e5c-4467-a9ab-43634b46c1f6,2026-08-18,holiday,0,""
8797f765-f263-4653-bd7e-3a5b1c05b84a,cff16040-6983-48f2-b49c-1fa06f131879,a83f0aec-4e5c-4467-a9ab-43634b46c1f6,2026-08-10,present,8,Via copernico
743a2323-b948-408e-b332-10cbce6610fb,cff16040-6983-48f2-b49c-1fa06f131879,a83f0aec-4e5c-4467-a9ab-43634b46c1f6,2026-08-11,holiday,0,""
85946f6c-fc76-42a4-ba3e-bc79f1ec0ac5,ed36110d-a2cf-4a88-91c7-0d23f758cd4c,a83f0aec-4e5c-4467-a9ab-43634b46c1f6,2026-08-19,holiday,0,""
84f87b5a-06d5-4435-b78c-a5c6f198cd1f,cff16040-6983-48f2-b49c-1fa06f131879,a83f0aec-4e5c-4467-a9ab-43634b46c1f6,2026-08-12,holiday,0,""
89a2e3d8-22bf-444b-aafe-653e7f19ff73,cff16040-6983-48f2-b49c-1fa06f131879,a83f0aec-4e5c-4467-a9ab-43634b46c1f6,2026-08-13,holiday,0,""
16d3bd90-a0ea-4cb9-84ba-8aa02d3dfef5,ed36110d-a2cf-4a88-91c7-0d23f758cd4c,a83f0aec-4e5c-4467-a9ab-43634b46c1f6,2026-08-20,holiday,0,""
cae065af-b77d-4885-890c-365f536bee5b,cff16040-6983-48f2-b49c-1fa06f131879,a83f0aec-4e5c-4467-a9ab-43634b46c1f6,2026-08-14,holiday,0,""
617c741e-2f12-4395-95d5-2c1fc1069ae8,cff16040-6983-48f2-b49c-1fa06f131879,a83f0aec-4e5c-4467-a9ab-43634b46c1f6,2026-08-17,holiday,0,""
9709fd75-a5a3-4417-ae08-a7e6e146823c,ed36110d-a2cf-4a88-91c7-0d23f758cd4c,a83f0aec-4e5c-4467-a9ab-43634b46c1f6,2026-08-21,holiday,0,""
761e2c3d-de32-4d94-9c53-f09944b1498c,cff16040-6983-48f2-b49c-1fa06f131879,a83f0aec-4e5c-4467-a9ab-43634b46c1f6,2026-08-18,holiday,0,""
2ef50090-29f2-4ddb-8e04-a347248faa03,cff16040-6983-48f2-b49c-1fa06f131879,a83f0aec-4e5c-4467-a9ab-43634b46c1f6,2026-08-19,holiday,0,""
71021e3a-f06f-46b1-afd2-a8a71c264833,ed36110d-a2cf-4a88-91c7-0d23f758cd4c,a83f0aec-4e5c-4467-a9ab-43634b46c1f6,2026-08-24,holiday,0,""
8fa3c702-da4f-41c3-9377-8576e65d9ba0,cff16040-6983-48f2-b49c-1fa06f131879,a83f0aec-4e5c-4467-a9ab-43634b46c1f6,2026-08-20,holiday,0,""
9f201120-cc4a-4696-9f48-c3608503f80b,cff16040-6983-48f2-b49c-1fa06f131879,a83f0aec-4e5c-4467-a9ab-43634b46c1f6,2026-08-21,holiday,0,""
39533d61-40a1-416e-aa3a-9e7b5c7cccee,ed36110d-a2cf-4a88-91c7-0d23f758cd4c,a83f0aec-4e5c-4467-a9ab-43634b46c1f6,2026-08-25,holiday,0,""
c1a502cc-ec07-4d3c-a30d-d627c23e9451,cff16040-6983-48f2-b49c-1fa06f131879,a83f0aec-4e5c-4467-a9ab-43634b46c1f6,2026-08-24,holiday,0,""
64271599-0916-48ef-b544-90281e2338e5,cff16040-6983-48f2-b49c-1fa06f131879,a83f0aec-4e5c-4467-a9ab-43634b46c1f6,2026-08-25,holiday,0,""
c6853e8b-1cf8-41b8-b80c-7053ea2bab24,ed36110d-a2cf-4a88-91c7-0d23f758cd4c,a83f0aec-4e5c-4467-a9ab-43634b46c1f6,2026-08-26,holiday,0,""
e6455d05-fa77-441f-8ccb-306fc0d1e196,cff16040-6983-48f2-b49c-1fa06f131879,a83f0aec-4e5c-4467-a9ab-43634b46c1f6,2026-08-26,holiday,0,""
cbb4b222-5b1c-4cde-97cc-d52301fa733f,cff16040-6983-48f2-b49c-1fa06f131879,a83f0aec-4e5c-4467-a9ab-43634b46c1f6,2026-08-27,holiday,0,""
5f279e81-f173-45cc-afc3-14c287800365,cff16040-6983-48f2-b49c-1fa06f131879,a83f0aec-4e5c-4467-a9ab-43634b46c1f6,2026-08-28,holiday,0,""
6a43c01b-8e9e-4830-9e31-b67a3ae28e2f,0dd64ca9-1964-46eb-8f97-a71315c8b1ed,a83f0aec-4e5c-4467-a9ab-43634b46c1f6,2026-08-10,present,8,Via copernico
58b28be6-fa92-43bc-a2c4-bdbef5bece3d,0dd64ca9-1964-46eb-8f97-a71315c8b1ed,a83f0aec-4e5c-4467-a9ab-43634b46c1f6,2026-08-11,holiday,0,""
b4dee780-8fff-435e-b6e5-af51bca5b844,0dd64ca9-1964-46eb-8f97-a71315c8b1ed,a83f0aec-4e5c-4467-a9ab-43634b46c1f6,2026-08-12,holiday,0,""
3052b058-6acf-4a13-a417-1a571f5b0e43,0dd64ca9-1964-46eb-8f97-a71315c8b1ed,a83f0aec-4e5c-4467-a9ab-43634b46c1f6,2026-08-13,holiday,0,""
dfcff595-e814-4230-b83a-8a20f82c85c0,0dd64ca9-1964-46eb-8f97-a71315c8b1ed,a83f0aec-4e5c-4467-a9ab-43634b46c1f6,2026-08-14,holiday,0,""
bf14b90b-db15-427f-bc19-bb0d3062dbd9,0dd64ca9-1964-46eb-8f97-a71315c8b1ed,a83f0aec-4e5c-4467-a9ab-43634b46c1f6,2026-08-17,holiday,0,""
e1e822eb-62b7-4d56-88b0-4aa7c8450d16,0dd64ca9-1964-46eb-8f97-a71315c8b1ed,a83f0aec-4e5c-4467-a9ab-43634b46c1f6,2026-08-18,holiday,0,""
c6bb7e8d-4838-42ba-9160-5d6c12ce3c1d,0dd64ca9-1964-46eb-8f97-a71315c8b1ed,a83f0aec-4e5c-4467-a9ab-43634b46c1f6,2026-08-19,holiday,0,""
fae0f40d-1ac5-4c22-a79b-324bb19e1ab3,0dd64ca9-1964-46eb-8f97-a71315c8b1ed,a83f0aec-4e5c-4467-a9ab-43634b46c1f6,2026-08-20,holiday,0,""
33ff0aa1-bfe5-4de5-b02e-55e3953648f0,0dd64ca9-1964-46eb-8f97-a71315c8b1ed,a83f0aec-4e5c-4467-a9ab-43634b46c1f6,2026-08-21,holiday,0,""
86f13f5a-daa4-41c7-b3f8-b2fef98623a0,0dd64ca9-1964-46eb-8f97-a71315c8b1ed,a83f0aec-4e5c-4467-a9ab-43634b46c1f6,2026-08-24,holiday,0,""
8265347a-9fcc-4bfa-8aef-31583c111421,0dd64ca9-1964-46eb-8f97-a71315c8b1ed,a83f0aec-4e5c-4467-a9ab-43634b46c1f6,2026-08-25,holiday,0,""
8c863a9e-8202-4a11-8826-3c4c97eee033,0dd64ca9-1964-46eb-8f97-a71315c8b1ed,a83f0aec-4e5c-4467-a9ab-43634b46c1f6,2026-08-26,holiday,0,""
8fbce542-b03f-4f5a-a4bd-6c9055a8c942,0dd64ca9-1964-46eb-8f97-a71315c8b1ed,a83f0aec-4e5c-4467-a9ab-43634b46c1f6,2026-08-27,holiday,0,""
b6aa9b68-8760-409f-868e-cbb1f1fa5268,0dd64ca9-1964-46eb-8f97-a71315c8b1ed,a83f0aec-4e5c-4467-a9ab-43634b46c1f6,2026-08-28,holiday,0,""
fdeaf11f-54df-48e0-9d94-a49fbb9d990b,b667d9a9-f058-4fd7-90bf-62cdef8d5672,a83f0aec-4e5c-4467-a9ab-43634b46c1f6,2026-08-14,holiday,0,""
fabd6270-c64d-48ff-8a0e-3095e705518c,b667d9a9-f058-4fd7-90bf-62cdef8d5672,a83f0aec-4e5c-4467-a9ab-43634b46c1f6,2026-08-17,holiday,0,""
aa6a178c-c58c-4118-a55b-753626392e62,b667d9a9-f058-4fd7-90bf-62cdef8d5672,a83f0aec-4e5c-4467-a9ab-43634b46c1f6,2026-08-18,holiday,0,""
651750a6-cf4e-42d1-9606-519785acd2cb,b667d9a9-f058-4fd7-90bf-62cdef8d5672,a83f0aec-4e5c-4467-a9ab-43634b46c1f6,2026-08-19,holiday,0,""
54a9a3db-fa3b-4c7d-b559-a7db94ebe819,b667d9a9-f058-4fd7-90bf-62cdef8d5672,a83f0aec-4e5c-4467-a9ab-43634b46c1f6,2026-08-20,holiday,0,""
565c3cbc-70a2-4bac-a86a-a6d9439fe98f,b667d9a9-f058-4fd7-90bf-62cdef8d5672,a83f0aec-4e5c-4467-a9ab-43634b46c1f6,2026-08-21,holiday,0,""
1cb8beb1-5577-4922-bbdf-bebda05746aa,b667d9a9-f058-4fd7-90bf-62cdef8d5672,a83f0aec-4e5c-4467-a9ab-43634b46c1f6,2026-08-24,holiday,0,""
8f7e8fe9-9be0-48d9-9643-470f123dda4e,b667d9a9-f058-4fd7-90bf-62cdef8d5672,a83f0aec-4e5c-4467-a9ab-43634b46c1f6,2026-08-25,holiday,0,""
5930bf61-fa87-4c66-a170-f39a43fb5c1d,b667d9a9-f058-4fd7-90bf-62cdef8d5672,a83f0aec-4e5c-4467-a9ab-43634b46c1f6,2026-08-26,holiday,0,""
c78d70ef-0baa-4592-9bfa-39dc7a53b837,b667d9a9-f058-4fd7-90bf-62cdef8d5672,a83f0aec-4e5c-4467-a9ab-43634b46c1f6,2026-08-27,holiday,0,""
6cb43c26-8981-48eb-9b95-502a27533a4f,b667d9a9-f058-4fd7-90bf-62cdef8d5672,a83f0aec-4e5c-4467-a9ab-43634b46c1f6,2026-08-13,present,8,Via copernico
de783b69-d440-425a-b6e3-15290a5c825f,33872abe-802f-47d0-8614-f4d206fff08f,a83f0aec-4e5c-4467-a9ab-43634b46c1f6,2026-08-03,present,8,""
c9e3b6c5-6d33-4d3c-9981-2891b354e60a,a335efe4-d86c-4f3f-a2a1-b4abc123d167,a83f0aec-4e5c-4467-a9ab-43634b46c1f6,2026-04-07,present,8,Via corte d'appello
cddba161-f723-49eb-8bef-e8b952a311ea,9fc12cbc-5f92-485a-84d9-a7f2413e2cfb,a83f0aec-4e5c-4467-a9ab-43634b46c1f6,2026-04-29,present,8,Via fadda/alghero
61016beb-c875-4454-9677-cf6f7990492f,ed36110d-a2cf-4a88-91c7-0d23f758cd4c,a83f0aec-4e5c-4467-a9ab-43634b46c1f6,2026-04-07,present,6,Via giotto
e7de4f8a-b652-40d7-88df-6a44966997d2,9fc12cbc-5f92-485a-84d9-a7f2413e2cfb,a83f0aec-4e5c-4467-a9ab-43634b46c1f6,2026-04-30,present,8,Via fadda/alghero
598f234d-dd45-4e89-b015-62f352f8a63a,1c0f2692-e1e4-40fe-907e-6023010d5f19,a83f0aec-4e5c-4467-a9ab-43634b46c1f6,2026-04-30,present,4,Viale monastir
b02a7670-83b8-493f-8ebf-d87b6c3f0cc3,bd23f301-51a8-4e05-a640-c66306e27ef6,a83f0aec-4e5c-4467-a9ab-43634b46c1f6,2026-04-28,present,8,Via mestre
e4750f05-c7dc-466e-b51a-2c1e42daef33,bd23f301-51a8-4e05-a640-c66306e27ef6,a83f0aec-4e5c-4467-a9ab-43634b46c1f6,2026-04-30,present,8,Via mestre
b871397a-3a5b-4a3f-b5ab-31503e207639,0af3ee03-5ad8-4726-81bb-ba490b621682,a83f0aec-4e5c-4467-a9ab-43634b46c1f6,2026-04-29,present,8,Via mestre
56d560ed-8c2c-494a-a3bd-46a5f24a5650,f029e10a-9baf-4528-b950-2e10fb4d13ce,a83f0aec-4e5c-4467-a9ab-43634b46c1f6,2026-04-28,present,8,Via dante
db4b53e3-ef93-417e-962f-d36b335a233e,f029e10a-9baf-4528-b950-2e10fb4d13ce,a83f0aec-4e5c-4467-a9ab-43634b46c1f6,2026-04-29,present,8,Via dante
533c972e-8eef-44a6-b445-d12b5e337e60,a78a69df-18f8-45b2-866f-214377a09e87,a83f0aec-4e5c-4467-a9ab-43634b46c1f6,2026-04-29,present,8,""
09409480-9443-4be5-8300-b64491bbe20b,ed17502d-bd6a-418e-a321-b5c13b8979eb,a83f0aec-4e5c-4467-a9ab-43634b46c1f6,2026-04-28,present,8,""
1a59f21e-6693-4a84-af8c-7809fb9b5429,ed17502d-bd6a-418e-a321-b5c13b8979eb,a83f0aec-4e5c-4467-a9ab-43634b46c1f6,2026-04-30,present,8,""
359a73fd-5943-4360-b18e-6f6c9d27a0e2,e29ef4e3-a2cd-4328-8cd5-5d17785f1a83,a83f0aec-4e5c-4467-a9ab-43634b46c1f6,2026-04-29,present,8,""
edd0f970-f532-4ac2-a91a-b6a925623d92,b8da2a0d-01f4-40e4-823f-d0e64c0d5a85,a83f0aec-4e5c-4467-a9ab-43634b46c1f6,2026-04-28,present,8,""
61b7b06f-5e61-41aa-b27a-eb9bbafc0811,b8da2a0d-01f4-40e4-823f-d0e64c0d5a85,a83f0aec-4e5c-4467-a9ab-43634b46c1f6,2026-04-30,present,8,""
ad77c681-a01f-445b-a69b-fe6bf418100d,55c515b0-f4e2-4b80-8d6f-e2755cb31866,a83f0aec-4e5c-4467-a9ab-43634b46c1f6,2026-04-29,present,8,""
de6dc08c-1cdd-48db-a559-de50f967a65b,cff16040-6983-48f2-b49c-1fa06f131879,a83f0aec-4e5c-4467-a9ab-43634b46c1f6,2026-04-28,present,8,Via fadda/alghero
c89f6fb1-445f-4fe3-ba74-1f20914c8ba2,0dd64ca9-1964-46eb-8f97-a71315c8b1ed,a83f0aec-4e5c-4467-a9ab-43634b46c1f6,2026-04-28,present,8,Via copernico
af0dda6b-c78b-4769-bc38-c0d019607685,0dd64ca9-1964-46eb-8f97-a71315c8b1ed,a83f0aec-4e5c-4467-a9ab-43634b46c1f6,2026-04-29,present,8,Via copernico
8196b030-5f4b-432b-a412-e383feb703e1,b667d9a9-f058-4fd7-90bf-62cdef8d5672,a83f0aec-4e5c-4467-a9ab-43634b46c1f6,2026-04-28,present,8,Via giotto
2c496c67-0d9c-459e-87da-4670a543515e,b667d9a9-f058-4fd7-90bf-62cdef8d5672,a83f0aec-4e5c-4467-a9ab-43634b46c1f6,2026-04-30,present,8,Via giotto
cbbe35ab-43b2-42a8-8a72-acb9f3911156,07cba65e-e2f7-495c-8b24-2192173054a0,a83f0aec-4e5c-4467-a9ab-43634b46c1f6,2026-04-30,present,8,Via strauss
0ccae13c-fec5-4b72-855a-d844feddb7d6,be17adcf-4219-4796-958f-51e2b5e0cf92,a83f0aec-4e5c-4467-a9ab-43634b46c1f6,2026-04-28,present,8,Via monte grappa
e2e4c3b1-1a77-46c4-a765-37c9d088575c,42b77da1-31e4-4197-88a5-2679c57fac56,a83f0aec-4e5c-4467-a9ab-43634b46c1f6,2026-04-28,present,8,Via strauss
24d71b06-cdf6-4295-bc3b-f70ecaa50723,42b77da1-31e4-4197-88a5-2679c57fac56,a83f0aec-4e5c-4467-a9ab-43634b46c1f6,2026-04-29,present,8,Via strauss
0f1d8632-06b9-4d44-bf12-1537cb6c0cdc,42b77da1-31e4-4197-88a5-2679c57fac56,a83f0aec-4e5c-4467-a9ab-43634b46c1f6,2026-04-30,present,8,Via strauss
9f9298c9-f055-49b8-a08b-a180aebd0263,2f76e93b-41a3-4e8b-8741-8b3e03d8db85,a83f0aec-4e5c-4467-a9ab-43634b46c1f6,2026-04-28,present,8,Via fadda/alghero
854c637f-e0cb-4b11-ac6f-f2e239c62be9,2f76e93b-41a3-4e8b-8741-8b3e03d8db85,a83f0aec-4e5c-4467-a9ab-43634b46c1f6,2026-04-30,present,8,Via fadda/alghero
31d762b1-30e0-407a-a3e2-6b05084e531a,2197b6fd-9cb2-4d34-8118-cf9f11b573d7,a83f0aec-4e5c-4467-a9ab-43634b46c1f6,2026-04-28,present,8,Via giotto
ea83541c-cb82-403d-9672-337625b1b8c3,2197b6fd-9cb2-4d34-8118-cf9f11b573d7,a83f0aec-4e5c-4467-a9ab-43634b46c1f6,2026-04-29,present,8,Via giotto
4cec6ef0-cdc1-4fb7-b234-b9939bd480b3,2197b6fd-9cb2-4d34-8118-cf9f11b573d7,a83f0aec-4e5c-4467-a9ab-43634b46c1f6,2026-04-30,present,8,Via giotto
8f478fce-fe5f-44e9-bfc7-52f1b3eae547,0af3ee03-5ad8-4726-81bb-ba490b621682,a83f0aec-4e5c-4467-a9ab-43634b46c1f6,2026-05-19,present,8,Via mestre
44adf0f9-63de-48aa-81a0-8eead9324d60,0af3ee03-5ad8-4726-81bb-ba490b621682,a83f0aec-4e5c-4467-a9ab-43634b46c1f6,2026-05-21,present,8,Via mestre
f172412b-a156-4448-8ec7-3255fe6195b7,ed36110d-a2cf-4a88-91c7-0d23f758cd4c,a83f0aec-4e5c-4467-a9ab-43634b46c1f6,2026-04-29,present,6,Via giotto
6ab3a905-cf66-4954-b352-b0b1c725d052,ed36110d-a2cf-4a88-91c7-0d23f758cd4c,a83f0aec-4e5c-4467-a9ab-43634b46c1f6,2026-04-28,present,6,Via giotto
e10ef168-5849-4745-97f3-8cf03d0e14b3,33872abe-802f-47d0-8614-f4d206fff08f,a83f0aec-4e5c-4467-a9ab-43634b46c1f6,2026-08-04,present,8,""
780cea82-e6ad-4025-8e78-bbe2eebc0cdc,33872abe-802f-47d0-8614-f4d206fff08f,a83f0aec-4e5c-4467-a9ab-43634b46c1f6,2026-08-05,present,8,""
058a0a5f-99ca-41cb-b3c9-d10a53fc15f3,bd23f301-51a8-4e05-a640-c66306e27ef6,a83f0aec-4e5c-4467-a9ab-43634b46c1f6,2026-06-02,holiday,0,""
2afda64d-ff7d-44f2-87f8-9d04c4977f70,f029e10a-9baf-4528-b950-2e10fb4d13ce,a83f0aec-4e5c-4467-a9ab-43634b46c1f6,2026-05-04,present,8,Via dante
16c55300-270d-46ca-ab5d-a03ce62ce616,a78a69df-18f8-45b2-866f-214377a09e87,a83f0aec-4e5c-4467-a9ab-43634b46c1f6,2026-05-15,present,8,Via mandrolisai
8e13898c-1869-4bcf-b361-bf85f80d91e8,f029e10a-9baf-4528-b950-2e10fb4d13ce,a83f0aec-4e5c-4467-a9ab-43634b46c1f6,2026-05-07,present,8,Via dante
87712ab8-b513-456a-bc0b-8ddc3d04d446,f029e10a-9baf-4528-b950-2e10fb4d13ce,a83f0aec-4e5c-4467-a9ab-43634b46c1f6,2026-05-09,holiday,0,""
265c901e-2912-432e-be37-5d2a789d96fa,f029e10a-9baf-4528-b950-2e10fb4d13ce,a83f0aec-4e5c-4467-a9ab-43634b46c1f6,2026-05-13,present,8,Via dante
24bd9f08-ac64-43fa-bb4d-80b7ee5bc7fd,f029e10a-9baf-4528-b950-2e10fb4d13ce,a83f0aec-4e5c-4467-a9ab-43634b46c1f6,2026-05-14,present,8,Via dante
693c8573-8946-42a9-a8ba-27c1ada294c6,f029e10a-9baf-4528-b950-2e10fb4d13ce,a83f0aec-4e5c-4467-a9ab-43634b46c1f6,2026-05-18,present,8,Via dante
44786770-1e98-4db9-b296-200dced70083,f029e10a-9baf-4528-b950-2e10fb4d13ce,a83f0aec-4e5c-4467-a9ab-43634b46c1f6,2026-05-19,present,8,Via dante
2b557fd7-f403-4e21-aaa3-be06e6a4ce26,f029e10a-9baf-4528-b950-2e10fb4d13ce,a83f0aec-4e5c-4467-a9ab-43634b46c1f6,2026-05-25,present,8,Via dante
e045b96d-b01e-4548-94a8-afe45e20f795,a78a69df-18f8-45b2-866f-214377a09e87,a83f0aec-4e5c-4467-a9ab-43634b46c1f6,2026-05-05,present,8,Viale monastir
5fce6d22-84e2-4d4b-b177-fa5fcb963c13,a78a69df-18f8-45b2-866f-214377a09e87,a83f0aec-4e5c-4467-a9ab-43634b46c1f6,2026-05-08,present,8,Viale monastir
02cd94e9-a0a4-4143-be60-7099b86e4caf,a78a69df-18f8-45b2-866f-214377a09e87,a83f0aec-4e5c-4467-a9ab-43634b46c1f6,2026-05-12,present,8,Via mandrolisai
3062a726-2bf6-463c-9385-63571a17a380,a78a69df-18f8-45b2-866f-214377a09e87,a83f0aec-4e5c-4467-a9ab-43634b46c1f6,2026-05-19,present,8,Via mandrolisai
5a5265a8-a456-46eb-8e56-1a1cac06f57f,a78a69df-18f8-45b2-866f-214377a09e87,a83f0aec-4e5c-4467-a9ab-43634b46c1f6,2026-05-26,present,8,Via mandrolisai
55086957-f338-4b50-99fe-859421de5017,a78a69df-18f8-45b2-866f-214377a09e87,a83f0aec-4e5c-4467-a9ab-43634b46c1f6,2026-05-27,present,8,Via mandrolisai
b5ca47e4-0095-43a6-baf8-9ba19b72114e,a78a69df-18f8-45b2-866f-214377a09e87,a83f0aec-4e5c-4467-a9ab-43634b46c1f6,2026-05-28,present,8,Via mandrolisai
92098b54-3efa-4b0f-9963-1b3592965ad4,ed17502d-bd6a-418e-a321-b5c13b8979eb,a83f0aec-4e5c-4467-a9ab-43634b46c1f6,2026-05-07,present,8,Via mandrolisai
c1ff9b73-bfba-4225-9d27-699ca2ba303b,a1126a85-fd22-4cb7-af46-19697bfc7079,a83f0aec-4e5c-4467-a9ab-43634b46c1f6,2026-06-02,holiday,0,""
dcfbacaa-9645-4acd-a839-9321ebebe99b,a335efe4-d86c-4f3f-a2a1-b4abc123d167,a83f0aec-4e5c-4467-a9ab-43634b46c1f6,2026-06-02,holiday,0,""
3ce23e02-1800-4014-bbd7-498701d2485e,2f76e93b-41a3-4e8b-8741-8b3e03d8db85,a83f0aec-4e5c-4467-a9ab-43634b46c1f6,2026-06-02,holiday,0,""
6fefa80c-7d99-4747-a557-7d20de785c65,07cba65e-e2f7-495c-8b24-2192173054a0,a83f0aec-4e5c-4467-a9ab-43634b46c1f6,2026-06-02,holiday,0,""
c026754c-4b71-4b34-b4e1-cf384b91e373,33872abe-802f-47d0-8614-f4d206fff08f,a83f0aec-4e5c-4467-a9ab-43634b46c1f6,2026-06-02,holiday,0,""
e442f6a4-663f-40d6-9508-acf5f2e27a71,a78a69df-18f8-45b2-866f-214377a09e87,a83f0aec-4e5c-4467-a9ab-43634b46c1f6,2026-06-02,holiday,0,""
13f4ac21-1b3a-46ab-a784-66bb7b49f993,b8da2a0d-01f4-40e4-823f-d0e64c0d5a85,a83f0aec-4e5c-4467-a9ab-43634b46c1f6,2026-06-02,holiday,0,""
9cd98e6e-3923-40ad-9146-e5eb37de865e,a335efe4-d86c-4f3f-a2a1-b4abc123d167,a83f0aec-4e5c-4467-a9ab-43634b46c1f6,2026-06-05,present,8,Via giotto
ba569bb3-1f29-45fe-94f8-9f1d3eb9eed9,a335efe4-d86c-4f3f-a2a1-b4abc123d167,a83f0aec-4e5c-4467-a9ab-43634b46c1f6,2026-06-12,present,8,Via giotto
3e4aa416-4904-41e2-83b8-7b7c321dc077,ed36110d-a2cf-4a88-91c7-0d23f758cd4c,a83f0aec-4e5c-4467-a9ab-43634b46c1f6,2026-06-01,present,8,Via pirandello
b2fe3f06-2d4a-40eb-93d6-2a39f350d442,ed36110d-a2cf-4a88-91c7-0d23f758cd4c,a83f0aec-4e5c-4467-a9ab-43634b46c1f6,2026-06-04,present,8,Via pirandello
630e9804-f354-4ec4-ac06-eea66e5175a1,ed36110d-a2cf-4a88-91c7-0d23f758cd4c,a83f0aec-4e5c-4467-a9ab-43634b46c1f6,2026-06-02,holiday,0,""
cfa42996-772c-4f25-870c-a01c75cbdb22,33872abe-802f-47d0-8614-f4d206fff08f,a83f0aec-4e5c-4467-a9ab-43634b46c1f6,2026-08-06,present,8,""
f6a1a856-1eda-4aa6-9594-5968870b9e53,33872abe-802f-47d0-8614-f4d206fff08f,a83f0aec-4e5c-4467-a9ab-43634b46c1f6,2026-08-07,present,8,""
92c1fe40-c6d5-4510-a889-32c4dffc9f81,a335efe4-d86c-4f3f-a2a1-b4abc123d167,a83f0aec-4e5c-4467-a9ab-43634b46c1f6,2026-04-03,present,8,Via donoratico
7be8ac8a-2cc2-4336-9a30-c57bcb2093c2,cff16040-6983-48f2-b49c-1fa06f131879,a83f0aec-4e5c-4467-a9ab-43634b46c1f6,2026-04-03,present,8,Via bottego
1c3653db-8796-4664-b28b-45430d4235cc,cff16040-6983-48f2-b49c-1fa06f131879,a83f0aec-4e5c-4467-a9ab-43634b46c1f6,2026-04-07,present,8,Via bottego
1482a4af-61d8-413f-ad8e-9d6050b7b2b8,0dd64ca9-1964-46eb-8f97-a71315c8b1ed,a83f0aec-4e5c-4467-a9ab-43634b46c1f6,2026-04-03,present,8,Via copernico
2ce4c0f9-7de5-499c-80e0-6b39148dd76b,0dd64ca9-1964-46eb-8f97-a71315c8b1ed,a83f0aec-4e5c-4467-a9ab-43634b46c1f6,2026-04-07,present,8,Via copernico
b93f8ef2-1f36-4d50-992c-5f49fc6ea570,b667d9a9-f058-4fd7-90bf-62cdef8d5672,a83f0aec-4e5c-4467-a9ab-43634b46c1f6,2026-04-03,present,8,Via giotto
b53a3292-d33a-4e5f-ba7f-276f03fb9cf1,b667d9a9-f058-4fd7-90bf-62cdef8d5672,a83f0aec-4e5c-4467-a9ab-43634b46c1f6,2026-04-07,present,8,Via giotto
9a3b9006-1970-4ef3-9632-ae6f4410afbd,07cba65e-e2f7-495c-8b24-2192173054a0,a83f0aec-4e5c-4467-a9ab-43634b46c1f6,2026-04-03,present,8,Via bottego
97aaa04f-f3ac-4ff1-bfd6-222c682da9c4,07cba65e-e2f7-495c-8b24-2192173054a0,a83f0aec-4e5c-4467-a9ab-43634b46c1f6,2026-04-07,present,8,Via bottego
663a88a5-d1b0-434c-b5a7-f275e4d290f1,be17adcf-4219-4796-958f-51e2b5e0cf92,a83f0aec-4e5c-4467-a9ab-43634b46c1f6,2026-04-03,present,8,Via copernico
41caea3d-dad5-4b9b-a3db-999a4742a605,be17adcf-4219-4796-958f-51e2b5e0cf92,a83f0aec-4e5c-4467-a9ab-43634b46c1f6,2026-04-07,present,8,Via copernico
9aa30381-be57-446b-857c-38f874ec3fb8,42b77da1-31e4-4197-88a5-2679c57fac56,a83f0aec-4e5c-4467-a9ab-43634b46c1f6,2026-04-03,present,8,Via bottego
7e95f4c7-b1b2-4a0f-a4f7-f8b099a2d7ad,42b77da1-31e4-4197-88a5-2679c57fac56,a83f0aec-4e5c-4467-a9ab-43634b46c1f6,2026-04-07,present,8,Via bottego
d6ac83fe-1930-4bf5-bf0e-ff46dde84623,2f76e93b-41a3-4e8b-8741-8b3e03d8db85,a83f0aec-4e5c-4467-a9ab-43634b46c1f6,2026-04-03,present,8,Via corte d'appello
88ed9078-6d26-4cec-ace8-2f01cc5a100f,2f76e93b-41a3-4e8b-8741-8b3e03d8db85,a83f0aec-4e5c-4467-a9ab-43634b46c1f6,2026-04-07,present,8,Via corte d'appello
b4ade83e-1b29-4915-881b-9ab5ca9ebfbd,2197b6fd-9cb2-4d34-8118-cf9f11b573d7,a83f0aec-4e5c-4467-a9ab-43634b46c1f6,2026-04-03,present,8,Via giotto
6378e4a4-c869-4ba7-85ca-4ee758c4e112,2197b6fd-9cb2-4d34-8118-cf9f11b573d7,a83f0aec-4e5c-4467-a9ab-43634b46c1f6,2026-04-07,present,8,Via giotto
c1ceea9a-8657-4b8d-b6f1-eeb9c93c707c,07cba65e-e2f7-495c-8b24-2192173054a0,a83f0aec-4e5c-4467-a9ab-43634b46c1f6,2026-04-29,present,8,Via strauss
f59d3e14-002c-458d-8963-bed8c9d5240d,ed36110d-a2cf-4a88-91c7-0d23f758cd4c,a83f0aec-4e5c-4467-a9ab-43634b46c1f6,2026-04-03,present,6,Via giotto
ca2b3519-3300-451e-a03a-59a327feabc1,bd23f301-51a8-4e05-a640-c66306e27ef6,a83f0aec-4e5c-4467-a9ab-43634b46c1f6,2026-08-03,present,8,""
e05d8589-f803-43d8-a7be-76309869f8f7,bd23f301-51a8-4e05-a640-c66306e27ef6,a83f0aec-4e5c-4467-a9ab-43634b46c1f6,2026-08-04,present,8,""
329fc699-11a0-4043-8ca2-01938ad08bef,bd23f301-51a8-4e05-a640-c66306e27ef6,a83f0aec-4e5c-4467-a9ab-43634b46c1f6,2026-04-29,present,8,Via mestre
7ee74d6f-57d3-487c-8142-dd430b9336b8,0af3ee03-5ad8-4726-81bb-ba490b621682,a83f0aec-4e5c-4467-a9ab-43634b46c1f6,2026-04-28,present,8,Via mestre
e0bba75b-ae64-4ab8-9835-c8251f5bb6ef,0af3ee03-5ad8-4726-81bb-ba490b621682,a83f0aec-4e5c-4467-a9ab-43634b46c1f6,2026-04-30,present,8,Via mestre
9c340c3d-d4f5-49bb-8c91-a836038619ec,0af3ee03-5ad8-4726-81bb-ba490b621682,a83f0aec-4e5c-4467-a9ab-43634b46c1f6,2026-05-18,present,8,Via mestre
4e300e07-5a1b-4919-906e-927b2a1aa4d8,f029e10a-9baf-4528-b950-2e10fb4d13ce,a83f0aec-4e5c-4467-a9ab-43634b46c1f6,2026-04-30,present,8,Via dante
b9c4ad02-25f5-45a2-9932-ddaf3eb12e00,a78a69df-18f8-45b2-866f-214377a09e87,a83f0aec-4e5c-4467-a9ab-43634b46c1f6,2026-04-30,present,8,""
a851f8f8-a4de-4c2d-b46f-ed6d63f1fa16,ed17502d-bd6a-418e-a321-b5c13b8979eb,a83f0aec-4e5c-4467-a9ab-43634b46c1f6,2026-04-29,present,8,""
be921f9a-f3f8-4d11-885b-4ad00a6bfba5,e29ef4e3-a2cd-4328-8cd5-5d17785f1a83,a83f0aec-4e5c-4467-a9ab-43634b46c1f6,2026-04-28,present,8,""
c2b5d94d-aebc-4481-974f-2aa0c0b9b0d1,e29ef4e3-a2cd-4328-8cd5-5d17785f1a83,a83f0aec-4e5c-4467-a9ab-43634b46c1f6,2026-04-30,present,8,""
155d7928-5eb6-4e82-8650-50fe2fd3ef4e,b8da2a0d-01f4-40e4-823f-d0e64c0d5a85,a83f0aec-4e5c-4467-a9ab-43634b46c1f6,2026-04-29,present,8,""
aea9be78-4b7f-4fcc-8fbe-087881f6509b,55c515b0-f4e2-4b80-8d6f-e2755cb31866,a83f0aec-4e5c-4467-a9ab-43634b46c1f6,2026-04-28,present,8,""
02a6c108-8c57-4474-a9d6-4d8a50002d07,55c515b0-f4e2-4b80-8d6f-e2755cb31866,a83f0aec-4e5c-4467-a9ab-43634b46c1f6,2026-04-30,present,8,""
3a1fd639-af14-49a4-8552-d6d8b15be6b8,cff16040-6983-48f2-b49c-1fa06f131879,a83f0aec-4e5c-4467-a9ab-43634b46c1f6,2026-04-29,present,8,Via fadda/alghero
88d8e7b1-f412-4121-8d80-e65167ab647f,cff16040-6983-48f2-b49c-1fa06f131879,a83f0aec-4e5c-4467-a9ab-43634b46c1f6,2026-04-30,present,8,Via fadda/alghero
a3ff79df-38cf-49f2-86c0-4e69c8a26617,0dd64ca9-1964-46eb-8f97-a71315c8b1ed,a83f0aec-4e5c-4467-a9ab-43634b46c1f6,2026-04-30,present,8,Via copernico
fba807e7-1186-45a5-a80a-e71bb5b604c3,b667d9a9-f058-4fd7-90bf-62cdef8d5672,a83f0aec-4e5c-4467-a9ab-43634b46c1f6,2026-04-29,present,8,Via giotto
ec7ac10f-9f38-4af8-9b2a-95f798e1c9e7,07cba65e-e2f7-495c-8b24-2192173054a0,a83f0aec-4e5c-4467-a9ab-43634b46c1f6,2026-04-28,present,8,Via strauss
e86d5c17-9cec-4e5b-a647-965925a4ae60,be17adcf-4219-4796-958f-51e2b5e0cf92,a83f0aec-4e5c-4467-a9ab-43634b46c1f6,2026-04-29,present,8,Via monte grappa
37236d97-fefe-4899-9ae4-d1fdff6faea1,be17adcf-4219-4796-958f-51e2b5e0cf92,a83f0aec-4e5c-4467-a9ab-43634b46c1f6,2026-04-30,present,8,Via monte grappa
3ae1e373-e4cd-48f4-a482-b9ef427393cc,2f76e93b-41a3-4e8b-8741-8b3e03d8db85,a83f0aec-4e5c-4467-a9ab-43634b46c1f6,2026-04-29,present,8,Via fadda/alghero
781e4d07-752f-4157-a985-38d363d80d30,0af3ee03-5ad8-4726-81bb-ba490b621682,a83f0aec-4e5c-4467-a9ab-43634b46c1f6,2026-05-20,present,8,Via mestre
9454e8dc-ec6a-4d91-9e91-2507bac1b130,ed36110d-a2cf-4a88-91c7-0d23f758cd4c,a83f0aec-4e5c-4467-a9ab-43634b46c1f6,2026-04-30,present,6,Via giotto
cbcee858-33ba-491b-a52b-bc392eb619c9,bd23f301-51a8-4e05-a640-c66306e27ef6,a83f0aec-4e5c-4467-a9ab-43634b46c1f6,2026-08-05,present,8,""
4e94b3fd-41fb-4b57-bafd-ae89ff315716,bd23f301-51a8-4e05-a640-c66306e27ef6,a83f0aec-4e5c-4467-a9ab-43634b46c1f6,2026-08-06,present,8,""
b0753ba0-dde2-4d4d-8a57-d7deb4ae5328,9fc12cbc-5f92-485a-84d9-a7f2413e2cfb,a83f0aec-4e5c-4467-a9ab-43634b46c1f6,2026-04-28,present,8,Via fadda/alghero
62d5963b-d6cd-4cf8-b20e-89cab71725ad,0af3ee03-5ad8-4726-81bb-ba490b621682,a83f0aec-4e5c-4467-a9ab-43634b46c1f6,2026-05-22,present,8,Via mestre
292452cf-7629-4bd9-9eda-c9211f85343a,0af3ee03-5ad8-4726-81bb-ba490b621682,a83f0aec-4e5c-4467-a9ab-43634b46c1f6,2026-05-26,present,8,Via mestre
d32f0846-dbee-44e5-9705-eb3845478007,0af3ee03-5ad8-4726-81bb-ba490b621682,a83f0aec-4e5c-4467-a9ab-43634b46c1f6,2026-05-27,present,8,Via mestre
fb10a8a8-4a73-4e1b-901d-436b6fc1a82c,f029e10a-9baf-4528-b950-2e10fb4d13ce,a83f0aec-4e5c-4467-a9ab-43634b46c1f6,2026-05-05,present,8,Via dante
30698344-1526-4565-b033-565e5e349d1b,f029e10a-9baf-4528-b950-2e10fb4d13ce,a83f0aec-4e5c-4467-a9ab-43634b46c1f6,2026-05-06,present,8,Via dante
5e7c6047-9212-42c3-8ca8-643af669d055,a78a69df-18f8-45b2-866f-214377a09e87,a83f0aec-4e5c-4467-a9ab-43634b46c1f6,2026-05-20,present,8,Via mandrolisai
e768df3b-499b-47cb-84af-620b0e372630,f029e10a-9baf-4528-b950-2e10fb4d13ce,a83f0aec-4e5c-4467-a9ab-43634b46c1f6,2026-05-11,present,8,Via dante
aefefb55-c447-4433-9a59-0f0fcea2c727,f029e10a-9baf-4528-b950-2e10fb4d13ce,a83f0aec-4e5c-4467-a9ab-43634b46c1f6,2026-05-12,present,8,Via dante
eb97f3f7-3d73-4157-8ed6-0979c857b375,f029e10a-9baf-4528-b950-2e10fb4d13ce,a83f0aec-4e5c-4467-a9ab-43634b46c1f6,2026-05-15,present,8,Via dante
b3d5c883-b65d-48d1-8012-19018a71d295,f029e10a-9baf-4528-b950-2e10fb4d13ce,a83f0aec-4e5c-4467-a9ab-43634b46c1f6,2026-05-22,present,8,Via dante
2c6fdd94-7a31-4a3a-aef6-b8a2a440b62a,f029e10a-9baf-4528-b950-2e10fb4d13ce,a83f0aec-4e5c-4467-a9ab-43634b46c1f6,2026-05-26,present,8,Via dante
476bf6a9-c9b1-4d57-846e-8de088136e3d,a78a69df-18f8-45b2-866f-214377a09e87,a83f0aec-4e5c-4467-a9ab-43634b46c1f6,2026-05-14,present,8,Via mandrolisai
7147b2b8-07a2-46ef-96df-45febd0647d7,a78a69df-18f8-45b2-866f-214377a09e87,a83f0aec-4e5c-4467-a9ab-43634b46c1f6,2026-05-21,present,8,Via mandrolisai
02eb3d66-ca26-4991-a16a-e4a3349c78f1,a78a69df-18f8-45b2-866f-214377a09e87,a83f0aec-4e5c-4467-a9ab-43634b46c1f6,2026-05-25,present,8,Via mandrolisai
684f82af-2e6a-4f9c-a387-a70c044338de,ed17502d-bd6a-418e-a321-b5c13b8979eb,a83f0aec-4e5c-4467-a9ab-43634b46c1f6,2026-05-05,present,8,Via mandrolisai
d927e88a-8355-4000-95f6-7e63f9688140,ed17502d-bd6a-418e-a321-b5c13b8979eb,a83f0aec-4e5c-4467-a9ab-43634b46c1f6,2026-05-06,present,8,Via mandrolisai
657c0759-0966-4d48-a0de-0d59f2cbd5ff,0dd64ca9-1964-46eb-8f97-a71315c8b1ed,a83f0aec-4e5c-4467-a9ab-43634b46c1f6,2026-06-02,holiday,0,""
bf7c1c3e-430b-4168-abe8-cd35fcf6f95b,be17adcf-4219-4796-958f-51e2b5e0cf92,a83f0aec-4e5c-4467-a9ab-43634b46c1f6,2026-06-02,holiday,0,""
73302bd5-05df-4d70-b8c2-33ca0ba64f49,2197b6fd-9cb2-4d34-8118-cf9f11b573d7,a83f0aec-4e5c-4467-a9ab-43634b46c1f6,2026-06-02,holiday,0,""
d48152ba-d8db-4a06-bc11-34726d774e5f,0af3ee03-5ad8-4726-81bb-ba490b621682,a83f0aec-4e5c-4467-a9ab-43634b46c1f6,2026-06-02,holiday,0,""
1b2dbf9b-6da9-4469-8e27-69ef37f96ea8,1c0f2692-e1e4-40fe-907e-6023010d5f19,a83f0aec-4e5c-4467-a9ab-43634b46c1f6,2026-06-02,holiday,0,""
a0a262ab-801b-432b-a1c7-c1f3bf1db5d5,cff16040-6983-48f2-b49c-1fa06f131879,a83f0aec-4e5c-4467-a9ab-43634b46c1f6,2026-06-02,holiday,0,""
0279f063-fa48-4d79-80e8-678595309450,bd23f301-51a8-4e05-a640-c66306e27ef6,a83f0aec-4e5c-4467-a9ab-43634b46c1f6,2026-08-07,present,8,""
45a1ce82-b464-47f8-a83d-64a0054b411c,0af3ee03-5ad8-4726-81bb-ba490b621682,a83f0aec-4e5c-4467-a9ab-43634b46c1f6,2026-08-03,present,8,""
c3065c26-8c12-4fb8-b3fd-6af6cdeffaed,0af3ee03-5ad8-4726-81bb-ba490b621682,a83f0aec-4e5c-4467-a9ab-43634b46c1f6,2026-08-04,present,8,""
eb36d1ed-012c-4b17-b10d-6467807ce313,0af3ee03-5ad8-4726-81bb-ba490b621682,a83f0aec-4e5c-4467-a9ab-43634b46c1f6,2026-08-05,present,8,""
9ef9c1ae-f85e-4560-ab60-12fb8cd354bd,0af3ee03-5ad8-4726-81bb-ba490b621682,a83f0aec-4e5c-4467-a9ab-43634b46c1f6,2026-08-06,present,8,""
796fdfd0-15e4-44b3-be08-282fd882cb1b,0af3ee03-5ad8-4726-81bb-ba490b621682,a83f0aec-4e5c-4467-a9ab-43634b46c1f6,2026-08-07,present,8,""
6704972e-d578-4a1f-aad2-ea4074e1f87b,f029e10a-9baf-4528-b950-2e10fb4d13ce,a83f0aec-4e5c-4467-a9ab-43634b46c1f6,2026-08-03,present,8,""
69f63547-531f-4394-8526-55896e9d3edd,f029e10a-9baf-4528-b950-2e10fb4d13ce,a83f0aec-4e5c-4467-a9ab-43634b46c1f6,2026-08-04,present,8,""
806b7f4d-80fd-4a41-8aa5-4a33ce0a438b,f029e10a-9baf-4528-b950-2e10fb4d13ce,a83f0aec-4e5c-4467-a9ab-43634b46c1f6,2026-08-05,present,8,""
5710ab33-0e57-4a5f-922c-4bf73add7807,f029e10a-9baf-4528-b950-2e10fb4d13ce,a83f0aec-4e5c-4467-a9ab-43634b46c1f6,2026-08-06,present,8,""
e2c57736-aa0c-4220-b532-9ce8a3de34a8,f029e10a-9baf-4528-b950-2e10fb4d13ce,a83f0aec-4e5c-4467-a9ab-43634b46c1f6,2026-08-07,present,8,""
ae1cc1c3-ec8f-4bf4-8c36-5adc04c3e032,a78a69df-18f8-45b2-866f-214377a09e87,a83f0aec-4e5c-4467-a9ab-43634b46c1f6,2026-08-03,present,8,""
4cd19c51-8257-43a0-ad20-ec07a53af27b,a78a69df-18f8-45b2-866f-214377a09e87,a83f0aec-4e5c-4467-a9ab-43634b46c1f6,2026-08-04,present,8,""
d4a47181-4785-44b7-b663-7029290ef578,cff16040-6983-48f2-b49c-1fa06f131879,a83f0aec-4e5c-4467-a9ab-43634b46c1f6,2026-02-01,holiday,0,""
a8547031-a064-442b-8bdf-ddaae4f1bcf5,cff16040-6983-48f2-b49c-1fa06f131879,a83f0aec-4e5c-4467-a9ab-43634b46c1f6,2026-02-02,present,8,Via copernico
1580bf3f-f3c4-4892-a1fc-49d5662cba05,cff16040-6983-48f2-b49c-1fa06f131879,a83f0aec-4e5c-4467-a9ab-43634b46c1f6,2026-02-03,present,8,Via copernico
dba6f4e9-1586-4c8f-a9c8-48260a367b1a,cff16040-6983-48f2-b49c-1fa06f131879,a83f0aec-4e5c-4467-a9ab-43634b46c1f6,2026-02-04,present,8,Via copernico
2db2063b-3c42-4c0e-a635-d23dfc711c55,a335efe4-d86c-4f3f-a2a1-b4abc123d167,a83f0aec-4e5c-4467-a9ab-43634b46c1f6,2026-02-21,holiday,0,""
3411a87f-d15b-4d26-8baa-e7be4f1f6148,a335efe4-d86c-4f3f-a2a1-b4abc123d167,a83f0aec-4e5c-4467-a9ab-43634b46c1f6,2026-02-02,present,8,Via bottego
07ff06e7-32a2-47d9-bf33-dcb1d5e4fd31,a335efe4-d86c-4f3f-a2a1-b4abc123d167,a83f0aec-4e5c-4467-a9ab-43634b46c1f6,2026-02-03,present,8,Via bottego
e83ca926-9426-4e3b-b7f9-0424c86c3739,a335efe4-d86c-4f3f-a2a1-b4abc123d167,a83f0aec-4e5c-4467-a9ab-43634b46c1f6,2026-02-04,present,8,Via bottego
42a1ac19-6513-4b80-860c-6ebd50fc4f86,a335efe4-d86c-4f3f-a2a1-b4abc123d167,a83f0aec-4e5c-4467-a9ab-43634b46c1f6,2026-02-05,present,8,Via bottego
f7019730-8f26-4f96-bdb3-ef6014ceca5f,a335efe4-d86c-4f3f-a2a1-b4abc123d167,a83f0aec-4e5c-4467-a9ab-43634b46c1f6,2026-02-06,present,8,Via bottego
19d452bd-61ee-40eb-b846-a36a321aae9c,a335efe4-d86c-4f3f-a2a1-b4abc123d167,a83f0aec-4e5c-4467-a9ab-43634b46c1f6,2026-02-09,present,8,Via bottego
a8553f5c-252f-4c9b-9ed4-01d339a8418c,a335efe4-d86c-4f3f-a2a1-b4abc123d167,a83f0aec-4e5c-4467-a9ab-43634b46c1f6,2026-02-10,present,3,Via bottego
40e24be1-d861-4b77-9f28-a3966527fefa,a335efe4-d86c-4f3f-a2a1-b4abc123d167,a83f0aec-4e5c-4467-a9ab-43634b46c1f6,2026-02-11,present,8,Via bottego
ba0e6599-fa86-45f5-8a9e-e881b49b54ad,a335efe4-d86c-4f3f-a2a1-b4abc123d167,a83f0aec-4e5c-4467-a9ab-43634b46c1f6,2026-02-12,present,8,Via bottego
7fab378a-2d4f-481a-9dd0-fe26ef767438,a335efe4-d86c-4f3f-a2a1-b4abc123d167,a83f0aec-4e5c-4467-a9ab-43634b46c1f6,2026-02-13,present,8,Via bottego
a9a3496b-64ca-4032-b663-eadbf291026b,a335efe4-d86c-4f3f-a2a1-b4abc123d167,a83f0aec-4e5c-4467-a9ab-43634b46c1f6,2026-02-16,present,8,Via giotto
04dda9b8-ba9f-4d90-8c1d-1e17c3e4ab73,a335efe4-d86c-4f3f-a2a1-b4abc123d167,a83f0aec-4e5c-4467-a9ab-43634b46c1f6,2026-02-17,present,8,Via giotto
91b9831d-0fcd-4be5-b26f-f4dfa9c018d6,a335efe4-d86c-4f3f-a2a1-b4abc123d167,a83f0aec-4e5c-4467-a9ab-43634b46c1f6,2026-02-18,present,8,Via giotto
d1b110d5-806c-4753-bd71-09d3dae791d6,a335efe4-d86c-4f3f-a2a1-b4abc123d167,a83f0aec-4e5c-4467-a9ab-43634b46c1f6,2026-02-19,present,8,Via giotto
44bdd799-22dd-4fdf-af73-6694357e7503,a335efe4-d86c-4f3f-a2a1-b4abc123d167,a83f0aec-4e5c-4467-a9ab-43634b46c1f6,2026-02-20,present,8,Via giotto
313d591a-57a6-4393-8468-f3214edb2438,cff16040-6983-48f2-b49c-1fa06f131879,a83f0aec-4e5c-4467-a9ab-43634b46c1f6,2026-02-05,present,8,Via copernico
29dda27b-0163-4fdd-9ee5-87be2a5173a4,cff16040-6983-48f2-b49c-1fa06f131879,a83f0aec-4e5c-4467-a9ab-43634b46c1f6,2026-02-06,present,8,Via copernico
601d01f9-7414-4463-b767-c706280ca84d,cff16040-6983-48f2-b49c-1fa06f131879,a83f0aec-4e5c-4467-a9ab-43634b46c1f6,2026-02-07,holiday,0,""
523f5863-94cb-4996-96ad-fb1e0cd8a93e,cff16040-6983-48f2-b49c-1fa06f131879,a83f0aec-4e5c-4467-a9ab-43634b46c1f6,2026-02-09,present,8,Via copernico
d7c181ad-b92f-476c-86d0-ebfceabd24dc,cff16040-6983-48f2-b49c-1fa06f131879,a83f0aec-4e5c-4467-a9ab-43634b46c1f6,2026-02-10,present,8,Via copernico
5536d5b4-1832-4946-91d6-0912662e5da8,cff16040-6983-48f2-b49c-1fa06f131879,a83f0aec-4e5c-4467-a9ab-43634b46c1f6,2026-02-11,present,8,Via copernico
49ba8ca0-be2b-41a4-8729-ac00414c7b3e,cff16040-6983-48f2-b49c-1fa06f131879,a83f0aec-4e5c-4467-a9ab-43634b46c1f6,2026-02-12,present,8,Via copernico
f6f144ae-060e-40e9-a3b5-81cf5d324dac,cff16040-6983-48f2-b49c-1fa06f131879,a83f0aec-4e5c-4467-a9ab-43634b46c1f6,2026-02-13,present,8,Via copernico
4a448fbe-4665-4739-a39d-588dd0bdabcd,cff16040-6983-48f2-b49c-1fa06f131879,a83f0aec-4e5c-4467-a9ab-43634b46c1f6,2026-02-16,present,8,Via copernico
3d1849c3-dc1a-4dee-a0d7-67a3d8bc5017,cff16040-6983-48f2-b49c-1fa06f131879,a83f0aec-4e5c-4467-a9ab-43634b46c1f6,2026-02-17,present,8,Via copernico
6a8f122a-49cd-4f86-ba6c-4557e24eacc3,cff16040-6983-48f2-b49c-1fa06f131879,a83f0aec-4e5c-4467-a9ab-43634b46c1f6,2026-02-18,present,8,Via copernico
06554d89-e284-47fe-85bc-27be0e925319,cff16040-6983-48f2-b49c-1fa06f131879,a83f0aec-4e5c-4467-a9ab-43634b46c1f6,2026-02-19,present,8,Via copernico
91b1312c-e65b-460f-9369-0c910996f9a1,cff16040-6983-48f2-b49c-1fa06f131879,a83f0aec-4e5c-4467-a9ab-43634b46c1f6,2026-02-20,present,8,Via copernico
3c12804e-bc00-4a50-a2cb-fce171e2d06e,0dd64ca9-1964-46eb-8f97-a71315c8b1ed,a83f0aec-4e5c-4467-a9ab-43634b46c1f6,2026-02-11,present,8,Via copernico
f784d653-8b0d-462b-90e4-8a75cdbe1b6f,0dd64ca9-1964-46eb-8f97-a71315c8b1ed,a83f0aec-4e5c-4467-a9ab-43634b46c1f6,2026-02-20,present,8,Via copernico
26ca34af-5329-4828-b932-fadcea0d06e3,0dd64ca9-1964-46eb-8f97-a71315c8b1ed,a83f0aec-4e5c-4467-a9ab-43634b46c1f6,2026-02-21,holiday,0,""
e0d94e9d-d15e-4a33-8006-633d8e96dd71,0dd64ca9-1964-46eb-8f97-a71315c8b1ed,a83f0aec-4e5c-4467-a9ab-43634b46c1f6,2026-02-02,present,8,Via copernico
33a6bd3e-e08e-45c6-93e5-9232cc2920e8,0dd64ca9-1964-46eb-8f97-a71315c8b1ed,a83f0aec-4e5c-4467-a9ab-43634b46c1f6,2026-02-03,present,8,Via copernico
31e25a94-9f24-4280-87cf-1ebd7512b6d7,0dd64ca9-1964-46eb-8f97-a71315c8b1ed,a83f0aec-4e5c-4467-a9ab-43634b46c1f6,2026-02-04,present,8,Via copernico
f2197cc9-9a84-46c8-8357-9f6e5f100804,0dd64ca9-1964-46eb-8f97-a71315c8b1ed,a83f0aec-4e5c-4467-a9ab-43634b46c1f6,2026-02-05,present,8,Via copernico
ffe1397e-22bb-40d6-a4cb-0bb26347b79d,0dd64ca9-1964-46eb-8f97-a71315c8b1ed,a83f0aec-4e5c-4467-a9ab-43634b46c1f6,2026-02-06,present,8,Via copernico
94ca3dda-925a-47a2-bd8b-f99cab0ba3df,0dd64ca9-1964-46eb-8f97-a71315c8b1ed,a83f0aec-4e5c-4467-a9ab-43634b46c1f6,2026-02-09,present,8,Via copernico
fcedf424-10f8-4f1e-9c79-ac390aa45d82,0dd64ca9-1964-46eb-8f97-a71315c8b1ed,a83f0aec-4e5c-4467-a9ab-43634b46c1f6,2026-02-10,present,5,Via copernico
b8dce510-cf36-441d-9c77-04577aae623f,0dd64ca9-1964-46eb-8f97-a71315c8b1ed,a83f0aec-4e5c-4467-a9ab-43634b46c1f6,2026-02-12,present,8,Via copernico
cd525d44-316a-4907-b98c-de20cf7093b8,0dd64ca9-1964-46eb-8f97-a71315c8b1ed,a83f0aec-4e5c-4467-a9ab-43634b46c1f6,2026-02-13,present,8,Via copernico
97a37688-3a12-4a90-b147-8db4459b7ca9,0dd64ca9-1964-46eb-8f97-a71315c8b1ed,a83f0aec-4e5c-4467-a9ab-43634b46c1f6,2026-02-16,present,8,Via copernico
bf5a697e-e775-46ee-bbd7-e941a497099b,0dd64ca9-1964-46eb-8f97-a71315c8b1ed,a83f0aec-4e5c-4467-a9ab-43634b46c1f6,2026-02-17,present,8,Via copernico
4aa16d3b-0c63-434f-9406-a44adca954a0,0dd64ca9-1964-46eb-8f97-a71315c8b1ed,a83f0aec-4e5c-4467-a9ab-43634b46c1f6,2026-02-18,present,8,Via copernico
ae2b265e-525a-49d4-b6a4-0377f8e655a9,0dd64ca9-1964-46eb-8f97-a71315c8b1ed,a83f0aec-4e5c-4467-a9ab-43634b46c1f6,2026-02-19,present,5,Via copernico
9bec38ee-1c7e-4556-8fce-e300ff3e518e,a78a69df-18f8-45b2-866f-214377a09e87,a83f0aec-4e5c-4467-a9ab-43634b46c1f6,2026-08-05,present,8,""
5037aafa-ef2c-4d28-afc0-736b4413c8fd,b667d9a9-f058-4fd7-90bf-62cdef8d5672,a83f0aec-4e5c-4467-a9ab-43634b46c1f6,2026-02-02,present,8,Via giotto
4b5788d7-fed3-4aa9-8d6a-044f58df4ac5,b667d9a9-f058-4fd7-90bf-62cdef8d5672,a83f0aec-4e5c-4467-a9ab-43634b46c1f6,2026-02-03,present,8,Via giotto
8f18b0ff-f54f-4527-a40d-144c68d88e1b,b667d9a9-f058-4fd7-90bf-62cdef8d5672,a83f0aec-4e5c-4467-a9ab-43634b46c1f6,2026-02-04,present,8,Via giotto
fb1b5ae7-dc5d-47b8-a89c-a012a932aaf0,b667d9a9-f058-4fd7-90bf-62cdef8d5672,a83f0aec-4e5c-4467-a9ab-43634b46c1f6,2026-02-09,present,8,Via giotto
3013490b-b0d9-4cc8-9411-fc7e8bcb126f,a78a69df-18f8-45b2-866f-214377a09e87,a83f0aec-4e5c-4467-a9ab-43634b46c1f6,2026-08-06,present,8,""
2ed2cacd-f632-4151-8ef9-069e9454e955,0dd64ca9-1964-46eb-8f97-a71315c8b1ed,a83f0aec-4e5c-4467-a9ab-43634b46c1f6,2026-02-01,holiday,0,""
9e2467ed-7dd3-495f-a6d9-2dbce6773707,b667d9a9-f058-4fd7-90bf-62cdef8d5672,a83f0aec-4e5c-4467-a9ab-43634b46c1f6,2026-02-11,present,8,Via giotto
9b984dad-0bfd-4289-bbdd-fdd3b13909f7,b667d9a9-f058-4fd7-90bf-62cdef8d5672,a83f0aec-4e5c-4467-a9ab-43634b46c1f6,2026-02-16,present,8,Via giotto
8051cc70-a4dc-4345-8ce4-aac10cfe42cb,b667d9a9-f058-4fd7-90bf-62cdef8d5672,a83f0aec-4e5c-4467-a9ab-43634b46c1f6,2026-02-20,present,8,Via giotto
0f85e503-4b6c-4416-bd64-d9234d39b890,a78a69df-18f8-45b2-866f-214377a09e87,a83f0aec-4e5c-4467-a9ab-43634b46c1f6,2026-08-07,present,8,""
dc80c95f-e878-46ba-a935-0ef08173a808,9fc12cbc-5f92-485a-84d9-a7f2413e2cfb,a83f0aec-4e5c-4467-a9ab-43634b46c1f6,2026-04-03,present,8,Via donoratico
c3c66559-10b2-4c63-aaec-d4d785493c03,e29ef4e3-a2cd-4328-8cd5-5d17785f1a83,a83f0aec-4e5c-4467-a9ab-43634b46c1f6,2026-08-03,present,8,""
0c7e2490-a8fd-4aa1-82a3-cb248821814d,0af3ee03-5ad8-4726-81bb-ba490b621682,a83f0aec-4e5c-4467-a9ab-43634b46c1f6,2026-05-25,present,8,Via mestre
90e3e12d-b601-4414-bf4e-45de88501ce6,ed36110d-a2cf-4a88-91c7-0d23f758cd4c,a83f0aec-4e5c-4467-a9ab-43634b46c1f6,2026-06-30,present,8,Via pirandello
37e5edbf-a6d5-49cb-bdac-838e81332d98,0af3ee03-5ad8-4726-81bb-ba490b621682,a83f0aec-4e5c-4467-a9ab-43634b46c1f6,2026-05-28,present,8,Via mestre
a3081f75-f6e4-46f8-a7b8-645142ed4249,f029e10a-9baf-4528-b950-2e10fb4d13ce,a83f0aec-4e5c-4467-a9ab-43634b46c1f6,2026-05-08,present,8,Via dante
b70a619d-3280-4d84-aa08-d5dac39ec4be,f029e10a-9baf-4528-b950-2e10fb4d13ce,a83f0aec-4e5c-4467-a9ab-43634b46c1f6,2026-05-20,present,8,Via dante
456023bf-adf7-47f0-a63d-aaa110b3c92f,f029e10a-9baf-4528-b950-2e10fb4d13ce,a83f0aec-4e5c-4467-a9ab-43634b46c1f6,2026-05-21,present,8,Via dante
e9b6be12-aac8-4db9-95d7-34336fe109c0,f029e10a-9baf-4528-b950-2e10fb4d13ce,a83f0aec-4e5c-4467-a9ab-43634b46c1f6,2026-05-27,present,8,Via dante
a57ad70d-b8c9-45d2-a51c-3b537ab24cd2,f029e10a-9baf-4528-b950-2e10fb4d13ce,a83f0aec-4e5c-4467-a9ab-43634b46c1f6,2026-05-28,present,8,Via dante
40b0b1ea-c212-46b9-b4a7-7e1e17b0a5a5,a78a69df-18f8-45b2-866f-214377a09e87,a83f0aec-4e5c-4467-a9ab-43634b46c1f6,2026-05-04,present,8,Viale monastir
49691430-9c37-47cc-bcdb-2155ad647ef7,a78a69df-18f8-45b2-866f-214377a09e87,a83f0aec-4e5c-4467-a9ab-43634b46c1f6,2026-05-06,present,8,Viale monastir
52ca836f-af09-4590-889c-0edc1ddb0b99,ed36110d-a2cf-4a88-91c7-0d23f758cd4c,a83f0aec-4e5c-4467-a9ab-43634b46c1f6,2026-06-29,present,8,Via pirandello
27f7d79c-ba92-4446-9057-f595fe4f120f,a78a69df-18f8-45b2-866f-214377a09e87,a83f0aec-4e5c-4467-a9ab-43634b46c1f6,2026-05-07,present,8,Viale monastir
32963ad9-74b7-47e4-8044-3b89020eeb89,a78a69df-18f8-45b2-866f-214377a09e87,a83f0aec-4e5c-4467-a9ab-43634b46c1f6,2026-05-11,present,8,Via mandrolisai
62017596-195b-47ee-a8e0-8eb39bbddd53,a78a69df-18f8-45b2-866f-214377a09e87,a83f0aec-4e5c-4467-a9ab-43634b46c1f6,2026-05-13,present,8,Via mandrolisai
2f2e34c7-c468-495a-9678-bec963f193a5,ed36110d-a2cf-4a88-91c7-0d23f758cd4c,a83f0aec-4e5c-4467-a9ab-43634b46c1f6,2026-06-12,present,8,Via pirandello
af913a2e-f012-4de4-9d78-aed75c31b8fb,a78a69df-18f8-45b2-866f-214377a09e87,a83f0aec-4e5c-4467-a9ab-43634b46c1f6,2026-05-18,present,8,Via mandrolisai
254dd498-f8ea-4021-88f0-c0db37a8e682,ed17502d-bd6a-418e-a321-b5c13b8979eb,a83f0aec-4e5c-4467-a9ab-43634b46c1f6,2026-05-04,present,8,Via mandrolisai
ca65d4fe-ff38-49fd-a6d1-196f57d799dd,e29ef4e3-a2cd-4328-8cd5-5d17785f1a83,a83f0aec-4e5c-4467-a9ab-43634b46c1f6,2026-08-04,present,8,""
ec042193-5c40-4c77-b8e5-c00c094ab248,ed36110d-a2cf-4a88-91c7-0d23f758cd4c,a83f0aec-4e5c-4467-a9ab-43634b46c1f6,2026-06-15,present,8,Via pirandello
0ac6a95e-36af-4be0-8cc5-7f63d4aa28d0,ed17502d-bd6a-418e-a321-b5c13b8979eb,a83f0aec-4e5c-4467-a9ab-43634b46c1f6,2026-06-02,holiday,0,""
5d489cd4-7c2a-4c69-9a16-c14058379b82,9fc12cbc-5f92-485a-84d9-a7f2413e2cfb,a83f0aec-4e5c-4467-a9ab-43634b46c1f6,2026-06-01,present,8,Via ingurtosu
6dff63ee-80fe-4ba3-8e08-18239c0782d5,55c515b0-f4e2-4b80-8d6f-e2755cb31866,a83f0aec-4e5c-4467-a9ab-43634b46c1f6,2026-06-02,holiday,0,""
1a6f4a6d-dbb8-4644-9c5e-2e864bf886d2,e29ef4e3-a2cd-4328-8cd5-5d17785f1a83,a83f0aec-4e5c-4467-a9ab-43634b46c1f6,2026-08-05,present,8,""
2454eaa3-c003-4196-a29b-2c914b858d02,9fc12cbc-5f92-485a-84d9-a7f2413e2cfb,a83f0aec-4e5c-4467-a9ab-43634b46c1f6,2026-06-03,present,8,Via ingurtosu
a16c9b65-0731-435d-a77f-627c6f0a5554,ed17502d-bd6a-418e-a321-b5c13b8979eb,a83f0aec-4e5c-4467-a9ab-43634b46c1f6,2026-06-30,holiday,0,""
ab2f5ecf-e82b-40fd-bfdf-e56df47c3169,ed36110d-a2cf-4a88-91c7-0d23f758cd4c,a83f0aec-4e5c-4467-a9ab-43634b46c1f6,2026-06-03,present,8,Via pirandello
60acd577-3967-40f1-9d0f-b239706d8c91,ed36110d-a2cf-4a88-91c7-0d23f758cd4c,a83f0aec-4e5c-4467-a9ab-43634b46c1f6,2026-06-09,present,8,Via pirandello
9736ae77-fe76-419c-a14e-b62c05f58e5c,ed36110d-a2cf-4a88-91c7-0d23f758cd4c,a83f0aec-4e5c-4467-a9ab-43634b46c1f6,2026-06-10,present,8,Via pirandello
bdee49da-38d2-4be5-b681-ec7badbe8cc8,ed36110d-a2cf-4a88-91c7-0d23f758cd4c,a83f0aec-4e5c-4467-a9ab-43634b46c1f6,2026-06-11,present,8,Via pirandello
bc5c5e74-8b49-4bc6-8263-3af89bdc5392,ed36110d-a2cf-4a88-91c7-0d23f758cd4c,a83f0aec-4e5c-4467-a9ab-43634b46c1f6,2026-06-17,present,8,Via pirandello
028aa2fb-8d74-4b0c-9196-d3a1a49b54dd,ed36110d-a2cf-4a88-91c7-0d23f758cd4c,a83f0aec-4e5c-4467-a9ab-43634b46c1f6,2026-06-16,present,8,Via pirandello
784f3a82-aae0-4719-a28a-51e668f56380,ed36110d-a2cf-4a88-91c7-0d23f758cd4c,a83f0aec-4e5c-4467-a9ab-43634b46c1f6,2026-06-18,present,8,Via pirandello
e090b226-78ac-44bf-b479-4154e258dc5a,9fc12cbc-5f92-485a-84d9-a7f2413e2cfb,a83f0aec-4e5c-4467-a9ab-43634b46c1f6,2026-06-04,present,8,Via ingurtosu
8002577f-532a-4752-87b2-213ce2777a16,9fc12cbc-5f92-485a-84d9-a7f2413e2cfb,a83f0aec-4e5c-4467-a9ab-43634b46c1f6,2026-06-30,present,8,Via ingurtosu
2e20e066-4010-46cf-b919-ee6f8aada050,9fc12cbc-5f92-485a-84d9-a7f2413e2cfb,a83f0aec-4e5c-4467-a9ab-43634b46c1f6,2026-06-05,present,8,Via ingurtosu
ce1b865f-c903-4f91-b205-122a75a76981,9fc12cbc-5f92-485a-84d9-a7f2413e2cfb,a83f0aec-4e5c-4467-a9ab-43634b46c1f6,2026-06-08,present,8,Via ingurtosu
47324b43-748b-49a5-86ad-4b03b2823c8e,9fc12cbc-5f92-485a-84d9-a7f2413e2cfb,a83f0aec-4e5c-4467-a9ab-43634b46c1f6,2026-06-09,present,8,Via ingurtosu
f71acce6-cca1-44f3-a33f-3c35dd712fbd,9fc12cbc-5f92-485a-84d9-a7f2413e2cfb,a83f0aec-4e5c-4467-a9ab-43634b46c1f6,2026-06-10,present,8,Via ingurtosu
349bd487-b907-4c2f-af35-37f77588ae5b,9fc12cbc-5f92-485a-84d9-a7f2413e2cfb,a83f0aec-4e5c-4467-a9ab-43634b46c1f6,2026-06-11,present,8,Via ingurtosu
e573ae79-64ae-49e3-b3d0-4a60eb7a65d8,9fc12cbc-5f92-485a-84d9-a7f2413e2cfb,a83f0aec-4e5c-4467-a9ab-43634b46c1f6,2026-06-24,present,8,Via ingurtosu
034ab1dd-3544-4261-875a-1c234b3d2180,9fc12cbc-5f92-485a-84d9-a7f2413e2cfb,a83f0aec-4e5c-4467-a9ab-43634b46c1f6,2026-06-25,present,8,Via ingurtosu
a0a1e297-8bae-47c3-b7dd-2d5aaf0cf4dc,9fc12cbc-5f92-485a-84d9-a7f2413e2cfb,a83f0aec-4e5c-4467-a9ab-43634b46c1f6,2026-06-26,present,8,Via ingurtosu
6d80a64a-3985-4fd9-a668-431ff470b60a,9fc12cbc-5f92-485a-84d9-a7f2413e2cfb,a83f0aec-4e5c-4467-a9ab-43634b46c1f6,2026-06-29,present,8,Via ingurtosu
57fc6dff-b7e1-4f17-b256-1b448b93c00d,a1126a85-fd22-4cb7-af46-19697bfc7079,a83f0aec-4e5c-4467-a9ab-43634b46c1f6,2026-06-01,present,8,Via copernico
46e7fac9-3716-4863-a13e-507c871f0ad8,a1126a85-fd22-4cb7-af46-19697bfc7079,a83f0aec-4e5c-4467-a9ab-43634b46c1f6,2026-06-03,present,8,Via copernico
edf714bc-edc3-4331-a156-a422a4d834d1,a1126a85-fd22-4cb7-af46-19697bfc7079,a83f0aec-4e5c-4467-a9ab-43634b46c1f6,2026-06-04,present,8,Via copernico
bb72cb47-fd29-475d-9f25-9fb5fd478ede,a1126a85-fd22-4cb7-af46-19697bfc7079,a83f0aec-4e5c-4467-a9ab-43634b46c1f6,2026-06-05,present,8,Via copernico
453495d9-e8c5-432b-8c61-cfbe7f7b9011,a1126a85-fd22-4cb7-af46-19697bfc7079,a83f0aec-4e5c-4467-a9ab-43634b46c1f6,2026-06-09,present,8,Via copernico
0f76f6f2-99d4-4636-bc76-7c6238e3443d,a1126a85-fd22-4cb7-af46-19697bfc7079,a83f0aec-4e5c-4467-a9ab-43634b46c1f6,2026-06-10,present,8,Via copernico
011ff2d0-c31f-450f-adec-91605b3ffc32,a1126a85-fd22-4cb7-af46-19697bfc7079,a83f0aec-4e5c-4467-a9ab-43634b46c1f6,2026-06-16,present,8,Via copernico
501525b3-6ca0-481b-b17d-b105e08ead39,a1126a85-fd22-4cb7-af46-19697bfc7079,a83f0aec-4e5c-4467-a9ab-43634b46c1f6,2026-06-17,present,8,Via copernico
458937a4-f5f6-41b5-a490-82d419d50889,a1126a85-fd22-4cb7-af46-19697bfc7079,a83f0aec-4e5c-4467-a9ab-43634b46c1f6,2026-06-18,present,8,Via copernico
c3f4c9fc-88f9-4d7a-b7dc-4c143aa27f64,a1126a85-fd22-4cb7-af46-19697bfc7079,a83f0aec-4e5c-4467-a9ab-43634b46c1f6,2026-06-22,present,8,Via copernico
eca18244-a7ab-45dc-b4ab-d947e2f25cab,a1126a85-fd22-4cb7-af46-19697bfc7079,a83f0aec-4e5c-4467-a9ab-43634b46c1f6,2026-06-23,present,8,Via copernico
bf160c57-ac1c-4577-a0ab-c18b22d8cad1,a1126a85-fd22-4cb7-af46-19697bfc7079,a83f0aec-4e5c-4467-a9ab-43634b46c1f6,2026-06-24,present,8,Via copernico
3c919bbd-11ce-4d72-abe3-13d276c50bdd,a1126a85-fd22-4cb7-af46-19697bfc7079,a83f0aec-4e5c-4467-a9ab-43634b46c1f6,2026-06-25,present,8,Via copernico
cbc095dc-07d5-40e0-98a8-4d5c58021f1e,a1126a85-fd22-4cb7-af46-19697bfc7079,a83f0aec-4e5c-4467-a9ab-43634b46c1f6,2026-06-26,present,8,Via copernico
fe9559c2-2583-484d-942b-a758d5d1c508,a1126a85-fd22-4cb7-af46-19697bfc7079,a83f0aec-4e5c-4467-a9ab-43634b46c1f6,2026-06-29,present,8,Via copernico
366ccbd0-914d-44b3-a422-0f0e9a6c8ac6,a1126a85-fd22-4cb7-af46-19697bfc7079,a83f0aec-4e5c-4467-a9ab-43634b46c1f6,2026-06-30,present,8,Via copernico
0aac8084-cc5d-4816-90ba-06673cc88a1b,cff16040-6983-48f2-b49c-1fa06f131879,a83f0aec-4e5c-4467-a9ab-43634b46c1f6,2026-06-08,present,8,via strauss
772b6a22-3209-4429-a9d5-67aaa54fb5c5,ed36110d-a2cf-4a88-91c7-0d23f758cd4c,a83f0aec-4e5c-4467-a9ab-43634b46c1f6,2026-06-22,present,8,Via pirandello
7881a4a3-cf88-47fd-8108-61a145056185,be17adcf-4219-4796-958f-51e2b5e0cf92,a83f0aec-4e5c-4467-a9ab-43634b46c1f6,2026-06-13,holiday,0,""
768ba78e-6f49-4b45-81ea-b9cd11031688,ed36110d-a2cf-4a88-91c7-0d23f758cd4c,a83f0aec-4e5c-4467-a9ab-43634b46c1f6,2026-07-10,holiday,0,""
765abd24-c97a-427b-8a1e-923529ca6ee5,b667d9a9-f058-4fd7-90bf-62cdef8d5672,a83f0aec-4e5c-4467-a9ab-43634b46c1f6,2026-02-05,present,8,Via giotto
14268685-851f-4902-952c-d6e4b7245ff4,b667d9a9-f058-4fd7-90bf-62cdef8d5672,a83f0aec-4e5c-4467-a9ab-43634b46c1f6,2026-02-13,present,8,Via giotto
8b4e24a8-2e81-4a19-896d-028e9c3a5d1a,b667d9a9-f058-4fd7-90bf-62cdef8d5672,a83f0aec-4e5c-4467-a9ab-43634b46c1f6,2026-02-19,present,8,Via giotto
fc08dcf0-733f-44ea-b070-77d9c0ccad96,9fc12cbc-5f92-485a-84d9-a7f2413e2cfb,a83f0aec-4e5c-4467-a9ab-43634b46c1f6,2026-04-06,present,8,Via donoratico
c4bd0365-7f45-41fc-9dea-08e0f8ac2604,a78a69df-18f8-45b2-866f-214377a09e87,a83f0aec-4e5c-4467-a9ab-43634b46c1f6,2026-05-22,present,5,Via mandrolisai
9d40ea70-497f-4cdb-9c6b-af96723f86f4,55c515b0-f4e2-4b80-8d6f-e2755cb31866,a83f0aec-4e5c-4467-a9ab-43634b46c1f6,2026-05-13,present,8,Via mestre
7bce3ef5-2b3f-486f-96f4-b92887fd9077,ed17502d-bd6a-418e-a321-b5c13b8979eb,a83f0aec-4e5c-4467-a9ab-43634b46c1f6,2026-05-08,present,8,Via mandrolisai
a31daf6d-fc1d-4a91-bf98-5e38bfc7ad9b,ed17502d-bd6a-418e-a321-b5c13b8979eb,a83f0aec-4e5c-4467-a9ab-43634b46c1f6,2026-05-13,present,8,Via mandrolisai
ffc7a01c-abe1-40e1-a0e3-0c96172f3540,ed17502d-bd6a-418e-a321-b5c13b8979eb,a83f0aec-4e5c-4467-a9ab-43634b46c1f6,2026-05-14,present,8,Via mandrolisai
759eda07-2596-4650-9d42-c8a6504942ba,ed17502d-bd6a-418e-a321-b5c13b8979eb,a83f0aec-4e5c-4467-a9ab-43634b46c1f6,2026-05-15,present,8,Via mandrolisai
75e33059-1326-4eb2-a6e6-ffec077b8e1b,ed17502d-bd6a-418e-a321-b5c13b8979eb,a83f0aec-4e5c-4467-a9ab-43634b46c1f6,2026-05-26,present,8,Via mandrolisai
a9cf0df6-344a-4226-a958-3fc716439de4,ed17502d-bd6a-418e-a321-b5c13b8979eb,a83f0aec-4e5c-4467-a9ab-43634b46c1f6,2026-07-23,sick,0,""
f12c0727-12c5-4fe3-a138-f74c56d62a9e,ed17502d-bd6a-418e-a321-b5c13b8979eb,a83f0aec-4e5c-4467-a9ab-43634b46c1f6,2026-07-16,sick,0,""
e3270320-27ee-4b4c-ac40-b57ac016a529,55c515b0-f4e2-4b80-8d6f-e2755cb31866,a83f0aec-4e5c-4467-a9ab-43634b46c1f6,2026-05-14,present,8,Via mestre
230ef19c-44d6-4246-b6f6-14235c66f97a,ed17502d-bd6a-418e-a321-b5c13b8979eb,a83f0aec-4e5c-4467-a9ab-43634b46c1f6,2026-07-05,sick,0,""
c09b9422-089d-4e1a-9e87-6daa17365c6f,ed17502d-bd6a-418e-a321-b5c13b8979eb,a83f0aec-4e5c-4467-a9ab-43634b46c1f6,2026-07-06,sick,0,""
c794aba6-2a59-4209-bd22-b810a9eb3fb6,b8da2a0d-01f4-40e4-823f-d0e64c0d5a85,a83f0aec-4e5c-4467-a9ab-43634b46c1f6,2026-05-06,present,8,Viale monastir
d5ff42cc-4d52-485c-b7cd-6881079ccb9b,b8da2a0d-01f4-40e4-823f-d0e64c0d5a85,a83f0aec-4e5c-4467-a9ab-43634b46c1f6,2026-05-07,present,8,Viale monastir
2b588a2a-29cf-404a-a8ef-0b55b9f66cbf,b8da2a0d-01f4-40e4-823f-d0e64c0d5a85,a83f0aec-4e5c-4467-a9ab-43634b46c1f6,2026-05-11,present,8,Viale monastir
5f974297-a077-46f4-b307-157ceb9e21f2,b8da2a0d-01f4-40e4-823f-d0e64c0d5a85,a83f0aec-4e5c-4467-a9ab-43634b46c1f6,2026-05-15,present,8,Viale monastir
fc667619-b8df-487b-a68f-32bd8328cc12,b8da2a0d-01f4-40e4-823f-d0e64c0d5a85,a83f0aec-4e5c-4467-a9ab-43634b46c1f6,2026-05-18,present,8,Via mandrolisai
b3617e90-bbd2-48f8-b5d0-327538b60322,b8da2a0d-01f4-40e4-823f-d0e64c0d5a85,a83f0aec-4e5c-4467-a9ab-43634b46c1f6,2026-05-20,present,8,Via mandrolisai
08092b77-ca85-4b8d-81e1-e857b3d5e1cb,b8da2a0d-01f4-40e4-823f-d0e64c0d5a85,a83f0aec-4e5c-4467-a9ab-43634b46c1f6,2026-05-21,present,8,Via mandrolisai
ae431d3a-8d70-446d-adda-badb93870471,b8da2a0d-01f4-40e4-823f-d0e64c0d5a85,a83f0aec-4e5c-4467-a9ab-43634b46c1f6,2026-05-25,present,8,Via mandrolisai
28664e7e-0d74-4a46-b04c-f70b9597705c,b8da2a0d-01f4-40e4-823f-d0e64c0d5a85,a83f0aec-4e5c-4467-a9ab-43634b46c1f6,2026-05-27,present,8,Via mandrolisai
faba0439-cfad-42c4-abb4-89626cec5615,55c515b0-f4e2-4b80-8d6f-e2755cb31866,a83f0aec-4e5c-4467-a9ab-43634b46c1f6,2026-05-05,present,8,Via mestre
cd64871f-63b7-4f67-ac3f-662584de4d52,55c515b0-f4e2-4b80-8d6f-e2755cb31866,a83f0aec-4e5c-4467-a9ab-43634b46c1f6,2026-05-07,present,8,Via mestre
10285a2b-9099-4fa0-b1cc-09bf9fbd1b5f,55c515b0-f4e2-4b80-8d6f-e2755cb31866,a83f0aec-4e5c-4467-a9ab-43634b46c1f6,2026-05-08,present,8,Via mestre
7b74bec4-f8df-467a-970c-f7e4408a9028,55c515b0-f4e2-4b80-8d6f-e2755cb31866,a83f0aec-4e5c-4467-a9ab-43634b46c1f6,2026-05-25,present,8,Via mestre
8a369609-fb1a-4147-bd0f-4e2c082bbd54,55c515b0-f4e2-4b80-8d6f-e2755cb31866,a83f0aec-4e5c-4467-a9ab-43634b46c1f6,2026-05-11,present,8,Via mestre
127729bc-4b42-41f5-ba30-d48922e3b62b,55c515b0-f4e2-4b80-8d6f-e2755cb31866,a83f0aec-4e5c-4467-a9ab-43634b46c1f6,2026-05-12,present,8,Via mestre
7ff57655-af67-48ca-9232-adf071e8a715,55c515b0-f4e2-4b80-8d6f-e2755cb31866,a83f0aec-4e5c-4467-a9ab-43634b46c1f6,2026-05-26,present,8,Via mestre
a77d8902-52d2-4a59-8f5d-46cf9f2972eb,a335efe4-d86c-4f3f-a2a1-b4abc123d167,a83f0aec-4e5c-4467-a9ab-43634b46c1f6,2026-05-09,holiday,0,""
4a4ddcf5-df0e-4038-aa12-ce55b9235917,a335efe4-d86c-4f3f-a2a1-b4abc123d167,a83f0aec-4e5c-4467-a9ab-43634b46c1f6,2026-05-15,present,8,Via giotto
508eabd4-ddd1-4b1b-b6b4-0a696af5df09,e29ef4e3-a2cd-4328-8cd5-5d17785f1a83,a83f0aec-4e5c-4467-a9ab-43634b46c1f6,2026-05-05,present,8,Via mandrolisai
24616cdf-2c13-4da6-9b1e-3e36f3d75791,e29ef4e3-a2cd-4328-8cd5-5d17785f1a83,a83f0aec-4e5c-4467-a9ab-43634b46c1f6,2026-05-06,present,8,Via mandrolisai
dc2f4f88-5e79-4885-9a8b-28e845682af2,e29ef4e3-a2cd-4328-8cd5-5d17785f1a83,a83f0aec-4e5c-4467-a9ab-43634b46c1f6,2026-05-08,present,8,Via mandrolisai
85e98116-63f9-49e3-bffd-af697aca95db,e29ef4e3-a2cd-4328-8cd5-5d17785f1a83,a83f0aec-4e5c-4467-a9ab-43634b46c1f6,2026-05-11,present,8,Via mandrolisai
802b0cd8-8789-4616-8e59-785e927db526,e29ef4e3-a2cd-4328-8cd5-5d17785f1a83,a83f0aec-4e5c-4467-a9ab-43634b46c1f6,2026-05-12,present,8,Via mandrolisai
15514093-d003-428c-ad9e-200a19630f68,e29ef4e3-a2cd-4328-8cd5-5d17785f1a83,a83f0aec-4e5c-4467-a9ab-43634b46c1f6,2026-05-19,present,8,Via mandrolisai
2ff9a1fd-51b1-473f-b5fe-53ff6c087f30,e29ef4e3-a2cd-4328-8cd5-5d17785f1a83,a83f0aec-4e5c-4467-a9ab-43634b46c1f6,2026-05-22,present,8,Via mandrolisai
b8db45f5-56ff-4b83-be5a-4f2b43b9c283,e29ef4e3-a2cd-4328-8cd5-5d17785f1a83,a83f0aec-4e5c-4467-a9ab-43634b46c1f6,2026-05-26,present,8,Via mandrolisai
3a5682f4-1bb6-4b57-abf6-c325f95501ed,ed17502d-bd6a-418e-a321-b5c13b8979eb,a83f0aec-4e5c-4467-a9ab-43634b46c1f6,2026-07-14,sick,0,""
5ab19897-60b3-4108-8be5-cd70c0678cbc,a78a69df-18f8-45b2-866f-214377a09e87,a83f0aec-4e5c-4467-a9ab-43634b46c1f6,2026-06-03,sick,0,""
8b90584b-8b59-49ac-b371-9dd59ed11fec,ed17502d-bd6a-418e-a321-b5c13b8979eb,a83f0aec-4e5c-4467-a9ab-43634b46c1f6,2026-08-06,sick,0,""
c92d37b6-d53e-4d97-808e-cc33c0484780,ed17502d-bd6a-418e-a321-b5c13b8979eb,a83f0aec-4e5c-4467-a9ab-43634b46c1f6,2026-07-01,sick,0,""
8400d41b-fa02-437f-ad94-738578e984ca,ed17502d-bd6a-418e-a321-b5c13b8979eb,a83f0aec-4e5c-4467-a9ab-43634b46c1f6,2026-07-18,sick,0,""
15276eac-ff45-4ddf-868f-939b1fa00efa,ed17502d-bd6a-418e-a321-b5c13b8979eb,a83f0aec-4e5c-4467-a9ab-43634b46c1f6,2026-07-12,sick,0,""
d38d1c71-2ff2-43ca-9be9-172b4d6a4016,ed17502d-bd6a-418e-a321-b5c13b8979eb,a83f0aec-4e5c-4467-a9ab-43634b46c1f6,2026-07-04,sick,0,""
2fc5a475-019c-43a9-aec0-26b68a3168f5,ed17502d-bd6a-418e-a321-b5c13b8979eb,a83f0aec-4e5c-4467-a9ab-43634b46c1f6,2026-07-29,sick,0,""
c88658f0-aff0-4b16-946c-af8c6007157a,ed17502d-bd6a-418e-a321-b5c13b8979eb,a83f0aec-4e5c-4467-a9ab-43634b46c1f6,2026-07-11,sick,0,""
cecb2941-2466-472a-b9f2-85a80c068acb,ed17502d-bd6a-418e-a321-b5c13b8979eb,a83f0aec-4e5c-4467-a9ab-43634b46c1f6,2026-07-21,sick,0,""
5b8bc992-7a2d-4042-b96a-8d9a96fb2370,ed17502d-bd6a-418e-a321-b5c13b8979eb,a83f0aec-4e5c-4467-a9ab-43634b46c1f6,2026-07-10,sick,0,""
e9dacae6-2338-41a4-8963-0fef39b731f9,ed17502d-bd6a-418e-a321-b5c13b8979eb,a83f0aec-4e5c-4467-a9ab-43634b46c1f6,2026-07-08,sick,0,""
81965e41-e6dd-4506-8547-c992c73e09d5,ed17502d-bd6a-418e-a321-b5c13b8979eb,a83f0aec-4e5c-4467-a9ab-43634b46c1f6,2026-07-27,sick,0,""
e3c7973a-a5c9-4fc4-8178-eca4969ba7ec,ed17502d-bd6a-418e-a321-b5c13b8979eb,a83f0aec-4e5c-4467-a9ab-43634b46c1f6,2026-07-24,sick,0,""
dd2fbd3f-902e-4deb-baa8-c148c0f30a5a,ed36110d-a2cf-4a88-91c7-0d23f758cd4c,a83f0aec-4e5c-4467-a9ab-43634b46c1f6,2026-06-05,present,8,Via pirandello
0258fd34-7265-4d00-8102-2b6e6cd55010,ed17502d-bd6a-418e-a321-b5c13b8979eb,a83f0aec-4e5c-4467-a9ab-43634b46c1f6,2026-07-31,sick,0,""
fffa161e-1215-4044-83e0-2798fdae0bd4,ed17502d-bd6a-418e-a321-b5c13b8979eb,a83f0aec-4e5c-4467-a9ab-43634b46c1f6,2026-08-04,sick,0,""
f17d0e11-7c0e-4020-8aed-0f522d6978f8,ed36110d-a2cf-4a88-91c7-0d23f758cd4c,a83f0aec-4e5c-4467-a9ab-43634b46c1f6,2026-06-24,present,8,Via pirandello
aea7a5fd-c262-41d2-8ef4-dbaff18124f0,ed36110d-a2cf-4a88-91c7-0d23f758cd4c,a83f0aec-4e5c-4467-a9ab-43634b46c1f6,2026-06-08,present,8,Via pirandello
dd4b0843-4696-4564-9449-6d6c47cc0437,e29ef4e3-a2cd-4328-8cd5-5d17785f1a83,a83f0aec-4e5c-4467-a9ab-43634b46c1f6,2026-08-06,present,8,""
38e268ea-d41b-4743-94cc-6b2acbdb0984,ed36110d-a2cf-4a88-91c7-0d23f758cd4c,a83f0aec-4e5c-4467-a9ab-43634b46c1f6,2026-06-23,present,8,Via pirandello
14bf4caa-7e7a-4919-b18c-c5ee2c1901fa,ed36110d-a2cf-4a88-91c7-0d23f758cd4c,a83f0aec-4e5c-4467-a9ab-43634b46c1f6,2026-06-25,present,8,Via pirandello
43d98481-07a0-47a7-a366-4ef7c695337d,ed36110d-a2cf-4a88-91c7-0d23f758cd4c,a83f0aec-4e5c-4467-a9ab-43634b46c1f6,2026-06-26,present,8,Via pirandello
b13f68bf-98ee-4680-b568-9b971f8f0012,e29ef4e3-a2cd-4328-8cd5-5d17785f1a83,a83f0aec-4e5c-4467-a9ab-43634b46c1f6,2026-08-07,present,8,""
4dffe902-9151-47f1-b30b-a364b02dbd3f,ed36110d-a2cf-4a88-91c7-0d23f758cd4c,a83f0aec-4e5c-4467-a9ab-43634b46c1f6,2026-06-19,present,8,Via pirandello
21aec821-70de-4dcc-934b-f3fd0fad127d,9fc12cbc-5f92-485a-84d9-a7f2413e2cfb,a83f0aec-4e5c-4467-a9ab-43634b46c1f6,2026-06-12,present,8,Via ingurtosu
dcf77327-2cc0-4e3f-8c39-e7d26fa80e4a,9fc12cbc-5f92-485a-84d9-a7f2413e2cfb,a83f0aec-4e5c-4467-a9ab-43634b46c1f6,2026-06-15,present,8,Via ingurtosu
77a354b8-605a-4cb9-b2ab-50b7d5db7b6a,9fc12cbc-5f92-485a-84d9-a7f2413e2cfb,a83f0aec-4e5c-4467-a9ab-43634b46c1f6,2026-06-16,present,8,Via ingurtosu
edde338f-e8d3-45a8-91eb-dd3f7f6123e6,9fc12cbc-5f92-485a-84d9-a7f2413e2cfb,a83f0aec-4e5c-4467-a9ab-43634b46c1f6,2026-06-17,present,8,Via ingurtosu
e115778f-34a1-4f96-b22b-e4f67a2a800a,b667d9a9-f058-4fd7-90bf-62cdef8d5672,a83f0aec-4e5c-4467-a9ab-43634b46c1f6,2026-02-12,present,8,Via giotto
528c7244-4d99-48fa-a5a8-ba0d777391a2,b667d9a9-f058-4fd7-90bf-62cdef8d5672,a83f0aec-4e5c-4467-a9ab-43634b46c1f6,2026-02-18,present,8,Via giotto
a4beb87d-771a-403c-bf71-612a42c93f20,ed17502d-bd6a-418e-a321-b5c13b8979eb,a83f0aec-4e5c-4467-a9ab-43634b46c1f6,2026-05-11,present,8,Via mandrolisai
1f0a284d-de04-4dbd-b88a-30974c51e709,33872abe-802f-47d0-8614-f4d206fff08f,a83f0aec-4e5c-4467-a9ab-43634b46c1f6,2026-04-08,present,8,Via mestre
eded1fa2-87b2-4afc-b424-aa45fbf6a84b,33872abe-802f-47d0-8614-f4d206fff08f,a83f0aec-4e5c-4467-a9ab-43634b46c1f6,2026-04-09,present,8,Via mestre
a6d799ab-fd12-4ced-b3c2-ebd6df99be41,33872abe-802f-47d0-8614-f4d206fff08f,a83f0aec-4e5c-4467-a9ab-43634b46c1f6,2026-04-10,present,8,Via mestre
031aaff4-d834-4631-8481-26890f72c5b3,33872abe-802f-47d0-8614-f4d206fff08f,a83f0aec-4e5c-4467-a9ab-43634b46c1f6,2026-04-13,present,8,Via mestre
47c9e0e3-1395-4889-b8b9-1777bf1a4658,33872abe-802f-47d0-8614-f4d206fff08f,a83f0aec-4e5c-4467-a9ab-43634b46c1f6,2026-04-14,present,8,Via mestre
05b1b42b-9aa0-4b62-85ce-e0b38c200e2a,ed17502d-bd6a-418e-a321-b5c13b8979eb,a83f0aec-4e5c-4467-a9ab-43634b46c1f6,2026-05-12,present,8,Via mandrolisai
33c388b7-0fb1-4a1e-b63b-8e7a314bf6ed,1c0f2692-e1e4-40fe-907e-6023010d5f19,a83f0aec-4e5c-4467-a9ab-43634b46c1f6,2026-04-08,present,4,Viale monastir
989b94ed-57b4-4531-be0f-ecf2221c093b,1c0f2692-e1e4-40fe-907e-6023010d5f19,a83f0aec-4e5c-4467-a9ab-43634b46c1f6,2026-04-10,present,4,Viale monastir
add0707a-ae2f-4762-a366-7f8658fc24d8,ed17502d-bd6a-418e-a321-b5c13b8979eb,a83f0aec-4e5c-4467-a9ab-43634b46c1f6,2026-05-18,present,8,Via mandrolisai
407acf23-67b0-4cb1-b63b-b56ac8ca937f,ed17502d-bd6a-418e-a321-b5c13b8979eb,a83f0aec-4e5c-4467-a9ab-43634b46c1f6,2026-05-19,present,8,Via mandrolisai
523a3e1d-fb36-4141-9056-4a081b979f22,1c0f2692-e1e4-40fe-907e-6023010d5f19,a83f0aec-4e5c-4467-a9ab-43634b46c1f6,2026-04-14,present,4,Viale monastir
ddbdd998-4292-4491-872b-83a69a8dd0e0,1c0f2692-e1e4-40fe-907e-6023010d5f19,a83f0aec-4e5c-4467-a9ab-43634b46c1f6,2026-04-13,present,4,Viale monastir
555b0689-4463-449b-8fe2-647c6a9e8c33,a1126a85-fd22-4cb7-af46-19697bfc7079,a83f0aec-4e5c-4467-a9ab-43634b46c1f6,2026-06-12,present,8,Via copernico
4ed38788-0f25-4b0a-a7a0-0580d17b3087,ed17502d-bd6a-418e-a321-b5c13b8979eb,a83f0aec-4e5c-4467-a9ab-43634b46c1f6,2026-05-21,present,8,Via mandrolisai
b448b26c-d9d7-41aa-9600-47a8caa22cc3,b8da2a0d-01f4-40e4-823f-d0e64c0d5a85,a83f0aec-4e5c-4467-a9ab-43634b46c1f6,2026-05-26,holiday,0,""
401616c8-2dbc-42c1-8003-eeef28538817,ed17502d-bd6a-418e-a321-b5c13b8979eb,a83f0aec-4e5c-4467-a9ab-43634b46c1f6,2026-05-25,present,8,Via mandrolisai
a9d03118-d620-4444-882c-4bd3d9adf1f1,ed17502d-bd6a-418e-a321-b5c13b8979eb,a83f0aec-4e5c-4467-a9ab-43634b46c1f6,2026-05-28,present,8,Via mandrolisai
cfb1dcfd-7126-4966-ba5d-4be29ced0b9c,ed17502d-bd6a-418e-a321-b5c13b8979eb,a83f0aec-4e5c-4467-a9ab-43634b46c1f6,2026-07-03,sick,0,""
5f47c211-a5dd-4c3d-8c08-7b483e7615cd,ed17502d-bd6a-418e-a321-b5c13b8979eb,a83f0aec-4e5c-4467-a9ab-43634b46c1f6,2026-08-05,sick,0,""
34f00094-7378-4ad7-933e-bdf67e73a6b5,ed17502d-bd6a-418e-a321-b5c13b8979eb,a83f0aec-4e5c-4467-a9ab-43634b46c1f6,2026-07-07,sick,0,""
1124074f-27a2-4ab1-ba66-ab1aa7813ca7,e29ef4e3-a2cd-4328-8cd5-5d17785f1a83,a83f0aec-4e5c-4467-a9ab-43634b46c1f6,2026-05-13,present,8,Via mandrolisai
6337f6e5-0a52-4674-a9c8-f3f6c0e6f547,e29ef4e3-a2cd-4328-8cd5-5d17785f1a83,a83f0aec-4e5c-4467-a9ab-43634b46c1f6,2026-05-14,present,8,Via mandrolisai
f5b2d9a8-9719-4fb2-956d-ad205d360444,e29ef4e3-a2cd-4328-8cd5-5d17785f1a83,a83f0aec-4e5c-4467-a9ab-43634b46c1f6,2026-05-20,present,8,Via mandrolisai
8114d98d-7732-41f8-882f-6347ab829cf6,e29ef4e3-a2cd-4328-8cd5-5d17785f1a83,a83f0aec-4e5c-4467-a9ab-43634b46c1f6,2026-05-21,present,8,Via mandrolisai
51951a0c-d3ae-4591-aab3-bc828548d9af,e29ef4e3-a2cd-4328-8cd5-5d17785f1a83,a83f0aec-4e5c-4467-a9ab-43634b46c1f6,2026-05-28,present,8,Via mandrolisai
db9cb5a0-e42d-4397-894a-914138fa6e42,33872abe-802f-47d0-8614-f4d206fff08f,a83f0aec-4e5c-4467-a9ab-43634b46c1f6,2026-05-29,present,8,Viale monastir
b45a9241-7c04-42d2-b66c-bd224eda04de,a78a69df-18f8-45b2-866f-214377a09e87,a83f0aec-4e5c-4467-a9ab-43634b46c1f6,2026-05-29,present,8,Via mandrolisai
11eb9192-7fbe-4796-a0c4-bfe984e90656,b8da2a0d-01f4-40e4-823f-d0e64c0d5a85,a83f0aec-4e5c-4467-a9ab-43634b46c1f6,2026-05-29,present,8,Via mandrolisai
acf12fa9-8183-4157-8160-d3d610b029c4,a335efe4-d86c-4f3f-a2a1-b4abc123d167,a83f0aec-4e5c-4467-a9ab-43634b46c1f6,2026-05-29,present,8,Via giotto
3bb6c447-5f10-48e7-bb9d-fc16563accc1,b667d9a9-f058-4fd7-90bf-62cdef8d5672,a83f0aec-4e5c-4467-a9ab-43634b46c1f6,2026-05-29,present,8,Via fadda/alghero
edde3a6a-69cd-44fc-9c7f-b545a8122cd9,42b77da1-31e4-4197-88a5-2679c57fac56,a83f0aec-4e5c-4467-a9ab-43634b46c1f6,2026-05-29,present,8,Via strauss
08c9dc2c-6dc5-4e29-8fc1-dba82b822bc1,2197b6fd-9cb2-4d34-8118-cf9f11b573d7,a83f0aec-4e5c-4467-a9ab-43634b46c1f6,2026-05-29,present,8,Via fadda/alghero
dc555436-f925-438f-a0c6-7ef96358c985,a1126a85-fd22-4cb7-af46-19697bfc7079,a83f0aec-4e5c-4467-a9ab-43634b46c1f6,2026-05-29,present,8,Via giotto
74589521-908b-414c-967e-ed9112076c51,ed17502d-bd6a-418e-a321-b5c13b8979eb,a83f0aec-4e5c-4467-a9ab-43634b46c1f6,2026-07-13,sick,0,""
c95cbc4d-d4d4-47d0-9606-43fb03ee8ee3,ed17502d-bd6a-418e-a321-b5c13b8979eb,a83f0aec-4e5c-4467-a9ab-43634b46c1f6,2026-07-09,sick,0,""
6a505c70-9e67-48cf-8468-41d0a594caea,ed17502d-bd6a-418e-a321-b5c13b8979eb,a83f0aec-4e5c-4467-a9ab-43634b46c1f6,2026-07-26,sick,0,""
e6e3e2d4-109e-4e01-9742-06bc8b96ba0b,ed17502d-bd6a-418e-a321-b5c13b8979eb,a83f0aec-4e5c-4467-a9ab-43634b46c1f6,2026-07-02,sick,0,""
67f16d78-d5d3-43fb-8036-dcbe13bcab54,ed17502d-bd6a-418e-a321-b5c13b8979eb,a83f0aec-4e5c-4467-a9ab-43634b46c1f6,2026-07-15,sick,0,""
dea60756-e76c-4bd7-b5f4-bdc66c3701f4,a1126a85-fd22-4cb7-af46-19697bfc7079,a83f0aec-4e5c-4467-a9ab-43634b46c1f6,2026-06-15,present,8,Via copernico
d5307fea-ca4c-4785-9c03-8c6c55b8d158,ed17502d-bd6a-418e-a321-b5c13b8979eb,a83f0aec-4e5c-4467-a9ab-43634b46c1f6,2026-07-17,sick,0,""
8a2cf5d3-0632-4453-a199-2a59cab0f384,ed17502d-bd6a-418e-a321-b5c13b8979eb,a83f0aec-4e5c-4467-a9ab-43634b46c1f6,2026-07-25,sick,0,""
ca76e95c-323c-47d2-acf5-e4ef93de97ac,ed17502d-bd6a-418e-a321-b5c13b8979eb,a83f0aec-4e5c-4467-a9ab-43634b46c1f6,2026-08-07,sick,0,""
84aea65b-12c5-405c-a760-d94dcbc5f3ae,ed17502d-bd6a-418e-a321-b5c13b8979eb,a83f0aec-4e5c-4467-a9ab-43634b46c1f6,2026-07-22,sick,0,""
79b68f29-9412-47dd-b4df-aaba53b2dcf5,ed17502d-bd6a-418e-a321-b5c13b8979eb,a83f0aec-4e5c-4467-a9ab-43634b46c1f6,2026-07-30,sick,0,""
5c7c7d83-5687-457f-a78e-0d24472a374a,ed17502d-bd6a-418e-a321-b5c13b8979eb,a83f0aec-4e5c-4467-a9ab-43634b46c1f6,2026-07-19,sick,0,""
5282fb1b-5c18-4b33-a7b7-f1879048568a,ed17502d-bd6a-418e-a321-b5c13b8979eb,a83f0aec-4e5c-4467-a9ab-43634b46c1f6,2026-07-20,sick,0,""
d5587dc2-52a6-4d83-8116-a558ac5ed642,9fc12cbc-5f92-485a-84d9-a7f2413e2cfb,a83f0aec-4e5c-4467-a9ab-43634b46c1f6,2026-06-18,present,8,Via ingurtosu
13237925-a687-4f55-996f-3aa9e7700df6,ed17502d-bd6a-418e-a321-b5c13b8979eb,a83f0aec-4e5c-4467-a9ab-43634b46c1f6,2026-07-28,sick,0,""
a90541dd-4a9b-4152-843d-827857b281b0,ed17502d-bd6a-418e-a321-b5c13b8979eb,a83f0aec-4e5c-4467-a9ab-43634b46c1f6,2026-08-01,sick,0,""
4670dec9-87fd-4927-9609-570bce4a7906,9fc12cbc-5f92-485a-84d9-a7f2413e2cfb,a83f0aec-4e5c-4467-a9ab-43634b46c1f6,2026-06-19,present,8,Via ingurtosu
618ba425-e9e5-4ba8-8899-4481ed22fd6d,ed17502d-bd6a-418e-a321-b5c13b8979eb,a83f0aec-4e5c-4467-a9ab-43634b46c1f6,2026-08-02,sick,0,""
4b6384cb-2ef5-4db6-bcea-521ea5a764ef,a1126a85-fd22-4cb7-af46-19697bfc7079,a83f0aec-4e5c-4467-a9ab-43634b46c1f6,2026-06-08,present,8,Via copernico
f15a6d73-f329-4192-85ca-5538d1942818,ed17502d-bd6a-418e-a321-b5c13b8979eb,a83f0aec-4e5c-4467-a9ab-43634b46c1f6,2026-08-03,sick,0,""
002b7cc8-e38f-482a-9250-becc682040e8,a1126a85-fd22-4cb7-af46-19697bfc7079,a83f0aec-4e5c-4467-a9ab-43634b46c1f6,2026-06-11,present,8,Via copernico
7a10ea3f-1d73-4c9a-8c57-b735aeaef02b,b8da2a0d-01f4-40e4-823f-d0e64c0d5a85,a83f0aec-4e5c-4467-a9ab-43634b46c1f6,2026-08-03,present,8,""
8d23efe4-ad04-4992-9047-23d713da3db9,a1126a85-fd22-4cb7-af46-19697bfc7079,a83f0aec-4e5c-4467-a9ab-43634b46c1f6,2026-06-19,present,8,Via copernico
fd91529b-ab09-4f24-9f8a-f1cc1c8b0fa7,ed36110d-a2cf-4a88-91c7-0d23f758cd4c,a83f0aec-4e5c-4467-a9ab-43634b46c1f6,2026-06-21,holiday,0,""
d97a6c33-444b-4d47-8aae-78644ed1e810,b8da2a0d-01f4-40e4-823f-d0e64c0d5a85,a83f0aec-4e5c-4467-a9ab-43634b46c1f6,2026-08-04,present,8,""
dcd18087-23c3-47b4-ac22-6541b25778c0,b8da2a0d-01f4-40e4-823f-d0e64c0d5a85,a83f0aec-4e5c-4467-a9ab-43634b46c1f6,2026-08-05,present,8,""
956e990e-1d0b-415b-aaf8-874e59881d6a,b8da2a0d-01f4-40e4-823f-d0e64c0d5a85,a83f0aec-4e5c-4467-a9ab-43634b46c1f6,2026-08-06,present,8,""
1139793b-54e4-4b00-af75-b57ee40602ce,b8da2a0d-01f4-40e4-823f-d0e64c0d5a85,a83f0aec-4e5c-4467-a9ab-43634b46c1f6,2026-08-07,present,8,""
1b1abdc4-b915-409a-9f1a-9e5d12779741,55c515b0-f4e2-4b80-8d6f-e2755cb31866,a83f0aec-4e5c-4467-a9ab-43634b46c1f6,2026-08-03,present,8,""
f28fc1c4-8c2a-4d24-b3c3-0dd9af6164b0,55c515b0-f4e2-4b80-8d6f-e2755cb31866,a83f0aec-4e5c-4467-a9ab-43634b46c1f6,2026-08-04,present,8,""
b8e9f4ee-4ad0-48ab-8fb7-154744e56912,55c515b0-f4e2-4b80-8d6f-e2755cb31866,a83f0aec-4e5c-4467-a9ab-43634b46c1f6,2026-08-05,present,8,""
65f366f8-aded-451f-9abf-fee706832463,55c515b0-f4e2-4b80-8d6f-e2755cb31866,a83f0aec-4e5c-4467-a9ab-43634b46c1f6,2026-08-06,present,8,""
c43ee695-ddd0-4b7b-82fb-6169fe67c68b,0af3ee03-5ad8-4726-81bb-ba490b621682,a83f0aec-4e5c-4467-a9ab-43634b46c1f6,2026-07-02,present,8,Via mestre
f074f976-2dff-4793-831e-bcbbf5d446a3,0af3ee03-5ad8-4726-81bb-ba490b621682,a83f0aec-4e5c-4467-a9ab-43634b46c1f6,2026-07-03,present,8,Via mestre
3888f2cb-21cd-4307-82e9-4f9a7469152b,0af3ee03-5ad8-4726-81bb-ba490b621682,a83f0aec-4e5c-4467-a9ab-43634b46c1f6,2026-07-06,present,8,Via mestre
91558a88-784b-4826-bebe-64234d3a7be7,b667d9a9-f058-4fd7-90bf-62cdef8d5672,a83f0aec-4e5c-4467-a9ab-43634b46c1f6,2026-02-06,present,8,Via giotto
7c684ae0-cfe1-4582-bbf3-991d41727350,b667d9a9-f058-4fd7-90bf-62cdef8d5672,a83f0aec-4e5c-4467-a9ab-43634b46c1f6,2026-02-10,present,8,Via giotto
2f9e06e1-515b-4a8c-b26a-6bb7a0b31c70,b667d9a9-f058-4fd7-90bf-62cdef8d5672,a83f0aec-4e5c-4467-a9ab-43634b46c1f6,2026-02-17,present,8,Via giotto
09a5e2c7-22f0-450e-bcb7-bcaa51253b39,07cba65e-e2f7-495c-8b24-2192173054a0,a83f0aec-4e5c-4467-a9ab-43634b46c1f6,2026-02-02,present,8,Via bottego
1bac8aee-a86e-4004-902d-a977521ba9c0,07cba65e-e2f7-495c-8b24-2192173054a0,a83f0aec-4e5c-4467-a9ab-43634b46c1f6,2026-02-03,present,8,Via bottego
eee06474-8ad3-4bfb-988a-056c62f1f8b4,07cba65e-e2f7-495c-8b24-2192173054a0,a83f0aec-4e5c-4467-a9ab-43634b46c1f6,2026-02-04,present,8,Via bottego
af5f5044-6aab-4b9c-b657-89c2f7691d18,07cba65e-e2f7-495c-8b24-2192173054a0,a83f0aec-4e5c-4467-a9ab-43634b46c1f6,2026-02-05,present,8,Via bottego
85facc38-6052-43d2-afb5-db7bd2dd3a76,07cba65e-e2f7-495c-8b24-2192173054a0,a83f0aec-4e5c-4467-a9ab-43634b46c1f6,2026-02-06,present,8,Via bottego
82300a33-6cf5-4638-9f11-259029350579,07cba65e-e2f7-495c-8b24-2192173054a0,a83f0aec-4e5c-4467-a9ab-43634b46c1f6,2026-02-09,present,8,Via bottego
5637a407-01e3-42aa-99b1-d3ffbf1b61aa,07cba65e-e2f7-495c-8b24-2192173054a0,a83f0aec-4e5c-4467-a9ab-43634b46c1f6,2026-02-10,present,8,Via bottego
a123331b-3ae1-49b2-9a43-d315cbb5410d,07cba65e-e2f7-495c-8b24-2192173054a0,a83f0aec-4e5c-4467-a9ab-43634b46c1f6,2026-02-11,present,8,Via bottego
ce9ebfc9-107f-4f19-b6df-db709ba354b3,07cba65e-e2f7-495c-8b24-2192173054a0,a83f0aec-4e5c-4467-a9ab-43634b46c1f6,2026-02-12,present,8,Via bottego
7095ec06-07c6-4ce3-b238-4976171f86da,07cba65e-e2f7-495c-8b24-2192173054a0,a83f0aec-4e5c-4467-a9ab-43634b46c1f6,2026-02-13,present,8,Via bottego
2c1ca4a0-31e1-476e-ac38-643ee43f99e6,07cba65e-e2f7-495c-8b24-2192173054a0,a83f0aec-4e5c-4467-a9ab-43634b46c1f6,2026-02-16,present,8,Via bottego
4f77e568-37e9-4224-a0a0-ce99cb64959d,07cba65e-e2f7-495c-8b24-2192173054a0,a83f0aec-4e5c-4467-a9ab-43634b46c1f6,2026-02-17,present,8,Via bottego
3b585c2d-3892-44ab-a5f2-12cd279a9c47,07cba65e-e2f7-495c-8b24-2192173054a0,a83f0aec-4e5c-4467-a9ab-43634b46c1f6,2026-02-18,present,8,Via bottego
71d14cf1-cd70-488b-9989-6f45e8fd1e1d,07cba65e-e2f7-495c-8b24-2192173054a0,a83f0aec-4e5c-4467-a9ab-43634b46c1f6,2026-02-19,present,8,Via bottego
3ab9c5cf-f126-4a59-982f-50b0caf19e9f,07cba65e-e2f7-495c-8b24-2192173054a0,a83f0aec-4e5c-4467-a9ab-43634b46c1f6,2026-02-20,present,8,Via bottego
8e603f21-7a32-48e7-9e01-b57fbe17242b,be17adcf-4219-4796-958f-51e2b5e0cf92,a83f0aec-4e5c-4467-a9ab-43634b46c1f6,2026-02-13,present,8,Via molis ap. sirena
dc1e2d3c-6110-4e6c-873d-92fbbc7f78d1,be17adcf-4219-4796-958f-51e2b5e0cf92,a83f0aec-4e5c-4467-a9ab-43634b46c1f6,2026-02-16,present,8,Via molis ap. sirena
fd08936f-31ef-4c2c-97d2-9f5bb7925e90,be17adcf-4219-4796-958f-51e2b5e0cf92,a83f0aec-4e5c-4467-a9ab-43634b46c1f6,2026-02-17,present,8,Via molis ap. sirena
d642f422-fa51-4bce-a41f-a4a03aaf666e,be17adcf-4219-4796-958f-51e2b5e0cf92,a83f0aec-4e5c-4467-a9ab-43634b46c1f6,2026-02-25,present,8,Via bottego
756f83e5-1c8b-4ca4-9476-b00c6cf4603a,be17adcf-4219-4796-958f-51e2b5e0cf92,a83f0aec-4e5c-4467-a9ab-43634b46c1f6,2026-02-18,present,8,Via molis ap. sirena
491130a4-6e7a-44c9-ac31-482454a6c9f2,be17adcf-4219-4796-958f-51e2b5e0cf92,a83f0aec-4e5c-4467-a9ab-43634b46c1f6,2026-02-02,present,8,Via molis ap. sirena 
461b106f-5137-4eb0-8878-9747626eef2b,be17adcf-4219-4796-958f-51e2b5e0cf92,a83f0aec-4e5c-4467-a9ab-43634b46c1f6,2026-02-03,present,8,Via molis ap. sirena
7c5b3603-9c8e-4dcd-b424-2eacd8ef881c,be17adcf-4219-4796-958f-51e2b5e0cf92,a83f0aec-4e5c-4467-a9ab-43634b46c1f6,2026-02-04,present,8,Via molis ap. sirena
3b06b975-e468-4fdd-b1ea-2697e00236cc,be17adcf-4219-4796-958f-51e2b5e0cf92,a83f0aec-4e5c-4467-a9ab-43634b46c1f6,2026-02-05,present,8,Via molis ap. sirena
710d62d0-0ab9-40e8-9910-86008b151af6,be17adcf-4219-4796-958f-51e2b5e0cf92,a83f0aec-4e5c-4467-a9ab-43634b46c1f6,2026-02-06,present,8,Via molis ap. sirena
c9e1a44f-0a75-4d9d-b6fb-f2eee50ee1aa,be17adcf-4219-4796-958f-51e2b5e0cf92,a83f0aec-4e5c-4467-a9ab-43634b46c1f6,2026-02-09,present,8,Via molis ap. sirena
28df80ef-f983-413a-922f-6b96dcf4b6e3,be17adcf-4219-4796-958f-51e2b5e0cf92,a83f0aec-4e5c-4467-a9ab-43634b46c1f6,2026-02-10,present,8,Via molis ap. sirena
04ee0de4-0baa-48b1-94fe-0724d5a24128,be17adcf-4219-4796-958f-51e2b5e0cf92,a83f0aec-4e5c-4467-a9ab-43634b46c1f6,2026-02-11,present,8,Via molis ap. sirena
a2d6c7ed-f6c2-42c2-a84e-5540c1f953da,be17adcf-4219-4796-958f-51e2b5e0cf92,a83f0aec-4e5c-4467-a9ab-43634b46c1f6,2026-02-12,present,5,Via molis ap. sirena
76e30191-d221-444e-86fe-94b2a207b089,be17adcf-4219-4796-958f-51e2b5e0cf92,a83f0aec-4e5c-4467-a9ab-43634b46c1f6,2026-02-19,present,8,Via molis ap. sirena
078dacd4-2af0-4362-96f8-c54e53042817,be17adcf-4219-4796-958f-51e2b5e0cf92,a83f0aec-4e5c-4467-a9ab-43634b46c1f6,2026-02-20,present,8,Via molis ap. sirena
2c3bfee8-a245-4414-a068-bd7c639cb2f1,2f76e93b-41a3-4e8b-8741-8b3e03d8db85,a83f0aec-4e5c-4467-a9ab-43634b46c1f6,2026-02-02,present,8,Via corte d'appello 
c6b6cbe0-4ed6-44e1-b329-b3630bc430aa,42b77da1-31e4-4197-88a5-2679c57fac56,a83f0aec-4e5c-4467-a9ab-43634b46c1f6,2026-02-02,present,8,Via donoratico 
aad0c825-eada-4129-93f5-17d214ac667c,42b77da1-31e4-4197-88a5-2679c57fac56,a83f0aec-4e5c-4467-a9ab-43634b46c1f6,2026-02-03,present,8,Via donoratico
290afe59-345f-42e2-897d-f07a82f192fe,42b77da1-31e4-4197-88a5-2679c57fac56,a83f0aec-4e5c-4467-a9ab-43634b46c1f6,2026-02-04,present,8,Via donoratico
fe030ee9-af0f-4db7-a7a8-5e1589bf323b,42b77da1-31e4-4197-88a5-2679c57fac56,a83f0aec-4e5c-4467-a9ab-43634b46c1f6,2026-02-05,present,8,Via donoratico
0a573ce3-a7f4-496a-ace7-7adab8462166,42b77da1-31e4-4197-88a5-2679c57fac56,a83f0aec-4e5c-4467-a9ab-43634b46c1f6,2026-02-06,present,8,Via donoratico
3e783fc3-8ac5-489c-a924-f2100c251ce3,42b77da1-31e4-4197-88a5-2679c57fac56,a83f0aec-4e5c-4467-a9ab-43634b46c1f6,2026-02-09,present,8,Via donoratico
2de8406c-6bcd-4f7f-9a3b-60542e7196d5,42b77da1-31e4-4197-88a5-2679c57fac56,a83f0aec-4e5c-4467-a9ab-43634b46c1f6,2026-02-10,present,8,Via donoratico
85419fad-ee6d-45f5-9810-390994ac4b08,42b77da1-31e4-4197-88a5-2679c57fac56,a83f0aec-4e5c-4467-a9ab-43634b46c1f6,2026-02-11,present,8,Via donoratico
da598b74-5629-4a44-981b-573b5d7ddc76,42b77da1-31e4-4197-88a5-2679c57fac56,a83f0aec-4e5c-4467-a9ab-43634b46c1f6,2026-02-12,present,8,Via donoratico
7a759dca-0e53-4714-b3bc-22ee984d9ef1,42b77da1-31e4-4197-88a5-2679c57fac56,a83f0aec-4e5c-4467-a9ab-43634b46c1f6,2026-02-13,present,8,Via donoratico
d0926e43-e2d4-425f-a01c-bec64358200f,42b77da1-31e4-4197-88a5-2679c57fac56,a83f0aec-4e5c-4467-a9ab-43634b46c1f6,2026-02-16,present,8,Via donoratico
4c5fbd1b-bf2a-4a9b-af8f-f3526f784e1f,42b77da1-31e4-4197-88a5-2679c57fac56,a83f0aec-4e5c-4467-a9ab-43634b46c1f6,2026-02-17,present,8,Via donoratico
bc7fd9e9-9471-485c-a031-aab0932802fa,42b77da1-31e4-4197-88a5-2679c57fac56,a83f0aec-4e5c-4467-a9ab-43634b46c1f6,2026-02-18,present,8,Via donoratico
c73eafde-f81f-487f-b17a-05dfeb925831,42b77da1-31e4-4197-88a5-2679c57fac56,a83f0aec-4e5c-4467-a9ab-43634b46c1f6,2026-02-19,present,5,Via donoratico
136def1c-801a-4c31-8726-5411fc37e427,42b77da1-31e4-4197-88a5-2679c57fac56,a83f0aec-4e5c-4467-a9ab-43634b46c1f6,2026-02-20,present,8,Via donoratico
e8c7d1a4-2a2d-4bdf-bb53-26312cc1d6e6,2f76e93b-41a3-4e8b-8741-8b3e03d8db85,a83f0aec-4e5c-4467-a9ab-43634b46c1f6,2026-02-03,present,8,Via corte d'appello
1c691442-6437-4b97-949b-d7bc1633cecd,2f76e93b-41a3-4e8b-8741-8b3e03d8db85,a83f0aec-4e5c-4467-a9ab-43634b46c1f6,2026-02-04,present,8,Via corte d'appello
4901827b-48ca-4673-ba17-666e04d77d93,2f76e93b-41a3-4e8b-8741-8b3e03d8db85,a83f0aec-4e5c-4467-a9ab-43634b46c1f6,2026-02-05,present,8,Via corte d'appello
d59f734c-51f9-4719-bb9e-1acac48709bc,2f76e93b-41a3-4e8b-8741-8b3e03d8db85,a83f0aec-4e5c-4467-a9ab-43634b46c1f6,2026-02-11,present,8,Via corte d'appello
cc70551f-94d6-4b63-89f8-4206b31aea9d,2f76e93b-41a3-4e8b-8741-8b3e03d8db85,a83f0aec-4e5c-4467-a9ab-43634b46c1f6,2026-02-06,present,8,Via corte d'appello
bdb8f170-62aa-4b88-9cef-cc36328506c5,2f76e93b-41a3-4e8b-8741-8b3e03d8db85,a83f0aec-4e5c-4467-a9ab-43634b46c1f6,2026-02-09,present,8,Via corte d'appello
af2ec8cb-0a7d-46ee-b641-468e38e1f5f0,2f76e93b-41a3-4e8b-8741-8b3e03d8db85,a83f0aec-4e5c-4467-a9ab-43634b46c1f6,2026-02-10,present,8,Via corte d'appello
481d836e-1e82-4a5b-b613-94eddb0e947b,2f76e93b-41a3-4e8b-8741-8b3e03d8db85,a83f0aec-4e5c-4467-a9ab-43634b46c1f6,2026-02-12,present,8,Via corte d'appello
ea6e5742-3876-4fd9-b170-54beaa80cd17,2f76e93b-41a3-4e8b-8741-8b3e03d8db85,a83f0aec-4e5c-4467-a9ab-43634b46c1f6,2026-02-13,present,8,Via corte d'appello
efc966b6-b2d3-4913-b098-6453b50cc05c,2f76e93b-41a3-4e8b-8741-8b3e03d8db85,a83f0aec-4e5c-4467-a9ab-43634b46c1f6,2026-02-16,present,8,Via corte d'appello
c3166534-5b6a-40bb-9537-e68cdfedfd95,2f76e93b-41a3-4e8b-8741-8b3e03d8db85,a83f0aec-4e5c-4467-a9ab-43634b46c1f6,2026-02-17,present,8,Via corte d'appello
2b6d83d4-4c0c-4316-a24b-4e13f7a8f85b,2f76e93b-41a3-4e8b-8741-8b3e03d8db85,a83f0aec-4e5c-4467-a9ab-43634b46c1f6,2026-02-18,present,8,Via corte d'appello
7f11c5e3-a3bc-4a98-81f1-4e99f4782760,2f76e93b-41a3-4e8b-8741-8b3e03d8db85,a83f0aec-4e5c-4467-a9ab-43634b46c1f6,2026-02-19,present,8,Via corte d'appello
abc37dea-326c-4159-924b-38abf0f73b02,07cba65e-e2f7-495c-8b24-2192173054a0,a83f0aec-4e5c-4467-a9ab-43634b46c1f6,2026-02-01,holiday,0,""
aaaff070-ffcd-4129-bd2f-bba73d32d29e,55c515b0-f4e2-4b80-8d6f-e2755cb31866,a83f0aec-4e5c-4467-a9ab-43634b46c1f6,2026-08-07,present,8,""
a45551d7-3577-40b2-9514-79b33b788ac4,1c0f2692-e1e4-40fe-907e-6023010d5f19,a83f0aec-4e5c-4467-a9ab-43634b46c1f6,2026-04-09,present,4,Viale monastir
6190b7af-cc17-4f3e-a794-7dfef9e0248b,2f76e93b-41a3-4e8b-8741-8b3e03d8db85,a83f0aec-4e5c-4467-a9ab-43634b46c1f6,2026-02-20,present,8,Via corte d'appello
589881d0-7184-429a-b327-a75ed9a4ecd7,2197b6fd-9cb2-4d34-8118-cf9f11b573d7,a83f0aec-4e5c-4467-a9ab-43634b46c1f6,2026-02-11,holiday,0,""
e291f473-e475-4bf9-a53e-954ff4f69cab,2197b6fd-9cb2-4d34-8118-cf9f11b573d7,a83f0aec-4e5c-4467-a9ab-43634b46c1f6,2026-02-12,holiday,0,""
80c4d197-1bea-4c60-a8da-55b55348ba77,2197b6fd-9cb2-4d34-8118-cf9f11b573d7,a83f0aec-4e5c-4467-a9ab-43634b46c1f6,2026-02-13,holiday,0,""
e0ac304d-472f-4f98-aece-993a579c8156,2197b6fd-9cb2-4d34-8118-cf9f11b573d7,a83f0aec-4e5c-4467-a9ab-43634b46c1f6,2026-02-10,present,8,Via molis ap. sirena
bf4b5d6d-2a8d-48d5-ab86-f141f3df6d23,2197b6fd-9cb2-4d34-8118-cf9f11b573d7,a83f0aec-4e5c-4467-a9ab-43634b46c1f6,2026-02-16,present,8,Via molis ap. sirena
0e19ee78-74f7-42f4-8f02-93ec301807a6,2197b6fd-9cb2-4d34-8118-cf9f11b573d7,a83f0aec-4e5c-4467-a9ab-43634b46c1f6,2026-02-17,present,8,Via molis ap. sirena
98a23813-bc66-494c-bd7f-bf811714c71e,2197b6fd-9cb2-4d34-8118-cf9f11b573d7,a83f0aec-4e5c-4467-a9ab-43634b46c1f6,2026-02-18,present,8,Via molis ap. sirena
4270f1e8-e7ba-4473-9518-0856d08e6db2,2197b6fd-9cb2-4d34-8118-cf9f11b573d7,a83f0aec-4e5c-4467-a9ab-43634b46c1f6,2026-02-19,present,8,Via molis ap. sirena
2b5a5b56-c999-4ae1-8fe5-8bfe013568c1,2197b6fd-9cb2-4d34-8118-cf9f11b573d7,a83f0aec-4e5c-4467-a9ab-43634b46c1f6,2026-02-20,present,8,Via molis ap. sirena
1d9219ed-3bbc-4222-b77f-4511bc7d7e8d,2197b6fd-9cb2-4d34-8118-cf9f11b573d7,a83f0aec-4e5c-4467-a9ab-43634b46c1f6,2026-02-09,present,8,Via molis ap. sirena
3ce9531e-de4e-42bf-9146-d94f02e37b62,2197b6fd-9cb2-4d34-8118-cf9f11b573d7,a83f0aec-4e5c-4467-a9ab-43634b46c1f6,2026-02-02,present,8,Via molis ap. sirena
a9f9070d-b28d-4298-9fa8-a53d935f8403,2197b6fd-9cb2-4d34-8118-cf9f11b573d7,a83f0aec-4e5c-4467-a9ab-43634b46c1f6,2026-02-03,present,8,Via molis ap. sirena
68898e43-d6fa-4814-b1e2-ad873dd63a72,2197b6fd-9cb2-4d34-8118-cf9f11b573d7,a83f0aec-4e5c-4467-a9ab-43634b46c1f6,2026-02-04,present,8,Via molis ap. sirena
2f5205c1-a611-4c88-956c-5c2e50e19a89,2197b6fd-9cb2-4d34-8118-cf9f11b573d7,a83f0aec-4e5c-4467-a9ab-43634b46c1f6,2026-02-05,present,8,Via molis ap. sirena
09186e83-ef78-4671-b751-bb55c60d2e21,2197b6fd-9cb2-4d34-8118-cf9f11b573d7,a83f0aec-4e5c-4467-a9ab-43634b46c1f6,2026-02-06,present,8,Via molis ap. sirena
02354258-5c1b-435b-b981-7863561f2929,ed36110d-a2cf-4a88-91c7-0d23f758cd4c,a83f0aec-4e5c-4467-a9ab-43634b46c1f6,2026-02-08,holiday,0,""
55b54df5-c4de-405e-a931-c0cab8b96db9,ed36110d-a2cf-4a88-91c7-0d23f758cd4c,a83f0aec-4e5c-4467-a9ab-43634b46c1f6,2026-02-07,holiday,0,""
fad2056e-5aca-43ff-99cf-b5879fbb19ae,1c0f2692-e1e4-40fe-907e-6023010d5f19,a83f0aec-4e5c-4467-a9ab-43634b46c1f6,2026-02-02,present,4,Viale monastir
3564b50c-e82f-4561-a9fa-564389481afb,ed36110d-a2cf-4a88-91c7-0d23f758cd4c,a83f0aec-4e5c-4467-a9ab-43634b46c1f6,2026-02-20,present,6,Via molis ap. sirena
e5950e28-a100-4621-8459-da85d56d4303,ed36110d-a2cf-4a88-91c7-0d23f758cd4c,a83f0aec-4e5c-4467-a9ab-43634b46c1f6,2026-02-09,present,6,Via molis ap. sirena
996fbfd6-5ac8-4f92-80ca-00eee510d54e,845c647c-e807-4025-b13a-608280392d8d,a83f0aec-4e5c-4467-a9ab-43634b46c1f6,2026-08-03,present,8,Via mandrolisai
fe6f9cf4-e43a-4635-b9a0-c4174a0f3ae9,ed36110d-a2cf-4a88-91c7-0d23f758cd4c,a83f0aec-4e5c-4467-a9ab-43634b46c1f6,2026-02-06,present,6,Via molis ap. sirena
73044166-7bdc-425a-8cdb-b046af13b1d1,ed36110d-a2cf-4a88-91c7-0d23f758cd4c,a83f0aec-4e5c-4467-a9ab-43634b46c1f6,2026-02-05,present,6,Via molis ap. sirena
ba4e9822-b672-4777-91f8-9c91e53bebea,845c647c-e807-4025-b13a-608280392d8d,a83f0aec-4e5c-4467-a9ab-43634b46c1f6,2026-08-04,present,8,Via mandrolisai
101ebf6b-951a-4baf-877b-2276412a1c98,ed36110d-a2cf-4a88-91c7-0d23f758cd4c,a83f0aec-4e5c-4467-a9ab-43634b46c1f6,2026-02-19,present,6,Via molis ap. sirena
487ec644-f7a4-43b1-aa7d-943afb9004f9,ed36110d-a2cf-4a88-91c7-0d23f758cd4c,a83f0aec-4e5c-4467-a9ab-43634b46c1f6,2026-02-04,present,6,Via molis ap. sirena
9c01d97a-9c07-4dc3-8c91-0e53f7d718be,0f678138-246b-4d86-a3f0-5ce111536f02,a83f0aec-4e5c-4467-a9ab-43634b46c1f6,2026-08-05,present,8,Via mandrolisai
d3821082-b1c3-43e2-a8fd-7adc8b1ecaa8,1c0f2692-e1e4-40fe-907e-6023010d5f19,a83f0aec-4e5c-4467-a9ab-43634b46c1f6,2026-08-05,present,4,Via mandrolisai
2a3c1cbf-6309-4cef-b6d3-b06240ca3dc6,1c0f2692-e1e4-40fe-907e-6023010d5f19,a83f0aec-4e5c-4467-a9ab-43634b46c1f6,2026-08-03,present,4,Via mandrolisai
063fd003-c3da-434f-adeb-c51abf6ee001,ed36110d-a2cf-4a88-91c7-0d23f758cd4c,a83f0aec-4e5c-4467-a9ab-43634b46c1f6,2026-02-03,present,6,Via molis ap. sirena
fadb6875-146e-47f7-95c3-7615bdd7ebba,ed36110d-a2cf-4a88-91c7-0d23f758cd4c,a83f0aec-4e5c-4467-a9ab-43634b46c1f6,2026-02-01,holiday,0,""
795f82d5-29f9-4e64-806d-2c452fc9876d,ed36110d-a2cf-4a88-91c7-0d23f758cd4c,a83f0aec-4e5c-4467-a9ab-43634b46c1f6,2026-02-18,present,6,Via molis ap. sirena
1718c503-f62d-4b64-aebe-3a0bac70a1c7,ed36110d-a2cf-4a88-91c7-0d23f758cd4c,a83f0aec-4e5c-4467-a9ab-43634b46c1f6,2026-02-17,present,6,Via molis ap. sirena
3599bc13-bf1a-47e9-bee0-e3d0ee1dc853,ed36110d-a2cf-4a88-91c7-0d23f758cd4c,a83f0aec-4e5c-4467-a9ab-43634b46c1f6,2026-02-15,holiday,0,""
e757072d-8439-4ff1-abd1-38e9ac275dde,ed36110d-a2cf-4a88-91c7-0d23f758cd4c,a83f0aec-4e5c-4467-a9ab-43634b46c1f6,2026-02-14,holiday,0,""
7c7aa11e-9e1d-48dc-8add-d19e1ab7ee83,ed36110d-a2cf-4a88-91c7-0d23f758cd4c,a83f0aec-4e5c-4467-a9ab-43634b46c1f6,2026-02-13,holiday,0,""
646697d0-bca4-42b6-a235-491fe3e3e56b,a335efe4-d86c-4f3f-a2a1-b4abc123d167,a83f0aec-4e5c-4467-a9ab-43634b46c1f6,2026-08-03,present,8,Via copernico
d606fa7a-58c5-4fcb-8a54-1698ef83f944,ed36110d-a2cf-4a88-91c7-0d23f758cd4c,a83f0aec-4e5c-4467-a9ab-43634b46c1f6,2026-02-12,holiday,0,""
8dc725c0-31c6-4b9f-826c-090a784ae444,1c0f2692-e1e4-40fe-907e-6023010d5f19,a83f0aec-4e5c-4467-a9ab-43634b46c1f6,2026-08-06,present,4,Via mandrolisai
245fec89-9b61-4b2c-8df1-c721a6b4f9cc,ed36110d-a2cf-4a88-91c7-0d23f758cd4c,a83f0aec-4e5c-4467-a9ab-43634b46c1f6,2026-02-11,holiday,0,""
6d8e4346-be22-449f-8bff-6f8c8e9e1f4c,1c0f2692-e1e4-40fe-907e-6023010d5f19,a83f0aec-4e5c-4467-a9ab-43634b46c1f6,2026-08-04,present,4,Via mandrolisai
0d1ef228-f13b-4f12-9621-1083bb9a0965,cff16040-6983-48f2-b49c-1fa06f131879,a83f0aec-4e5c-4467-a9ab-43634b46c1f6,2026-08-06,present,8,Via bosco cappuccio
7aa8304a-0942-4e65-bc8e-9963d10a4382,ed36110d-a2cf-4a88-91c7-0d23f758cd4c,a83f0aec-4e5c-4467-a9ab-43634b46c1f6,2026-02-16,present,6,Via molis ap. sirena
508e1983-76a8-4551-9ad9-d6708fa125aa,ed36110d-a2cf-4a88-91c7-0d23f758cd4c,a83f0aec-4e5c-4467-a9ab-43634b46c1f6,2026-02-10,present,6,Via molis ap. sirena
fd67232e-d97d-4277-9955-816d1940a6a2,0dd64ca9-1964-46eb-8f97-a71315c8b1ed,a83f0aec-4e5c-4467-a9ab-43634b46c1f6,2026-08-03,present,8,Via copernico
1f25be15-49e5-493d-bc22-6bf02fcf34a3,0dd64ca9-1964-46eb-8f97-a71315c8b1ed,a83f0aec-4e5c-4467-a9ab-43634b46c1f6,2026-08-04,present,8,Via copernico
0b7cf346-47f7-4bfb-9d56-3539bb559671,b667d9a9-f058-4fd7-90bf-62cdef8d5672,a83f0aec-4e5c-4467-a9ab-43634b46c1f6,2026-08-05,present,8,Via bosco cappuccio
7bfbd334-bc40-492b-952d-d4d3e75bde64,b667d9a9-f058-4fd7-90bf-62cdef8d5672,a83f0aec-4e5c-4467-a9ab-43634b46c1f6,2026-08-03,present,8,Via bosco cappuccio
e64f7586-24b9-4a16-beb2-f51bd7ea94e2,07cba65e-e2f7-495c-8b24-2192173054a0,a83f0aec-4e5c-4467-a9ab-43634b46c1f6,2026-08-03,present,8,Via fadda/alghero
6a1494b5-7197-4435-977c-8870f9811d7c,07cba65e-e2f7-495c-8b24-2192173054a0,a83f0aec-4e5c-4467-a9ab-43634b46c1f6,2026-08-04,present,8,Via fadda/alghero
5b579179-5969-4d2f-bd40-5811db9f71d6,b667d9a9-f058-4fd7-90bf-62cdef8d5672,a83f0aec-4e5c-4467-a9ab-43634b46c1f6,2026-08-28,holiday,0,""
000f527b-4746-4ef9-a7e7-cc46310e7d43,1c0f2692-e1e4-40fe-907e-6023010d5f19,a83f0aec-4e5c-4467-a9ab-43634b46c1f6,2026-02-03,present,4,Viale monastir
997d5df9-5572-45e8-8c56-1bc3e08a9802,1c0f2692-e1e4-40fe-907e-6023010d5f19,a83f0aec-4e5c-4467-a9ab-43634b46c1f6,2026-02-04,present,4,Viale monastir
30b09203-02c3-466d-8b1a-b6fc7b59f154,1c0f2692-e1e4-40fe-907e-6023010d5f19,a83f0aec-4e5c-4467-a9ab-43634b46c1f6,2026-02-09,present,4,Viale monastir
de3c768f-19a5-4234-9854-130c64e624d5,1c0f2692-e1e4-40fe-907e-6023010d5f19,a83f0aec-4e5c-4467-a9ab-43634b46c1f6,2026-02-10,present,4,Viale monastir
35af1b26-2efb-4e00-97fe-e247c26e8efb,1c0f2692-e1e4-40fe-907e-6023010d5f19,a83f0aec-4e5c-4467-a9ab-43634b46c1f6,2026-02-11,present,4,Viale monastir
c651106b-e987-4d22-bf8f-871353d7ad23,1c0f2692-e1e4-40fe-907e-6023010d5f19,a83f0aec-4e5c-4467-a9ab-43634b46c1f6,2026-02-16,present,4,Viale monastir
011c809c-a86c-40c1-8bb3-f709fdf0c616,1c0f2692-e1e4-40fe-907e-6023010d5f19,a83f0aec-4e5c-4467-a9ab-43634b46c1f6,2026-02-17,present,4,Viale monastir
7eacaf2e-b90e-4934-9b08-47bc27bed78d,1c0f2692-e1e4-40fe-907e-6023010d5f19,a83f0aec-4e5c-4467-a9ab-43634b46c1f6,2026-02-18,present,4,Viale monastir
94d848b9-cd3e-435e-88b0-0c4ba262348f,ed36110d-a2cf-4a88-91c7-0d23f758cd4c,a83f0aec-4e5c-4467-a9ab-43634b46c1f6,2026-02-02,present,6,Via molis ap. sirena
c9c3ab97-2589-4c7f-8a57-177159ca6209,bd23f301-51a8-4e05-a640-c66306e27ef6,a83f0aec-4e5c-4467-a9ab-43634b46c1f6,2026-04-08,present,8,Via mestre
aede8c56-73e6-46b7-a08a-5af3133f3540,bd23f301-51a8-4e05-a640-c66306e27ef6,a83f0aec-4e5c-4467-a9ab-43634b46c1f6,2026-04-09,present,8,Via mestre
80bef799-31b2-44c6-8b32-dce6918de16f,bd23f301-51a8-4e05-a640-c66306e27ef6,a83f0aec-4e5c-4467-a9ab-43634b46c1f6,2026-04-10,present,8,Via mestre
7fc678b3-efb3-4fad-91b5-958163fe5fd9,bd23f301-51a8-4e05-a640-c66306e27ef6,a83f0aec-4e5c-4467-a9ab-43634b46c1f6,2026-04-14,present,8,Via mestre
dad43b40-f058-4a23-b86f-ad2d852ca5df,0af3ee03-5ad8-4726-81bb-ba490b621682,a83f0aec-4e5c-4467-a9ab-43634b46c1f6,2026-04-08,present,8,Via mestre
fc111e20-aa16-45cf-bedc-e7b586b17302,0af3ee03-5ad8-4726-81bb-ba490b621682,a83f0aec-4e5c-4467-a9ab-43634b46c1f6,2026-04-09,present,8,Via mestre
656e7110-d375-4e91-9b2a-b27b83d51850,bd23f301-51a8-4e05-a640-c66306e27ef6,a83f0aec-4e5c-4467-a9ab-43634b46c1f6,2026-04-13,present,8,Via mestre
77b14182-e3ee-4c17-8911-f0d2eadcd8c8,0af3ee03-5ad8-4726-81bb-ba490b621682,a83f0aec-4e5c-4467-a9ab-43634b46c1f6,2026-04-14,present,8,Via mestre
02dd7b0b-2d71-4224-96a4-c875a65dd218,cff16040-6983-48f2-b49c-1fa06f131879,a83f0aec-4e5c-4467-a9ab-43634b46c1f6,2026-06-17,present,8,via strauss
edffa08a-6130-46d3-8955-f67303520438,ed17502d-bd6a-418e-a321-b5c13b8979eb,a83f0aec-4e5c-4467-a9ab-43634b46c1f6,2026-05-20,present,8,Via mandrolisai
8ea81305-e206-4420-bee0-8ec560bae15c,f029e10a-9baf-4528-b950-2e10fb4d13ce,a83f0aec-4e5c-4467-a9ab-43634b46c1f6,2026-04-13,present,8,Viale monastir
ec0a6e34-b3e6-43aa-9dc0-42d3163af4dd,1c0f2692-e1e4-40fe-907e-6023010d5f19,a83f0aec-4e5c-4467-a9ab-43634b46c1f6,2026-02-13,present,4,Viale monastir
04464da6-dd2b-4644-81e1-20f78910a703,1c0f2692-e1e4-40fe-907e-6023010d5f19,a83f0aec-4e5c-4467-a9ab-43634b46c1f6,2026-02-19,present,4,Viale monastir
b48e24dc-6da8-4b45-80a6-d6d7e06dbcd4,ed36110d-a2cf-4a88-91c7-0d23f758cd4c,a83f0aec-4e5c-4467-a9ab-43634b46c1f6,2026-05-27,holiday,0,""
5330f96b-9b9e-4b4b-ae27-2cce6ad3e1a3,ed17502d-bd6a-418e-a321-b5c13b8979eb,a83f0aec-4e5c-4467-a9ab-43634b46c1f6,2026-05-22,present,8,Via mandrolisai
a5df3cde-8acc-4dc8-8220-b70a86b5473d,ed17502d-bd6a-418e-a321-b5c13b8979eb,a83f0aec-4e5c-4467-a9ab-43634b46c1f6,2026-05-27,present,8,Via mandrolisai
024a55bc-a6ed-4dc6-a9eb-50bc7fc15d72,0af3ee03-5ad8-4726-81bb-ba490b621682,a83f0aec-4e5c-4467-a9ab-43634b46c1f6,2026-07-10,present,8,Via mestre
f33599a7-af44-4a34-bff4-957a9678f79b,0af3ee03-5ad8-4726-81bb-ba490b621682,a83f0aec-4e5c-4467-a9ab-43634b46c1f6,2026-07-13,present,8,Via mestre
844a3479-d945-4e9e-a2c3-8133228a8055,f029e10a-9baf-4528-b950-2e10fb4d13ce,a83f0aec-4e5c-4467-a9ab-43634b46c1f6,2026-07-01,present,8,Via mestre
acf976c9-d1c6-46ac-8f0b-a9e455fd0b84,f029e10a-9baf-4528-b950-2e10fb4d13ce,a83f0aec-4e5c-4467-a9ab-43634b46c1f6,2026-07-03,present,8,Via mestre
228ca1da-c5ee-4149-8f21-80cddf01376e,a78a69df-18f8-45b2-866f-214377a09e87,a83f0aec-4e5c-4467-a9ab-43634b46c1f6,2026-07-03,present,8,Via mandrolisai
076d8dad-9505-48d2-9500-db60d8133893,b8da2a0d-01f4-40e4-823f-d0e64c0d5a85,a83f0aec-4e5c-4467-a9ab-43634b46c1f6,2026-05-04,present,8,Viale monastir
660bf6ec-951c-4f5d-8f9d-abdd7326928f,e29ef4e3-a2cd-4328-8cd5-5d17785f1a83,a83f0aec-4e5c-4467-a9ab-43634b46c1f6,2026-05-04,present,8,Via mandrolisai
b34d7155-758e-496d-ba16-2ba5c931c29f,e29ef4e3-a2cd-4328-8cd5-5d17785f1a83,a83f0aec-4e5c-4467-a9ab-43634b46c1f6,2026-05-07,present,8,Via mandrolisai
ea4190ed-ceff-4407-9071-94dfa562e2e7,e29ef4e3-a2cd-4328-8cd5-5d17785f1a83,a83f0aec-4e5c-4467-a9ab-43634b46c1f6,2026-05-15,present,8,Via mandrolisai
cff71df5-79af-4d5d-9d39-a50c3aa9a924,e29ef4e3-a2cd-4328-8cd5-5d17785f1a83,a83f0aec-4e5c-4467-a9ab-43634b46c1f6,2026-05-18,present,8,Via mandrolisai
44528a6b-5ec6-4003-85f8-99b0c068f68f,e29ef4e3-a2cd-4328-8cd5-5d17785f1a83,a83f0aec-4e5c-4467-a9ab-43634b46c1f6,2026-05-25,present,8,Via mandrolisai
a4979827-c6b3-4e4b-8b67-680035959272,e29ef4e3-a2cd-4328-8cd5-5d17785f1a83,a83f0aec-4e5c-4467-a9ab-43634b46c1f6,2026-05-27,present,8,Via mandrolisai
26b7a385-1cf3-47a8-af89-bc5dd97295cc,0af3ee03-5ad8-4726-81bb-ba490b621682,a83f0aec-4e5c-4467-a9ab-43634b46c1f6,2026-05-29,present,8,Via mestre
0102ec36-944e-47dc-b9e9-ca560994e4ab,f029e10a-9baf-4528-b950-2e10fb4d13ce,a83f0aec-4e5c-4467-a9ab-43634b46c1f6,2026-05-29,present,8,Via dante
300f30c2-afdc-4222-a3be-6e89f385a68e,e29ef4e3-a2cd-4328-8cd5-5d17785f1a83,a83f0aec-4e5c-4467-a9ab-43634b46c1f6,2026-05-29,present,8,Via mandrolisai
745bac3b-dd10-4357-b9a6-368d02c0fbe9,0dd64ca9-1964-46eb-8f97-a71315c8b1ed,a83f0aec-4e5c-4467-a9ab-43634b46c1f6,2026-05-29,present,8,Via copernico
9930dc47-5b3c-4898-8915-7049836d9347,be17adcf-4219-4796-958f-51e2b5e0cf92,a83f0aec-4e5c-4467-a9ab-43634b46c1f6,2026-05-29,present,8,Via strauss
a8b10351-79c4-4afe-92ea-1752d5e1ddf6,9fc12cbc-5f92-485a-84d9-a7f2413e2cfb,a83f0aec-4e5c-4467-a9ab-43634b46c1f6,2026-05-29,present,8,Via copernico
22ce9af1-9181-4475-87aa-8a42e55c58d2,33872abe-802f-47d0-8614-f4d206fff08f,a83f0aec-4e5c-4467-a9ab-43634b46c1f6,2026-06-01,present,8,Via mandrolisai
15870a25-c391-4dca-baab-beaf994c3b71,33872abe-802f-47d0-8614-f4d206fff08f,a83f0aec-4e5c-4467-a9ab-43634b46c1f6,2026-06-05,present,8,Via mandrolisai
7bc94ad0-1629-459b-abcb-f25c9f8e3df3,ed36110d-a2cf-4a88-91c7-0d23f758cd4c,a83f0aec-4e5c-4467-a9ab-43634b46c1f6,2026-07-07,present,4,Via ingurtosu
9ddd9d0d-96a2-4d00-a35e-eec5a86d0bd4,a78a69df-18f8-45b2-866f-214377a09e87,a83f0aec-4e5c-4467-a9ab-43634b46c1f6,2026-07-06,present,8,Via mandrolisai
421ad431-0892-4c87-8522-49a9eecb1904,a78a69df-18f8-45b2-866f-214377a09e87,a83f0aec-4e5c-4467-a9ab-43634b46c1f6,2026-07-07,present,8,Via mandrolisai
549fc374-6ed8-4fdd-ab15-ccd2b43b1c61,a78a69df-18f8-45b2-866f-214377a09e87,a83f0aec-4e5c-4467-a9ab-43634b46c1f6,2026-07-08,present,8,Via mandrolisai
56810cfc-7b7f-449d-924e-d66d8f9f99d9,ed36110d-a2cf-4a88-91c7-0d23f758cd4c,a83f0aec-4e5c-4467-a9ab-43634b46c1f6,2026-07-08,holiday,0,""
1552c2c4-452e-47be-b19d-fcb908f3997a,b8da2a0d-01f4-40e4-823f-d0e64c0d5a85,a83f0aec-4e5c-4467-a9ab-43634b46c1f6,2026-07-08,present,8,Piazza san cosimo
4b63c042-0a16-4d24-8302-8910e98c28ed,a78a69df-18f8-45b2-866f-214377a09e87,a83f0aec-4e5c-4467-a9ab-43634b46c1f6,2026-07-09,present,8,Via mandrolisai
3e7d91f1-0fe5-4198-8800-412b2fd92d76,ed36110d-a2cf-4a88-91c7-0d23f758cd4c,a83f0aec-4e5c-4467-a9ab-43634b46c1f6,2026-07-09,holiday,0,""
99d4ad6f-cb40-4615-b6fb-3166e5766bf9,845c647c-e807-4025-b13a-608280392d8d,a83f0aec-4e5c-4467-a9ab-43634b46c1f6,2026-08-05,present,8,Via mandrolisai
9daf38e8-6f02-492e-bad8-59e204f136f7,bb7725da-b5fc-4433-afd7-bad5e5179acb,a83f0aec-4e5c-4467-a9ab-43634b46c1f6,2026-08-03,present,8,Via mandrolisai
991dcf59-693b-44f5-ae9a-4a18659285d3,bb7725da-b5fc-4433-afd7-bad5e5179acb,a83f0aec-4e5c-4467-a9ab-43634b46c1f6,2026-08-04,present,8,Via mandrolisai
0e1584b4-f2b5-470d-b6b9-81b5b4cd3bd7,bb7725da-b5fc-4433-afd7-bad5e5179acb,a83f0aec-4e5c-4467-a9ab-43634b46c1f6,2026-08-05,present,8,Via mandrolisai
84cd9f8f-7f51-4467-b71b-6c2140c2e5af,a78a69df-18f8-45b2-866f-214377a09e87,a83f0aec-4e5c-4467-a9ab-43634b46c1f6,2026-07-10,present,8,Via mandrolisai
941c9aa6-e8a3-4e40-b717-c4e79ac6f6a1,0af3ee03-5ad8-4726-81bb-ba490b621682,a83f0aec-4e5c-4467-a9ab-43634b46c1f6,2026-07-07,present,8,Via mestre
8faea075-b422-4dd4-9ecb-8cb0b61c0a9d,0af3ee03-5ad8-4726-81bb-ba490b621682,a83f0aec-4e5c-4467-a9ab-43634b46c1f6,2026-07-08,present,8,Via mestre
e652ab5e-cb3e-48d8-aeb9-8f6cd578cb2b,0af3ee03-5ad8-4726-81bb-ba490b621682,a83f0aec-4e5c-4467-a9ab-43634b46c1f6,2026-07-09,present,8,Via mestre
1a70fa10-6eed-4db5-8aba-0bfcbbdcf6ce,e29ef4e3-a2cd-4328-8cd5-5d17785f1a83,a83f0aec-4e5c-4467-a9ab-43634b46c1f6,2026-07-06,present,8,Viale monastir
7a270752-9ec1-40f8-b1a7-fb967c69b62c,e29ef4e3-a2cd-4328-8cd5-5d17785f1a83,a83f0aec-4e5c-4467-a9ab-43634b46c1f6,2026-07-13,present,8,Viale monastir
192690dd-ed23-4285-bc39-3b4f72ee4276,b8da2a0d-01f4-40e4-823f-d0e64c0d5a85,a83f0aec-4e5c-4467-a9ab-43634b46c1f6,2026-07-07,present,8,Piazza san cosimo
fe1229d7-7dde-466a-919a-65e6daa3f1a3,b8da2a0d-01f4-40e4-823f-d0e64c0d5a85,a83f0aec-4e5c-4467-a9ab-43634b46c1f6,2026-07-09,present,8,Piazza san cosimo
81ac8fea-1b47-46de-b6b8-3ab41b454743,b8da2a0d-01f4-40e4-823f-d0e64c0d5a85,a83f0aec-4e5c-4467-a9ab-43634b46c1f6,2026-07-10,present,8,Piazza san cosimo
dcbf227a-46b5-48d0-afb5-70ab173326aa,55c515b0-f4e2-4b80-8d6f-e2755cb31866,a83f0aec-4e5c-4467-a9ab-43634b46c1f6,2026-07-01,present,8,Piazza san cosimo
cb874317-e8ef-4bf4-a544-5ceaf461b7c3,55c515b0-f4e2-4b80-8d6f-e2755cb31866,a83f0aec-4e5c-4467-a9ab-43634b46c1f6,2026-07-02,present,8,Piazza san cosimo
0d6e22af-aba3-4fe6-b793-77fe6fb3f60b,55c515b0-f4e2-4b80-8d6f-e2755cb31866,a83f0aec-4e5c-4467-a9ab-43634b46c1f6,2026-07-03,present,8,Piazza san cosimo
ea87e32c-861b-41ce-9b3e-437ee50eda8f,55c515b0-f4e2-4b80-8d6f-e2755cb31866,a83f0aec-4e5c-4467-a9ab-43634b46c1f6,2026-07-07,present,8,Piazza san cosimo
044e8858-5f83-4505-95b9-c1c33924a3a0,55c515b0-f4e2-4b80-8d6f-e2755cb31866,a83f0aec-4e5c-4467-a9ab-43634b46c1f6,2026-07-08,present,8,Piazza san cosimo
fc1ae332-ff8a-410a-9d14-755dec861a80,55c515b0-f4e2-4b80-8d6f-e2755cb31866,a83f0aec-4e5c-4467-a9ab-43634b46c1f6,2026-07-09,present,8,Piazza san cosimo
93dea198-93fb-46a6-8e9c-b409ff2b968c,55c515b0-f4e2-4b80-8d6f-e2755cb31866,a83f0aec-4e5c-4467-a9ab-43634b46c1f6,2026-07-10,present,8,Piazza san cosimo
9cb49453-9394-4fe9-85de-9bb6417dd24e,845c647c-e807-4025-b13a-608280392d8d,a83f0aec-4e5c-4467-a9ab-43634b46c1f6,2026-07-07,present,8,Via mandrolisai
8d525c20-bb45-4c1b-91d9-df77bdc78600,845c647c-e807-4025-b13a-608280392d8d,a83f0aec-4e5c-4467-a9ab-43634b46c1f6,2026-07-08,present,8,Via mandrolisai
eddb3508-62a5-4364-b7c8-a482f915263e,845c647c-e807-4025-b13a-608280392d8d,a83f0aec-4e5c-4467-a9ab-43634b46c1f6,2026-07-09,present,8,Via mandrolisai
c63c3941-077a-4b4f-9248-661150a856e6,845c647c-e807-4025-b13a-608280392d8d,a83f0aec-4e5c-4467-a9ab-43634b46c1f6,2026-07-10,present,8,Via mandrolisai
a13ca8d7-6a46-4fa0-81af-a00302aa6b15,845c647c-e807-4025-b13a-608280392d8d,a83f0aec-4e5c-4467-a9ab-43634b46c1f6,2026-07-13,present,8,Via mandrolisai
53713d35-f300-4637-8dec-518dd686f05f,bb7725da-b5fc-4433-afd7-bad5e5179acb,a83f0aec-4e5c-4467-a9ab-43634b46c1f6,2026-07-07,present,8,Via mandrolisai
71182da7-7acb-49e6-9120-c3df7cf1b0aa,0f678138-246b-4d86-a3f0-5ce111536f02,a83f0aec-4e5c-4467-a9ab-43634b46c1f6,2026-08-03,present,8,Via mandrolisai
164f4ed8-df7a-4dbd-8efe-3d4bcd3c7e20,0dd64ca9-1964-46eb-8f97-a71315c8b1ed,a83f0aec-4e5c-4467-a9ab-43634b46c1f6,2026-09-02,sick,0,""
0474bbee-3fd0-4cc4-aac6-8285a9c8f57f,0f678138-246b-4d86-a3f0-5ce111536f02,a83f0aec-4e5c-4467-a9ab-43634b46c1f6,2026-08-04,present,8,Via mandrolisai
78249f71-fd84-4710-91a0-8b9efbfc983b,0af3ee03-5ad8-4726-81bb-ba490b621682,a83f0aec-4e5c-4467-a9ab-43634b46c1f6,2026-04-10,present,8,Via mestre
fb18a462-05cc-4a45-ba43-b6472011a926,0af3ee03-5ad8-4726-81bb-ba490b621682,a83f0aec-4e5c-4467-a9ab-43634b46c1f6,2026-04-13,present,8,Via mestre
e8a89e3c-6f17-4192-8201-3eb8f0f5bc1b,b8da2a0d-01f4-40e4-823f-d0e64c0d5a85,a83f0aec-4e5c-4467-a9ab-43634b46c1f6,2026-05-05,present,8,Viale monastir
01b89579-7909-4def-8e4e-e106615d26cc,1c0f2692-e1e4-40fe-907e-6023010d5f19,a83f0aec-4e5c-4467-a9ab-43634b46c1f6,2026-02-15,holiday,0,""
00687396-76ae-4e20-a9ec-38b8f707fa8f,b8da2a0d-01f4-40e4-823f-d0e64c0d5a85,a83f0aec-4e5c-4467-a9ab-43634b46c1f6,2026-05-10,holiday,0,""
4ac4eea9-fb8e-429b-b89c-e6af9a5870d0,1c0f2692-e1e4-40fe-907e-6023010d5f19,a83f0aec-4e5c-4467-a9ab-43634b46c1f6,2026-02-07,holiday,0,""
399232fa-9da2-447c-9ff8-8e0609f06c68,1c0f2692-e1e4-40fe-907e-6023010d5f19,a83f0aec-4e5c-4467-a9ab-43634b46c1f6,2026-02-12,present,4,Viale monastir
06e963c4-12bd-40c0-a2ab-decd8014bfed,1c0f2692-e1e4-40fe-907e-6023010d5f19,a83f0aec-4e5c-4467-a9ab-43634b46c1f6,2026-02-20,present,4,Viale monastir
2bbed4ab-b2b4-4381-b314-79f23f11908d,b8da2a0d-01f4-40e4-823f-d0e64c0d5a85,a83f0aec-4e5c-4467-a9ab-43634b46c1f6,2026-05-12,present,8,Viale monastir
8b838b3d-1ee6-49b4-8acc-0a1e4bd9c85f,b8da2a0d-01f4-40e4-823f-d0e64c0d5a85,a83f0aec-4e5c-4467-a9ab-43634b46c1f6,2026-05-13,present,8,Viale monastir
746f8927-004f-40e3-8a5e-f37e07bee140,f029e10a-9baf-4528-b950-2e10fb4d13ce,a83f0aec-4e5c-4467-a9ab-43634b46c1f6,2026-04-08,present,8,Viale monastir
6d81eb21-2603-4044-8c86-9067e417d8ec,f029e10a-9baf-4528-b950-2e10fb4d13ce,a83f0aec-4e5c-4467-a9ab-43634b46c1f6,2026-04-09,present,8,Viale monastir
0c6bc3b3-9624-4aa6-b097-9341fc010332,f029e10a-9baf-4528-b950-2e10fb4d13ce,a83f0aec-4e5c-4467-a9ab-43634b46c1f6,2026-04-10,present,8,Viale monastir
527b87d9-2021-430b-96d1-03cd561032b2,f029e10a-9baf-4528-b950-2e10fb4d13ce,a83f0aec-4e5c-4467-a9ab-43634b46c1f6,2026-04-14,present,8,Viale monastir
e68ea6d3-ba09-4a80-9f85-a808b1873a6e,a78a69df-18f8-45b2-866f-214377a09e87,a83f0aec-4e5c-4467-a9ab-43634b46c1f6,2026-04-08,present,8,Viale monastir
39f0e8ad-09c8-4f7f-9d53-8ad0cc82e6d2,a78a69df-18f8-45b2-866f-214377a09e87,a83f0aec-4e5c-4467-a9ab-43634b46c1f6,2026-04-13,present,8,Viale monastir
7e8d61cd-4dfa-4faa-a912-b7ce25a3a4b7,ed17502d-bd6a-418e-a321-b5c13b8979eb,a83f0aec-4e5c-4467-a9ab-43634b46c1f6,2026-04-09,present,8,Via mestre
a8421237-ab78-4df4-8ea6-715905be9309,ed17502d-bd6a-418e-a321-b5c13b8979eb,a83f0aec-4e5c-4467-a9ab-43634b46c1f6,2026-04-13,present,8,Via mestre
7e64a51f-0da4-4ae4-bfc2-95c8eba04a48,ed17502d-bd6a-418e-a321-b5c13b8979eb,a83f0aec-4e5c-4467-a9ab-43634b46c1f6,2026-04-14,present,8,Via mestre
dbddebcb-31cd-419c-adcf-05755c64f1d4,33872abe-802f-47d0-8614-f4d206fff08f,a83f0aec-4e5c-4467-a9ab-43634b46c1f6,2026-05-03,holiday,0,""
910c6a4e-6219-4a05-88e8-b2c58d41c08c,33872abe-802f-47d0-8614-f4d206fff08f,a83f0aec-4e5c-4467-a9ab-43634b46c1f6,2026-05-13,present,8,Viale monastir
4c0038a1-b36a-49bb-9c4f-6a763e56554d,33872abe-802f-47d0-8614-f4d206fff08f,a83f0aec-4e5c-4467-a9ab-43634b46c1f6,2026-05-19,present,8,Viale monastir
660b53fc-1eb5-474a-ab05-4ccefce34b1e,33872abe-802f-47d0-8614-f4d206fff08f,a83f0aec-4e5c-4467-a9ab-43634b46c1f6,2026-05-20,present,8,Viale monastir
380c78f7-a9b0-4329-a0e6-e9cf31485da3,33872abe-802f-47d0-8614-f4d206fff08f,a83f0aec-4e5c-4467-a9ab-43634b46c1f6,2026-05-21,present,8,Viale monastir
22d66cf8-a054-480c-8e68-b56bd1bc13a8,33872abe-802f-47d0-8614-f4d206fff08f,a83f0aec-4e5c-4467-a9ab-43634b46c1f6,2026-05-22,present,8,Viale monastir
223a8fae-690f-4fa8-9ff4-b5e1e446119f,33872abe-802f-47d0-8614-f4d206fff08f,a83f0aec-4e5c-4467-a9ab-43634b46c1f6,2026-05-28,present,8,Viale monastir
937d19c3-cbb3-4574-be69-78357628e33e,b8da2a0d-01f4-40e4-823f-d0e64c0d5a85,a83f0aec-4e5c-4467-a9ab-43634b46c1f6,2026-05-14,present,8,Viale monastir
c53f7240-6ad5-473c-a85c-27fb328463cb,b8da2a0d-01f4-40e4-823f-d0e64c0d5a85,a83f0aec-4e5c-4467-a9ab-43634b46c1f6,2026-05-19,present,8,Via mandrolisai
409bc673-7c12-4255-9bfe-82f407e63f17,2f76e93b-41a3-4e8b-8741-8b3e03d8db85,a83f0aec-4e5c-4467-a9ab-43634b46c1f6,2026-05-29,present,8,Via monte grappa
da7d8520-726a-4202-8e83-bdc8a6587aa2,b8da2a0d-01f4-40e4-823f-d0e64c0d5a85,a83f0aec-4e5c-4467-a9ab-43634b46c1f6,2026-05-28,present,8,Via mandrolisai
52508d73-0105-48df-87df-587ba40e7a0d,55c515b0-f4e2-4b80-8d6f-e2755cb31866,a83f0aec-4e5c-4467-a9ab-43634b46c1f6,2026-05-06,present,8,Via mestre
6df301f1-a2a3-4c42-b0ad-a9d2f8bc264d,55c515b0-f4e2-4b80-8d6f-e2755cb31866,a83f0aec-4e5c-4467-a9ab-43634b46c1f6,2026-05-18,present,8,Via mestre
c0f2b545-36b9-4cc1-913d-9f9620d7c35a,55c515b0-f4e2-4b80-8d6f-e2755cb31866,a83f0aec-4e5c-4467-a9ab-43634b46c1f6,2026-05-21,present,8,Via mestre
2fdced3e-b590-4e6d-afee-5acea855d194,55c515b0-f4e2-4b80-8d6f-e2755cb31866,a83f0aec-4e5c-4467-a9ab-43634b46c1f6,2026-05-29,present,8,Via mestre
5cebc955-d2bd-4e27-bbd6-5ce2a3366a7c,a335efe4-d86c-4f3f-a2a1-b4abc123d167,a83f0aec-4e5c-4467-a9ab-43634b46c1f6,2026-05-04,present,8,Via giotto
dc3a2a48-6974-42cb-9885-46e32939dcb8,a335efe4-d86c-4f3f-a2a1-b4abc123d167,a83f0aec-4e5c-4467-a9ab-43634b46c1f6,2026-05-05,present,8,Via giotto
876b1641-3149-471e-9f84-ecda376605e5,a335efe4-d86c-4f3f-a2a1-b4abc123d167,a83f0aec-4e5c-4467-a9ab-43634b46c1f6,2026-05-06,present,8,Via giotto
82bace77-c758-4b54-bf76-fdf3795150da,ed36110d-a2cf-4a88-91c7-0d23f758cd4c,a83f0aec-4e5c-4467-a9ab-43634b46c1f6,2026-05-29,present,8,Via fadda/alghero
cd77fa8f-9e0d-4efd-885c-b60a32c5ba40,a335efe4-d86c-4f3f-a2a1-b4abc123d167,a83f0aec-4e5c-4467-a9ab-43634b46c1f6,2026-05-12,present,8,Via giotto
6e0d64eb-e961-42ed-a0b6-c6a04ccce8be,a335efe4-d86c-4f3f-a2a1-b4abc123d167,a83f0aec-4e5c-4467-a9ab-43634b46c1f6,2026-05-13,present,8,Via giotto
6cf921e3-bb63-4748-9a77-a912ca065f0e,a335efe4-d86c-4f3f-a2a1-b4abc123d167,a83f0aec-4e5c-4467-a9ab-43634b46c1f6,2026-05-14,present,8,Via giotto
383a1da7-e850-46f6-b578-fc4cd809b0ef,ed17502d-bd6a-418e-a321-b5c13b8979eb,a83f0aec-4e5c-4467-a9ab-43634b46c1f6,2026-05-29,present,8,Via mandrolisai
ccff6e01-1a76-4897-a527-d8ebde9f7f96,cff16040-6983-48f2-b49c-1fa06f131879,a83f0aec-4e5c-4467-a9ab-43634b46c1f6,2026-05-29,present,8,Via copernico
e8fddb45-eed7-4eeb-b7ba-9fccb72b803b,07cba65e-e2f7-495c-8b24-2192173054a0,a83f0aec-4e5c-4467-a9ab-43634b46c1f6,2026-05-29,present,8,Via fadda/alghero
5655e132-8e13-4ca2-aeb9-5ad89c805979,33872abe-802f-47d0-8614-f4d206fff08f,a83f0aec-4e5c-4467-a9ab-43634b46c1f6,2026-06-03,present,8,Via mandrolisai
437c9e9e-4664-4206-801e-7b1e48a150b1,33872abe-802f-47d0-8614-f4d206fff08f,a83f0aec-4e5c-4467-a9ab-43634b46c1f6,2026-06-04,present,8,Via mandrolisai
342b0447-aedb-4f1d-910a-e757bf086402,33872abe-802f-47d0-8614-f4d206fff08f,a83f0aec-4e5c-4467-a9ab-43634b46c1f6,2026-06-08,present,8,Via mandrolisai
043c3380-46df-4e3d-8276-b45bf68ffa58,33872abe-802f-47d0-8614-f4d206fff08f,a83f0aec-4e5c-4467-a9ab-43634b46c1f6,2026-06-09,present,8,Via mandrolisai
cc719bb0-350a-4b42-8ee6-96ddccecfb5f,33872abe-802f-47d0-8614-f4d206fff08f,a83f0aec-4e5c-4467-a9ab-43634b46c1f6,2026-06-10,present,8,Via mandrolisai
8ee20ceb-5603-43d5-8804-0e577c068b34,33872abe-802f-47d0-8614-f4d206fff08f,a83f0aec-4e5c-4467-a9ab-43634b46c1f6,2026-06-11,present,8,Via mandrolisai
04a0dde4-742f-4a08-aad8-1e9977b8621b,33872abe-802f-47d0-8614-f4d206fff08f,a83f0aec-4e5c-4467-a9ab-43634b46c1f6,2026-06-12,present,8,Via mandrolisai
90f55f23-aef8-4016-ab91-36a7c1dfa8ee,f029e10a-9baf-4528-b950-2e10fb4d13ce,a83f0aec-4e5c-4467-a9ab-43634b46c1f6,2026-06-29,present,8,via mestre
a6c02058-c403-4708-b562-69938ea04f03,0af3ee03-5ad8-4726-81bb-ba490b621682,a83f0aec-4e5c-4467-a9ab-43634b46c1f6,2026-06-03,present,8,Via mandrolisai
617facf9-b9a2-4b24-b020-c5ead6fa0280,0af3ee03-5ad8-4726-81bb-ba490b621682,a83f0aec-4e5c-4467-a9ab-43634b46c1f6,2026-06-04,present,8,Via mandrolisai
dceea0de-555a-4f48-820b-c05e7254d28c,bd23f301-51a8-4e05-a640-c66306e27ef6,a83f0aec-4e5c-4467-a9ab-43634b46c1f6,2026-06-01,present,8,Via mandrolisai
d41cf2ad-c632-4cd1-a312-41d390973906,bd23f301-51a8-4e05-a640-c66306e27ef6,a83f0aec-4e5c-4467-a9ab-43634b46c1f6,2026-06-04,present,8,Via mandrolisai
f574c7cf-cacc-4a6c-9f0d-f135574501a9,bd23f301-51a8-4e05-a640-c66306e27ef6,a83f0aec-4e5c-4467-a9ab-43634b46c1f6,2026-06-18,present,8,Via mandrolisai
22c33081-d6c9-4748-b2b4-4573aaf602c8,bd23f301-51a8-4e05-a640-c66306e27ef6,a83f0aec-4e5c-4467-a9ab-43634b46c1f6,2026-06-26,present,8,Via mandrolisai
d3b538a5-168c-42e6-92a6-ccc179165bc7,bd23f301-51a8-4e05-a640-c66306e27ef6,a83f0aec-4e5c-4467-a9ab-43634b46c1f6,2026-06-19,present,8,Via mandrolisai
1f4d7eda-a5d0-40ff-99cb-c96dd45c2cd6,bd23f301-51a8-4e05-a640-c66306e27ef6,a83f0aec-4e5c-4467-a9ab-43634b46c1f6,2026-06-25,present,8,Via mandrolisai
738113fd-4146-42b4-96d8-292f7a4b1eda,bd23f301-51a8-4e05-a640-c66306e27ef6,a83f0aec-4e5c-4467-a9ab-43634b46c1f6,2026-06-30,present,8,Via mandrolisai
6635fc3d-d36d-4705-9a71-9efeb897b0b9,bd23f301-51a8-4e05-a640-c66306e27ef6,a83f0aec-4e5c-4467-a9ab-43634b46c1f6,2026-06-29,present,8,Via mandrolisai
102524ce-c07b-4611-8a01-36e59651f5c3,1c0f2692-e1e4-40fe-907e-6023010d5f19,a83f0aec-4e5c-4467-a9ab-43634b46c1f6,2026-06-03,present,4,Via mestre
8a4ff64a-a42d-4dc9-ba7a-5fc0213e30ac,1c0f2692-e1e4-40fe-907e-6023010d5f19,a83f0aec-4e5c-4467-a9ab-43634b46c1f6,2026-06-05,present,4,Via mestre
a3ecab35-fbf2-4e0c-acc2-46c61d3d0674,1c0f2692-e1e4-40fe-907e-6023010d5f19,a83f0aec-4e5c-4467-a9ab-43634b46c1f6,2026-06-08,present,4,Via mestre
bc5ae8b5-8962-4859-8bef-ba80b768ae9c,1c0f2692-e1e4-40fe-907e-6023010d5f19,a83f0aec-4e5c-4467-a9ab-43634b46c1f6,2026-06-12,present,4,Via mestre
945fa10e-ba5f-416d-aad3-f34042d17213,1c0f2692-e1e4-40fe-907e-6023010d5f19,a83f0aec-4e5c-4467-a9ab-43634b46c1f6,2026-06-15,present,4,Via mestre
f147d0de-2d45-4689-b719-84fac308d0ac,a78a69df-18f8-45b2-866f-214377a09e87,a83f0aec-4e5c-4467-a9ab-43634b46c1f6,2026-04-09,present,8,Viale monastir
66e2af6d-5b77-4376-acdf-26d445dae658,a78a69df-18f8-45b2-866f-214377a09e87,a83f0aec-4e5c-4467-a9ab-43634b46c1f6,2026-04-10,present,8,Viale monastir
4274399b-f8bd-4c9e-9ea2-dc9633429b2b,1c0f2692-e1e4-40fe-907e-6023010d5f19,a83f0aec-4e5c-4467-a9ab-43634b46c1f6,2026-02-01,holiday,0,""
cecd9f9e-59c4-4760-b5b2-e63fa61dfc1b,1c0f2692-e1e4-40fe-907e-6023010d5f19,a83f0aec-4e5c-4467-a9ab-43634b46c1f6,2026-02-05,present,4,Viale monastir
a1086e03-ef2b-4a44-a12b-72f11244aa6a,ed17502d-bd6a-418e-a321-b5c13b8979eb,a83f0aec-4e5c-4467-a9ab-43634b46c1f6,2026-04-08,present,8,Via mestre
b31c634d-8593-4350-a611-cac4051cbe20,ed17502d-bd6a-418e-a321-b5c13b8979eb,a83f0aec-4e5c-4467-a9ab-43634b46c1f6,2026-04-10,present,8,Via mestre
eb1662a5-9db8-481c-8f2f-4cb97eaf3b90,a78a69df-18f8-45b2-866f-214377a09e87,a83f0aec-4e5c-4467-a9ab-43634b46c1f6,2026-04-14,present,8,Viale monastir
1e7583d8-13ba-44d7-aa8c-2bcc03909ba3,33872abe-802f-47d0-8614-f4d206fff08f,a83f0aec-4e5c-4467-a9ab-43634b46c1f6,2026-05-04,present,8,Viale monastir
6769238b-faad-4b4b-9ed2-b043cec5e9c5,33872abe-802f-47d0-8614-f4d206fff08f,a83f0aec-4e5c-4467-a9ab-43634b46c1f6,2026-05-06,present,8,Viale monastir
f776d9b5-46fe-46a2-81a7-0aa4991fa698,33872abe-802f-47d0-8614-f4d206fff08f,a83f0aec-4e5c-4467-a9ab-43634b46c1f6,2026-05-07,present,8,Viale monastir
73cf0b9e-f6af-4e0c-9df0-4c0d92f3631a,33872abe-802f-47d0-8614-f4d206fff08f,a83f0aec-4e5c-4467-a9ab-43634b46c1f6,2026-05-11,present,8,Viale monastir
c374eb3f-a710-4f51-9846-91c2150df83e,33872abe-802f-47d0-8614-f4d206fff08f,a83f0aec-4e5c-4467-a9ab-43634b46c1f6,2026-05-18,present,8,Viale monastir
11d8c90f-cdc1-4f20-95f4-23205d26ddf4,33872abe-802f-47d0-8614-f4d206fff08f,a83f0aec-4e5c-4467-a9ab-43634b46c1f6,2026-05-25,present,8,Viale monastir
da5b3f47-fa42-4635-b82d-25c8b1aeda73,33872abe-802f-47d0-8614-f4d206fff08f,a83f0aec-4e5c-4467-a9ab-43634b46c1f6,2026-05-27,present,8,Viale monastir
6b6ef975-409d-40f4-bcc2-df69f718168e,b8da2a0d-01f4-40e4-823f-d0e64c0d5a85,a83f0aec-4e5c-4467-a9ab-43634b46c1f6,2026-05-08,present,8,Viale monastir
d33207dc-e7ff-4c27-ad42-4a8986a54e38,1c0f2692-e1e4-40fe-907e-6023010d5f19,a83f0aec-4e5c-4467-a9ab-43634b46c1f6,2026-05-04,present,4,Via dante
ec47f468-8065-40a9-9c12-fb834b7eda23,1c0f2692-e1e4-40fe-907e-6023010d5f19,a83f0aec-4e5c-4467-a9ab-43634b46c1f6,2026-08-07,present,4,Via mandrolisai
2b14b780-1c89-4fd6-8a07-53b44ca36190,1c0f2692-e1e4-40fe-907e-6023010d5f19,a83f0aec-4e5c-4467-a9ab-43634b46c1f6,2026-05-06,present,4,Via dante
4a09aad6-d268-4a8d-a967-b94769310abb,a335efe4-d86c-4f3f-a2a1-b4abc123d167,a83f0aec-4e5c-4467-a9ab-43634b46c1f6,2026-08-05,present,8,Via copernico
6d0c56f2-ee6a-4fbf-a7ca-0cb1a33bcdf9,b8da2a0d-01f4-40e4-823f-d0e64c0d5a85,a83f0aec-4e5c-4467-a9ab-43634b46c1f6,2026-05-09,holiday,0,""
b9140308-d720-4433-b9d9-9e80fdf35657,b8da2a0d-01f4-40e4-823f-d0e64c0d5a85,a83f0aec-4e5c-4467-a9ab-43634b46c1f6,2026-05-22,present,8,Via mandrolisai
1e9ac2ea-5f5e-482f-8df3-42cae9168567,55c515b0-f4e2-4b80-8d6f-e2755cb31866,a83f0aec-4e5c-4467-a9ab-43634b46c1f6,2026-05-04,present,8,Via mestre
698f29a4-2a0b-4ef8-83b4-d8ae162a28cd,55c515b0-f4e2-4b80-8d6f-e2755cb31866,a83f0aec-4e5c-4467-a9ab-43634b46c1f6,2026-05-15,present,8,Via mestre
2ad13332-305a-4eef-8e2c-7716691ba682,55c515b0-f4e2-4b80-8d6f-e2755cb31866,a83f0aec-4e5c-4467-a9ab-43634b46c1f6,2026-05-19,present,8,Via mestre
5ea35c33-6081-4adb-bf98-c292981fe2d0,55c515b0-f4e2-4b80-8d6f-e2755cb31866,a83f0aec-4e5c-4467-a9ab-43634b46c1f6,2026-05-20,present,8,Via mestre
6dc8e2f3-153e-4bb4-9114-0a818aecdf72,55c515b0-f4e2-4b80-8d6f-e2755cb31866,a83f0aec-4e5c-4467-a9ab-43634b46c1f6,2026-05-22,present,8,Via mestre
602a3eb3-ef7e-4fb4-990a-3ce62d795461,55c515b0-f4e2-4b80-8d6f-e2755cb31866,a83f0aec-4e5c-4467-a9ab-43634b46c1f6,2026-05-27,present,8,Via mestre
92b68f42-d51d-4d89-9d67-297d90e498cb,55c515b0-f4e2-4b80-8d6f-e2755cb31866,a83f0aec-4e5c-4467-a9ab-43634b46c1f6,2026-05-28,present,8,Via mestre
19bbade6-e71c-4baf-8c0c-871f22987c27,0af3ee03-5ad8-4726-81bb-ba490b621682,a83f0aec-4e5c-4467-a9ab-43634b46c1f6,2026-06-08,present,8,Via mandrolisai
508b68ef-6dc3-447f-91cf-8b8cc0775f99,a335efe4-d86c-4f3f-a2a1-b4abc123d167,a83f0aec-4e5c-4467-a9ab-43634b46c1f6,2026-05-07,present,8,Via giotto
ac1da180-622f-4476-86cf-76873e3aad0f,a335efe4-d86c-4f3f-a2a1-b4abc123d167,a83f0aec-4e5c-4467-a9ab-43634b46c1f6,2026-05-08,present,8,Via giotto
fea9e43e-01bd-4015-86cd-4a741133a10a,0af3ee03-5ad8-4726-81bb-ba490b621682,a83f0aec-4e5c-4467-a9ab-43634b46c1f6,2026-06-24,present,8,Via mandrolisai
af49a5ca-1b75-4a20-b586-bf65153afd22,a335efe4-d86c-4f3f-a2a1-b4abc123d167,a83f0aec-4e5c-4467-a9ab-43634b46c1f6,2026-05-11,present,8,Via giotto
ef6e96e0-5f58-463d-936c-9a0713d6607d,a335efe4-d86c-4f3f-a2a1-b4abc123d167,a83f0aec-4e5c-4467-a9ab-43634b46c1f6,2026-05-18,present,8,""
931a24d8-7654-4156-948d-c64418bfdaab,a335efe4-d86c-4f3f-a2a1-b4abc123d167,a83f0aec-4e5c-4467-a9ab-43634b46c1f6,2026-08-04,present,8,Via copernico
88767be2-5044-498e-87e6-4ededb87e8d0,0af3ee03-5ad8-4726-81bb-ba490b621682,a83f0aec-4e5c-4467-a9ab-43634b46c1f6,2026-06-09,present,8,Via mandrolisai
11a8fcb5-6140-4b4e-bc4a-58d849a8230b,0af3ee03-5ad8-4726-81bb-ba490b621682,a83f0aec-4e5c-4467-a9ab-43634b46c1f6,2026-06-12,present,8,Via mandrolisai
5dd38793-6f74-46ba-9ba7-7efabb159aca,a335efe4-d86c-4f3f-a2a1-b4abc123d167,a83f0aec-4e5c-4467-a9ab-43634b46c1f6,2026-08-06,present,8,Via copernico
ae76cfe1-9ab7-41a9-a2eb-4c2c59c32044,cff16040-6983-48f2-b49c-1fa06f131879,a83f0aec-4e5c-4467-a9ab-43634b46c1f6,2026-08-03,present,8,Via bosco cappuccio
cd8ef47e-ba24-4743-92fb-162675b21757,cff16040-6983-48f2-b49c-1fa06f131879,a83f0aec-4e5c-4467-a9ab-43634b46c1f6,2026-08-04,present,8,Via bosco cappuccio
71efa326-07e3-4069-820a-bc4a4223540d,cff16040-6983-48f2-b49c-1fa06f131879,a83f0aec-4e5c-4467-a9ab-43634b46c1f6,2026-08-05,present,8,Via bosco cappuccio
727bf841-05a3-45e8-b5c0-212a78378cd1,cff16040-6983-48f2-b49c-1fa06f131879,a83f0aec-4e5c-4467-a9ab-43634b46c1f6,2026-08-07,present,8,Via bosco cappuccio
fc67488b-8077-4481-ad64-559128ba1c5c,0af3ee03-5ad8-4726-81bb-ba490b621682,a83f0aec-4e5c-4467-a9ab-43634b46c1f6,2026-06-15,present,8,Via mandrolisai
2658014c-7adf-4701-8f3a-a4dba2c5d50d,0af3ee03-5ad8-4726-81bb-ba490b621682,a83f0aec-4e5c-4467-a9ab-43634b46c1f6,2026-06-16,present,8,Via mandrolisai
984da2c9-19c2-4a5e-b657-63ddc7f1ac8a,0af3ee03-5ad8-4726-81bb-ba490b621682,a83f0aec-4e5c-4467-a9ab-43634b46c1f6,2026-06-17,present,8,Via mandrolisai
4e27159e-338c-4b07-ad49-f9bf386315f8,0af3ee03-5ad8-4726-81bb-ba490b621682,a83f0aec-4e5c-4467-a9ab-43634b46c1f6,2026-06-18,present,8,Via mandrolisai
337e91b3-d7c9-44c0-8110-0302abaa3f21,0af3ee03-5ad8-4726-81bb-ba490b621682,a83f0aec-4e5c-4467-a9ab-43634b46c1f6,2026-06-19,present,8,Via mandrolisai
2323dc35-811c-435c-bc42-d745eec9772e,0af3ee03-5ad8-4726-81bb-ba490b621682,a83f0aec-4e5c-4467-a9ab-43634b46c1f6,2026-06-22,present,8,Via mandrolisai
84140166-6394-4e1a-ba64-36f797b4acba,0af3ee03-5ad8-4726-81bb-ba490b621682,a83f0aec-4e5c-4467-a9ab-43634b46c1f6,2026-06-23,present,8,Via mandrolisai
bd55747f-40ae-4803-89c4-2c26b982146d,0af3ee03-5ad8-4726-81bb-ba490b621682,a83f0aec-4e5c-4467-a9ab-43634b46c1f6,2026-06-25,present,8,Via mandrolisai
9d491c64-198c-4777-9fb7-236b86f15644,0af3ee03-5ad8-4726-81bb-ba490b621682,a83f0aec-4e5c-4467-a9ab-43634b46c1f6,2026-06-26,present,8,Via mandrolisai
dc49a7b7-09bb-4680-85c7-254722ee9a4d,0af3ee03-5ad8-4726-81bb-ba490b621682,a83f0aec-4e5c-4467-a9ab-43634b46c1f6,2026-06-29,present,8,Via mandrolisai
46a4b537-345d-40a9-a3e5-a89f40a08dec,0af3ee03-5ad8-4726-81bb-ba490b621682,a83f0aec-4e5c-4467-a9ab-43634b46c1f6,2026-06-30,present,8,Via mandrolisai
5a84ae9a-22db-4650-b3b7-70d14a0006b3,f029e10a-9baf-4528-b950-2e10fb4d13ce,a83f0aec-4e5c-4467-a9ab-43634b46c1f6,2026-06-09,present,8,via mestre
7c512bf9-bff3-4f70-8a02-5f71f96299be,f029e10a-9baf-4528-b950-2e10fb4d13ce,a83f0aec-4e5c-4467-a9ab-43634b46c1f6,2026-06-25,present,8,via mestre
9993660b-432c-4ec7-8a3e-9b20ee1f4dfb,f029e10a-9baf-4528-b950-2e10fb4d13ce,a83f0aec-4e5c-4467-a9ab-43634b46c1f6,2026-06-03,present,8,via mestre
52bb7bda-fd0a-43a8-87af-4e010085dd94,f029e10a-9baf-4528-b950-2e10fb4d13ce,a83f0aec-4e5c-4467-a9ab-43634b46c1f6,2026-06-18,present,8,via mestre
a44b9c99-f8bc-4f12-8cad-2b8e92fb52b7,f029e10a-9baf-4528-b950-2e10fb4d13ce,a83f0aec-4e5c-4467-a9ab-43634b46c1f6,2026-06-26,present,8,via mestre
9bab49f6-8c86-4fed-9914-bac99b803ff4,f029e10a-9baf-4528-b950-2e10fb4d13ce,a83f0aec-4e5c-4467-a9ab-43634b46c1f6,2026-06-30,present,8,via mestre
39531282-6a55-42d4-89f3-22c7bb3d45c9,0dd64ca9-1964-46eb-8f97-a71315c8b1ed,a83f0aec-4e5c-4467-a9ab-43634b46c1f6,2026-08-05,present,8,Via copernico
408d0ceb-01cd-4731-81b1-32f12a536195,f029e10a-9baf-4528-b950-2e10fb4d13ce,a83f0aec-4e5c-4467-a9ab-43634b46c1f6,2026-06-05,present,8,via mestre
c709e770-0678-4648-829e-094b2fe1316b,f029e10a-9baf-4528-b950-2e10fb4d13ce,a83f0aec-4e5c-4467-a9ab-43634b46c1f6,2026-06-01,present,8,via mestre
56e0f87a-020d-49c0-beda-ce6ae778947d,f029e10a-9baf-4528-b950-2e10fb4d13ce,a83f0aec-4e5c-4467-a9ab-43634b46c1f6,2026-06-08,present,8,via mestre
da07df16-b323-45a4-b4bb-ba7bd992db39,f029e10a-9baf-4528-b950-2e10fb4d13ce,a83f0aec-4e5c-4467-a9ab-43634b46c1f6,2026-06-15,present,8,via mestre
0915024d-bd95-4eb3-823a-70e892d1b1d5,a78a69df-18f8-45b2-866f-214377a09e87,a83f0aec-4e5c-4467-a9ab-43634b46c1f6,2026-06-01,present,8,Via mestre
d4d791ee-7f6b-43a0-8617-996ace8c62db,a78a69df-18f8-45b2-866f-214377a09e87,a83f0aec-4e5c-4467-a9ab-43634b46c1f6,2026-06-15,present,8,Via mestre
5b2fc080-e722-49d9-9917-411ce1fc5a14,b667d9a9-f058-4fd7-90bf-62cdef8d5672,a83f0aec-4e5c-4467-a9ab-43634b46c1f6,2026-08-04,present,8,Via bosco cappuccio
978dd9e1-7046-4a28-b190-0badc5425379,1c0f2692-e1e4-40fe-907e-6023010d5f19,a83f0aec-4e5c-4467-a9ab-43634b46c1f6,2026-02-14,holiday,0,""
edc6923c-6d69-47bd-8bdf-d1a59a8000bc,1c0f2692-e1e4-40fe-907e-6023010d5f19,a83f0aec-4e5c-4467-a9ab-43634b46c1f6,2026-02-08,holiday,0,""
8c177c0c-a98c-4f59-b5eb-71dee0a4fef6,0af3ee03-5ad8-4726-81bb-ba490b621682,a83f0aec-4e5c-4467-a9ab-43634b46c1f6,2026-02-19,present,5,Via mestre
6dcaf727-3e9c-4e39-83d3-b437007f044a,33872abe-802f-47d0-8614-f4d206fff08f,a83f0aec-4e5c-4467-a9ab-43634b46c1f6,2026-03-28,sick,0,""
7edc763e-7e6c-45cc-bc72-57a1a1558ae4,bd23f301-51a8-4e05-a640-c66306e27ef6,a83f0aec-4e5c-4467-a9ab-43634b46c1f6,2026-02-02,present,8,Via mestre 
b9a804ac-64fb-437f-8160-527f643aef62,bd23f301-51a8-4e05-a640-c66306e27ef6,a83f0aec-4e5c-4467-a9ab-43634b46c1f6,2026-02-03,present,8,Via mestre
f31855ca-4884-4738-8d12-c0f09c160e99,bd23f301-51a8-4e05-a640-c66306e27ef6,a83f0aec-4e5c-4467-a9ab-43634b46c1f6,2026-02-04,present,8,Via mestre
5b9132a7-6304-481a-a444-a38f1f1e41b8,bd23f301-51a8-4e05-a640-c66306e27ef6,a83f0aec-4e5c-4467-a9ab-43634b46c1f6,2026-02-05,present,8,Via mestre
b88c1272-2f67-49fc-a5e4-be49529f52e6,bd23f301-51a8-4e05-a640-c66306e27ef6,a83f0aec-4e5c-4467-a9ab-43634b46c1f6,2026-02-06,present,8,Via mestre
f40ae934-f8a6-483a-b58f-254d8d8f34d2,bd23f301-51a8-4e05-a640-c66306e27ef6,a83f0aec-4e5c-4467-a9ab-43634b46c1f6,2026-02-09,present,8,Via mestre
e4214038-ea5e-4ca7-b7d3-ead82ccdac23,bd23f301-51a8-4e05-a640-c66306e27ef6,a83f0aec-4e5c-4467-a9ab-43634b46c1f6,2026-02-10,present,8,Via mestre
a3fd53cb-b920-4c92-ac0d-2f2c968a571b,bd23f301-51a8-4e05-a640-c66306e27ef6,a83f0aec-4e5c-4467-a9ab-43634b46c1f6,2026-02-11,present,8,Via mestre
aa5e3a50-ed1e-403d-bee4-d61cc12f2ede,bd23f301-51a8-4e05-a640-c66306e27ef6,a83f0aec-4e5c-4467-a9ab-43634b46c1f6,2026-02-12,present,8,Via mestre
b0488d28-5f34-4af5-8f34-cc3bef5427ad,bd23f301-51a8-4e05-a640-c66306e27ef6,a83f0aec-4e5c-4467-a9ab-43634b46c1f6,2026-02-13,present,8,Via mestre
e2c44dad-863c-447d-b29d-f4a2db2bbe87,bd23f301-51a8-4e05-a640-c66306e27ef6,a83f0aec-4e5c-4467-a9ab-43634b46c1f6,2026-02-16,present,8,Via mestre
f40f94a6-08de-486b-8d77-c24cd6d04dd5,bd23f301-51a8-4e05-a640-c66306e27ef6,a83f0aec-4e5c-4467-a9ab-43634b46c1f6,2026-02-17,present,8,Via mestre
85d91a88-a741-493e-a01e-29038d677edb,bd23f301-51a8-4e05-a640-c66306e27ef6,a83f0aec-4e5c-4467-a9ab-43634b46c1f6,2026-02-18,present,8,Via mestre
f28a4488-9d9f-490a-b91b-d56b15f6c274,bd23f301-51a8-4e05-a640-c66306e27ef6,a83f0aec-4e5c-4467-a9ab-43634b46c1f6,2026-02-19,present,8,Via mestre
5d60b920-d669-4553-b792-5fa8b4d567b5,bd23f301-51a8-4e05-a640-c66306e27ef6,a83f0aec-4e5c-4467-a9ab-43634b46c1f6,2026-02-20,present,8,Via mestre
245615f1-303d-4f54-a869-a9ca90b68261,0af3ee03-5ad8-4726-81bb-ba490b621682,a83f0aec-4e5c-4467-a9ab-43634b46c1f6,2026-02-02,present,8,Via mestre
f0bf11e7-afc3-4050-b48a-10e0a15c9b2b,0af3ee03-5ad8-4726-81bb-ba490b621682,a83f0aec-4e5c-4467-a9ab-43634b46c1f6,2026-02-03,present,8,Via mestre
4127413d-dc35-474c-8d81-4c107942d4cd,0af3ee03-5ad8-4726-81bb-ba490b621682,a83f0aec-4e5c-4467-a9ab-43634b46c1f6,2026-02-04,present,8,Via mestre
bc6ea06a-7f16-4382-acfd-86097787de1c,0af3ee03-5ad8-4726-81bb-ba490b621682,a83f0aec-4e5c-4467-a9ab-43634b46c1f6,2026-02-05,present,8,Via mestre
22c035fd-2394-4cae-8896-de94e8ac2a24,0af3ee03-5ad8-4726-81bb-ba490b621682,a83f0aec-4e5c-4467-a9ab-43634b46c1f6,2026-02-06,present,8,Via mestre
73548cca-5e89-4cdf-bd22-fbd13fe89577,0af3ee03-5ad8-4726-81bb-ba490b621682,a83f0aec-4e5c-4467-a9ab-43634b46c1f6,2026-02-09,present,8,Via mestre
a6a3b486-1325-4621-ba3b-d0c70b8f7ca7,0af3ee03-5ad8-4726-81bb-ba490b621682,a83f0aec-4e5c-4467-a9ab-43634b46c1f6,2026-02-20,present,8,Via mestre
5c2daab8-d319-4bfe-9e04-66f566571224,0af3ee03-5ad8-4726-81bb-ba490b621682,a83f0aec-4e5c-4467-a9ab-43634b46c1f6,2026-02-10,present,2,Via mestre
44b79d3a-6f11-4184-939e-5cb2e5e66728,0af3ee03-5ad8-4726-81bb-ba490b621682,a83f0aec-4e5c-4467-a9ab-43634b46c1f6,2026-02-11,present,8,Via mestre
4b1fac96-0868-4849-8916-929ebf0c4b41,0af3ee03-5ad8-4726-81bb-ba490b621682,a83f0aec-4e5c-4467-a9ab-43634b46c1f6,2026-02-12,present,8,Via mestre
72997fad-207d-418a-b190-64c01cd5d08b,0af3ee03-5ad8-4726-81bb-ba490b621682,a83f0aec-4e5c-4467-a9ab-43634b46c1f6,2026-02-13,present,8,Via mestre
e8dd1bb7-7d52-45b1-a16f-7a7bfbeb289b,0af3ee03-5ad8-4726-81bb-ba490b621682,a83f0aec-4e5c-4467-a9ab-43634b46c1f6,2026-02-16,present,8,Via mestre
eb43903d-7e49-4f97-9c71-13f55723c4c3,0af3ee03-5ad8-4726-81bb-ba490b621682,a83f0aec-4e5c-4467-a9ab-43634b46c1f6,2026-02-17,present,8,Via mestre
c3fef9fb-6698-4508-bc8b-b762b0339b6c,0af3ee03-5ad8-4726-81bb-ba490b621682,a83f0aec-4e5c-4467-a9ab-43634b46c1f6,2026-02-18,present,8,Via mestre
a90f145a-eb7c-4316-97ea-85dae71b7a69,a335efe4-d86c-4f3f-a2a1-b4abc123d167,a83f0aec-4e5c-4467-a9ab-43634b46c1f6,2026-05-19,present,8,Via giotto
2c3d0489-11a9-4d06-9b2d-e2bf74e189a1,be17adcf-4219-4796-958f-51e2b5e0cf92,a83f0aec-4e5c-4467-a9ab-43634b46c1f6,2026-08-03,present,8,Via bosco cappuccio
61a6805d-be63-4837-9530-a480fef20a60,07cba65e-e2f7-495c-8b24-2192173054a0,a83f0aec-4e5c-4467-a9ab-43634b46c1f6,2026-08-05,present,8,Via fadda/alghero
5bb70ed4-1500-4bca-85ca-c0d032f74151,be17adcf-4219-4796-958f-51e2b5e0cf92,a83f0aec-4e5c-4467-a9ab-43634b46c1f6,2026-08-05,present,8,Via bosco cappuccio
02bd2cdd-cfb3-4bee-89c0-88cb2e7578f6,be17adcf-4219-4796-958f-51e2b5e0cf92,a83f0aec-4e5c-4467-a9ab-43634b46c1f6,2026-08-04,present,8,Via bosco cappuccio
96fa9147-0163-4ce3-9f55-d84310d5a4e1,0af3ee03-5ad8-4726-81bb-ba490b621682,a83f0aec-4e5c-4467-a9ab-43634b46c1f6,2026-06-10,present,8,Via mandrolisai
89c95b6e-4fc8-4a05-96f1-b9792cdf755b,0af3ee03-5ad8-4726-81bb-ba490b621682,a83f0aec-4e5c-4467-a9ab-43634b46c1f6,2026-06-11,present,8,Via mandrolisai
80dd84a0-147d-40b4-ab1c-90004d9cd84d,f029e10a-9baf-4528-b950-2e10fb4d13ce,a83f0aec-4e5c-4467-a9ab-43634b46c1f6,2026-06-12,present,8,via mestre
aa66df00-fc51-4c16-ab81-d76ed56d1446,f029e10a-9baf-4528-b950-2e10fb4d13ce,a83f0aec-4e5c-4467-a9ab-43634b46c1f6,2026-06-17,present,8,via mestre
4d74e23c-4fc4-4b11-a5e4-6dc4e05a5375,f029e10a-9baf-4528-b950-2e10fb4d13ce,a83f0aec-4e5c-4467-a9ab-43634b46c1f6,2026-06-19,present,8,via mestre
e2290986-ad02-4a4c-9607-c955a399becb,f029e10a-9baf-4528-b950-2e10fb4d13ce,a83f0aec-4e5c-4467-a9ab-43634b46c1f6,2026-06-04,present,8,via mestre
22d62f0b-e7bf-4605-9d18-7c5cf3d89269,f029e10a-9baf-4528-b950-2e10fb4d13ce,a83f0aec-4e5c-4467-a9ab-43634b46c1f6,2026-06-10,present,8,via mestre
207c1bd9-15ec-4616-b8e3-0d85c90b07c1,f029e10a-9baf-4528-b950-2e10fb4d13ce,a83f0aec-4e5c-4467-a9ab-43634b46c1f6,2026-06-11,present,8,via mestre
7ed65b56-9ad1-4435-b942-bb6ddcb1a742,f029e10a-9baf-4528-b950-2e10fb4d13ce,a83f0aec-4e5c-4467-a9ab-43634b46c1f6,2026-06-16,present,8,via mestre
87fbc40d-418b-42c8-a0d4-077e61355ca5,f029e10a-9baf-4528-b950-2e10fb4d13ce,a83f0aec-4e5c-4467-a9ab-43634b46c1f6,2026-02-11,present,8,Viale monastir
4a078211-6cf2-465d-bb22-b34c3ad89c25,f029e10a-9baf-4528-b950-2e10fb4d13ce,a83f0aec-4e5c-4467-a9ab-43634b46c1f6,2026-02-02,present,8,Viale monastir
74a9a84b-8ae1-48e9-81d3-4950bb5e2ed0,f029e10a-9baf-4528-b950-2e10fb4d13ce,a83f0aec-4e5c-4467-a9ab-43634b46c1f6,2026-02-03,present,8,Viale monastir
dccc4107-80dd-4a45-9ba1-ddd9ed119234,f029e10a-9baf-4528-b950-2e10fb4d13ce,a83f0aec-4e5c-4467-a9ab-43634b46c1f6,2026-02-04,present,8,Viale monastir
3e393085-3847-4d3c-bdb4-0b40e62f8b1c,f029e10a-9baf-4528-b950-2e10fb4d13ce,a83f0aec-4e5c-4467-a9ab-43634b46c1f6,2026-02-05,present,8,Viale monastir
27df9f9d-fd38-4400-9ca5-baeb4b0c7ef5,f029e10a-9baf-4528-b950-2e10fb4d13ce,a83f0aec-4e5c-4467-a9ab-43634b46c1f6,2026-02-06,present,8,Viale monastir
2978591e-c051-4da7-8fdc-24712a965346,f029e10a-9baf-4528-b950-2e10fb4d13ce,a83f0aec-4e5c-4467-a9ab-43634b46c1f6,2026-02-09,present,8,Viale monastir
9b02ee08-3271-4ed6-a754-17f0a369482a,f029e10a-9baf-4528-b950-2e10fb4d13ce,a83f0aec-4e5c-4467-a9ab-43634b46c1f6,2026-02-10,present,3,Viale monastir
864e9d84-e3a0-4647-895a-d6e31b2cb75e,f029e10a-9baf-4528-b950-2e10fb4d13ce,a83f0aec-4e5c-4467-a9ab-43634b46c1f6,2026-02-12,present,8,Viale monastir
6f4ce381-3ada-4353-9785-9d820ea29b8f,f029e10a-9baf-4528-b950-2e10fb4d13ce,a83f0aec-4e5c-4467-a9ab-43634b46c1f6,2026-02-13,present,8,Viale monastir
865d49fd-b423-4b79-b3f2-343819407fce,f029e10a-9baf-4528-b950-2e10fb4d13ce,a83f0aec-4e5c-4467-a9ab-43634b46c1f6,2026-02-16,present,8,Viale monastir
4e94cf39-6d99-4fad-849e-b7a1abfe563e,f029e10a-9baf-4528-b950-2e10fb4d13ce,a83f0aec-4e5c-4467-a9ab-43634b46c1f6,2026-02-17,present,8,Viale monastir
3127dfe2-fe87-47b0-ba67-b49330e0e887,f029e10a-9baf-4528-b950-2e10fb4d13ce,a83f0aec-4e5c-4467-a9ab-43634b46c1f6,2026-02-18,present,8,Viale monastir
38a68450-f3dd-4472-b781-391cac0d5a64,f029e10a-9baf-4528-b950-2e10fb4d13ce,a83f0aec-4e5c-4467-a9ab-43634b46c1f6,2026-02-19,present,8,Viale monastir
3b044fb3-f6e1-4290-9533-1cb5c6fffa04,f029e10a-9baf-4528-b950-2e10fb4d13ce,a83f0aec-4e5c-4467-a9ab-43634b46c1f6,2026-02-20,present,8,Viale monastir
29b23b5c-1d3f-4e94-a42c-9dfa2f839c5c,a78a69df-18f8-45b2-866f-214377a09e87,a83f0aec-4e5c-4467-a9ab-43634b46c1f6,2026-02-02,present,8,Via mestre
699f041a-5127-4230-b20e-73c7e0847842,a78a69df-18f8-45b2-866f-214377a09e87,a83f0aec-4e5c-4467-a9ab-43634b46c1f6,2026-02-09,present,8,Via mestre
9da346ee-eb5f-4ba3-8725-b297c9f7c1b9,a78a69df-18f8-45b2-866f-214377a09e87,a83f0aec-4e5c-4467-a9ab-43634b46c1f6,2026-02-16,present,8,Via mestre
ca4a73b1-7c38-49dd-9baf-a683c6f51db7,a78a69df-18f8-45b2-866f-214377a09e87,a83f0aec-4e5c-4467-a9ab-43634b46c1f6,2026-02-17,present,8,Via mestre
f7e61314-6c07-40af-beaa-c15f092fe6d5,1c0f2692-e1e4-40fe-907e-6023010d5f19,a83f0aec-4e5c-4467-a9ab-43634b46c1f6,2026-02-06,present,4,Viale monastir
4ad374e8-a3f7-4cf2-a0a5-1528029c7b47,a78a69df-18f8-45b2-866f-214377a09e87,a83f0aec-4e5c-4467-a9ab-43634b46c1f6,2026-02-05,present,8,Via mestre
3ddf992c-1951-45bc-a595-e83daf7d1150,a78a69df-18f8-45b2-866f-214377a09e87,a83f0aec-4e5c-4467-a9ab-43634b46c1f6,2026-02-10,present,8,Via mestre
52441081-7dcd-4058-9859-a533f6bdf4ed,a78a69df-18f8-45b2-866f-214377a09e87,a83f0aec-4e5c-4467-a9ab-43634b46c1f6,2026-02-11,present,8,Via mestre
da2899b9-5b54-40ce-8d42-2054abc032b7,ed17502d-bd6a-418e-a321-b5c13b8979eb,a83f0aec-4e5c-4467-a9ab-43634b46c1f6,2026-02-03,present,8,Via mestre
77f5dd49-8dde-4a52-8c6f-5e760a2dc0f1,ed17502d-bd6a-418e-a321-b5c13b8979eb,a83f0aec-4e5c-4467-a9ab-43634b46c1f6,2026-02-05,present,8,Via mestre
611bb45b-5fa5-4601-90b5-273b474d9542,ed17502d-bd6a-418e-a321-b5c13b8979eb,a83f0aec-4e5c-4467-a9ab-43634b46c1f6,2026-02-11,present,8,Via mestre
8e3c799c-8bad-4bdb-a36e-2336623d6f4c,e29ef4e3-a2cd-4328-8cd5-5d17785f1a83,a83f0aec-4e5c-4467-a9ab-43634b46c1f6,2026-04-08,present,8,Viale monastir
447e3088-1745-49fc-bd4c-1a311528cabe,e29ef4e3-a2cd-4328-8cd5-5d17785f1a83,a83f0aec-4e5c-4467-a9ab-43634b46c1f6,2026-04-13,present,8,Viale monastir
7fdbbaf9-1a3b-4ef1-aded-b1af0d5ee98e,b8da2a0d-01f4-40e4-823f-d0e64c0d5a85,a83f0aec-4e5c-4467-a9ab-43634b46c1f6,2026-04-08,present,8,Viale monastir
c0568f84-c7c7-47e8-8c7e-8cb50e6954b4,b8da2a0d-01f4-40e4-823f-d0e64c0d5a85,a83f0aec-4e5c-4467-a9ab-43634b46c1f6,2026-04-09,present,8,Viale monastir
86c994dd-ac1d-4bf8-b0a3-ab1d43d7ac94,b8da2a0d-01f4-40e4-823f-d0e64c0d5a85,a83f0aec-4e5c-4467-a9ab-43634b46c1f6,2026-04-10,present,8,Viale monastir
46ceb105-7e95-4167-ac1f-289ce46d8927,b8da2a0d-01f4-40e4-823f-d0e64c0d5a85,a83f0aec-4e5c-4467-a9ab-43634b46c1f6,2026-04-13,present,8,Viale monastir
6e98fc39-6740-4502-8144-e7096cdcc75b,55c515b0-f4e2-4b80-8d6f-e2755cb31866,a83f0aec-4e5c-4467-a9ab-43634b46c1f6,2026-04-09,present,8,Via mestre
e161003c-c198-4eaa-8add-7f6a1f982e88,55c515b0-f4e2-4b80-8d6f-e2755cb31866,a83f0aec-4e5c-4467-a9ab-43634b46c1f6,2026-04-10,present,8,Via mestre
bffb1a84-cd0d-40b7-aee8-6ae7bc8773f4,55c515b0-f4e2-4b80-8d6f-e2755cb31866,a83f0aec-4e5c-4467-a9ab-43634b46c1f6,2026-04-14,present,8,Via mestre
49dfcc5e-4c07-4367-b04e-add3a2038e1f,a335efe4-d86c-4f3f-a2a1-b4abc123d167,a83f0aec-4e5c-4467-a9ab-43634b46c1f6,2026-04-13,present,8,Via giotto
c5a5f026-534d-46ec-9208-ce574b5dacfe,33872abe-802f-47d0-8614-f4d206fff08f,a83f0aec-4e5c-4467-a9ab-43634b46c1f6,2026-05-05,present,8,Viale monastir
cef714c3-3e95-4824-940d-a79fc26be549,33872abe-802f-47d0-8614-f4d206fff08f,a83f0aec-4e5c-4467-a9ab-43634b46c1f6,2026-05-08,present,8,Viale monastir
917b1c23-6a48-4ad9-b8fd-dcc05c2c786b,33872abe-802f-47d0-8614-f4d206fff08f,a83f0aec-4e5c-4467-a9ab-43634b46c1f6,2026-05-12,present,8,Viale monastir
258f8295-8bd0-42bd-a0fb-f60f659b4ad9,33872abe-802f-47d0-8614-f4d206fff08f,a83f0aec-4e5c-4467-a9ab-43634b46c1f6,2026-05-14,present,8,Viale monastir
8473a554-3fa1-46c6-b824-82f66b3ac693,33872abe-802f-47d0-8614-f4d206fff08f,a83f0aec-4e5c-4467-a9ab-43634b46c1f6,2026-05-15,present,8,Viale monastir
a20efe35-af30-426c-aed6-d02a19846eee,33872abe-802f-47d0-8614-f4d206fff08f,a83f0aec-4e5c-4467-a9ab-43634b46c1f6,2026-05-26,present,8,Viale monastir
52ddf76f-b0c1-408f-a2ce-be651f899b0c,a335efe4-d86c-4f3f-a2a1-b4abc123d167,a83f0aec-4e5c-4467-a9ab-43634b46c1f6,2026-05-20,present,8,Via giotto
c1484866-7c8a-4477-b2ed-2dd8688a49b5,a335efe4-d86c-4f3f-a2a1-b4abc123d167,a83f0aec-4e5c-4467-a9ab-43634b46c1f6,2026-05-22,present,8,Via giotto
90990c68-7ced-4c1f-91a2-7f7f1286850a,1c0f2692-e1e4-40fe-907e-6023010d5f19,a83f0aec-4e5c-4467-a9ab-43634b46c1f6,2026-05-05,present,4,Via dante
3efb7b5c-b885-4bbe-96c7-4c10a099a9b5,ed17502d-bd6a-418e-a321-b5c13b8979eb,a83f0aec-4e5c-4467-a9ab-43634b46c1f6,2026-06-04,present,8,Via mestre
3b7e08cc-d912-4723-8c6c-779563258604,a335efe4-d86c-4f3f-a2a1-b4abc123d167,a83f0aec-4e5c-4467-a9ab-43634b46c1f6,2026-05-25,present,8,Via giotto
e08a8fec-053d-470b-8339-e011256d9a56,a335efe4-d86c-4f3f-a2a1-b4abc123d167,a83f0aec-4e5c-4467-a9ab-43634b46c1f6,2026-05-28,present,8,Via giotto
7c8dd3ee-31f7-49aa-94c3-d72c721ea6c2,be17adcf-4219-4796-958f-51e2b5e0cf92,a83f0aec-4e5c-4467-a9ab-43634b46c1f6,2026-08-06,present,8,Via bosco cappuccio
2f2b25e9-516c-408d-8538-b89f4cf8292d,2f76e93b-41a3-4e8b-8741-8b3e03d8db85,a83f0aec-4e5c-4467-a9ab-43634b46c1f6,2026-08-04,present,8,Via copernico
48b6aef5-2b1d-4778-bac0-de9d066e88d7,42b77da1-31e4-4197-88a5-2679c57fac56,a83f0aec-4e5c-4467-a9ab-43634b46c1f6,2026-08-03,present,8,Via bosco cappuccio
d4a4bc84-5d1f-4622-bc0f-bd6654cf16a1,42b77da1-31e4-4197-88a5-2679c57fac56,a83f0aec-4e5c-4467-a9ab-43634b46c1f6,2026-08-05,present,8,Via bosco cappuccio
eb660fec-1d85-4a5f-aeff-e8cdf6e84498,2197b6fd-9cb2-4d34-8118-cf9f11b573d7,a83f0aec-4e5c-4467-a9ab-43634b46c1f6,2026-08-03,present,8,Via copernico
331b7a34-a344-4ba0-bc35-5a17d6ba7b57,2f76e93b-41a3-4e8b-8741-8b3e03d8db85,a83f0aec-4e5c-4467-a9ab-43634b46c1f6,2026-08-05,present,8,Via copernico
9772b535-000c-44bb-bdd0-c21d70e7a5f7,f029e10a-9baf-4528-b950-2e10fb4d13ce,a83f0aec-4e5c-4467-a9ab-43634b46c1f6,2026-06-22,present,8,via mestre
dfbc7871-9402-4d26-ac27-af5bfae352f2,f029e10a-9baf-4528-b950-2e10fb4d13ce,a83f0aec-4e5c-4467-a9ab-43634b46c1f6,2026-06-24,present,8,via mestre
71ec5f06-9db0-4197-bc13-116bd02cf973,f029e10a-9baf-4528-b950-2e10fb4d13ce,a83f0aec-4e5c-4467-a9ab-43634b46c1f6,2026-06-23,present,8,via mestre
4a0ef358-3dfd-443e-b4e3-1a36f0211de8,a78a69df-18f8-45b2-866f-214377a09e87,a83f0aec-4e5c-4467-a9ab-43634b46c1f6,2026-06-10,present,8,Via mestre
99814073-f86b-453e-bd15-052d49103a9d,a78a69df-18f8-45b2-866f-214377a09e87,a83f0aec-4e5c-4467-a9ab-43634b46c1f6,2026-06-11,present,8,Via mestre
9a45a3eb-99c9-4523-958d-c25fd3c1be67,a78a69df-18f8-45b2-866f-214377a09e87,a83f0aec-4e5c-4467-a9ab-43634b46c1f6,2026-06-12,present,8,Via mestre
285a4a6a-f12d-4815-8ad4-883f0d0d37d1,e29ef4e3-a2cd-4328-8cd5-5d17785f1a83,a83f0aec-4e5c-4467-a9ab-43634b46c1f6,2026-06-19,present,8,Via mandrolisai
852eb650-03f1-41d9-a8a6-c836ed2bf026,a78a69df-18f8-45b2-866f-214377a09e87,a83f0aec-4e5c-4467-a9ab-43634b46c1f6,2026-06-18,present,8,Via mestre
98887d41-6dc1-41c4-a67a-4605292df9a2,a78a69df-18f8-45b2-866f-214377a09e87,a83f0aec-4e5c-4467-a9ab-43634b46c1f6,2026-06-19,present,8,Via mestre
46522e49-1a2e-4904-b478-e30fe00b349e,a78a69df-18f8-45b2-866f-214377a09e87,a83f0aec-4e5c-4467-a9ab-43634b46c1f6,2026-06-22,present,8,Via mestre
eecf0ac7-fe45-44e3-a213-6a7f7b560ad1,ed17502d-bd6a-418e-a321-b5c13b8979eb,a83f0aec-4e5c-4467-a9ab-43634b46c1f6,2026-06-08,present,8,Via mestre
0ce834ce-4f8b-4008-958f-e6f5f357926e,ed17502d-bd6a-418e-a321-b5c13b8979eb,a83f0aec-4e5c-4467-a9ab-43634b46c1f6,2026-06-09,present,8,Via mestre
727dfbef-ef90-4824-86ef-c25db2743600,ed17502d-bd6a-418e-a321-b5c13b8979eb,a83f0aec-4e5c-4467-a9ab-43634b46c1f6,2026-06-17,present,8,Via mestre
6b8ff0cd-a128-434f-ae92-d4329d3813f5,ed17502d-bd6a-418e-a321-b5c13b8979eb,a83f0aec-4e5c-4467-a9ab-43634b46c1f6,2026-06-22,present,8,Via mestre
2d36af10-640f-4b9c-9392-d8e0db075e9e,ed17502d-bd6a-418e-a321-b5c13b8979eb,a83f0aec-4e5c-4467-a9ab-43634b46c1f6,2026-06-23,present,8,Via mestre
025f9dac-a006-4b17-95f3-291b5b8d092d,e29ef4e3-a2cd-4328-8cd5-5d17785f1a83,a83f0aec-4e5c-4467-a9ab-43634b46c1f6,2026-06-04,present,8,Via mandrolisai
35c1ccd4-63ee-4f6c-a4c1-dbe9bb5092e8,e29ef4e3-a2cd-4328-8cd5-5d17785f1a83,a83f0aec-4e5c-4467-a9ab-43634b46c1f6,2026-06-05,present,8,Via mandrolisai
db0dbb0c-209e-4485-b8dc-fee9e14173b4,e29ef4e3-a2cd-4328-8cd5-5d17785f1a83,a83f0aec-4e5c-4467-a9ab-43634b46c1f6,2026-06-18,present,8,Via mandrolisai
e1887e41-55ee-49a6-8e83-fad73b6c06c0,e29ef4e3-a2cd-4328-8cd5-5d17785f1a83,a83f0aec-4e5c-4467-a9ab-43634b46c1f6,2026-06-23,present,8,Via mandrolisai
2df5439b-9dd3-4f21-83b0-c421c5da5c7e,e29ef4e3-a2cd-4328-8cd5-5d17785f1a83,a83f0aec-4e5c-4467-a9ab-43634b46c1f6,2026-06-24,present,8,Via mandrolisai
a48c2218-1d1d-4232-9fbc-272802d49c3e,e29ef4e3-a2cd-4328-8cd5-5d17785f1a83,a83f0aec-4e5c-4467-a9ab-43634b46c1f6,2026-06-25,present,8,Via mandrolisai
e25daa5f-0549-4f32-bd71-147b16b2a008,e29ef4e3-a2cd-4328-8cd5-5d17785f1a83,a83f0aec-4e5c-4467-a9ab-43634b46c1f6,2026-06-30,present,8,Via mandrolisai
31e8c92b-b903-4f0f-8211-08632d729803,b8da2a0d-01f4-40e4-823f-d0e64c0d5a85,a83f0aec-4e5c-4467-a9ab-43634b46c1f6,2026-06-04,present,8,Via mandrolisai
ddfe9c86-3d1e-45bf-b135-cc15092fdcb1,b8da2a0d-01f4-40e4-823f-d0e64c0d5a85,a83f0aec-4e5c-4467-a9ab-43634b46c1f6,2026-06-05,present,8,Via mandrolisai
f0ab2581-9e70-4017-8d0b-1f621a049e5c,b8da2a0d-01f4-40e4-823f-d0e64c0d5a85,a83f0aec-4e5c-4467-a9ab-43634b46c1f6,2026-06-08,present,8,Via mandrolisai
e453107f-bbe6-44f0-84b0-d50b500bf7a7,b8da2a0d-01f4-40e4-823f-d0e64c0d5a85,a83f0aec-4e5c-4467-a9ab-43634b46c1f6,2026-06-09,present,8,Via mandrolisai
ccb98816-3102-4fc0-9736-5e9b3a377b59,b8da2a0d-01f4-40e4-823f-d0e64c0d5a85,a83f0aec-4e5c-4467-a9ab-43634b46c1f6,2026-06-11,present,8,Via mandrolisai
fba692b4-34b8-45ab-b9d2-0a067ee6cedc,b8da2a0d-01f4-40e4-823f-d0e64c0d5a85,a83f0aec-4e5c-4467-a9ab-43634b46c1f6,2026-06-12,present,8,Via mandrolisai
3a3ef93c-eda9-4778-a722-81fb8aa9f137,b8da2a0d-01f4-40e4-823f-d0e64c0d5a85,a83f0aec-4e5c-4467-a9ab-43634b46c1f6,2026-06-15,present,8,Via mandrolisai
690f76d9-07fd-49d3-9322-df74d5c849ce,b8da2a0d-01f4-40e4-823f-d0e64c0d5a85,a83f0aec-4e5c-4467-a9ab-43634b46c1f6,2026-06-16,present,8,Via mandrolisai
8b1d1e2e-0590-4194-8be4-ae942bd47c1c,b8da2a0d-01f4-40e4-823f-d0e64c0d5a85,a83f0aec-4e5c-4467-a9ab-43634b46c1f6,2026-06-18,present,8,Via mandrolisai
78d24cb1-2160-46f1-a355-dfe5ba7d2662,2197b6fd-9cb2-4d34-8118-cf9f11b573d7,a83f0aec-4e5c-4467-a9ab-43634b46c1f6,2026-08-05,present,8,Via copernico
8c015bdc-39dd-4d2e-918d-85978bbbcb83,9fc12cbc-5f92-485a-84d9-a7f2413e2cfb,a83f0aec-4e5c-4467-a9ab-43634b46c1f6,2026-08-03,present,8,Via copernico
0b8e045f-4def-4875-9a1b-531abbf75930,a78a69df-18f8-45b2-866f-214377a09e87,a83f0aec-4e5c-4467-a9ab-43634b46c1f6,2026-02-03,present,8,Via mestre
78bab458-8efe-405c-823c-46ecf4ba7e99,a78a69df-18f8-45b2-866f-214377a09e87,a83f0aec-4e5c-4467-a9ab-43634b46c1f6,2026-02-06,present,8,Via mestre
0ef1bc00-6b83-46a7-b549-1f454dd92602,a78a69df-18f8-45b2-866f-214377a09e87,a83f0aec-4e5c-4467-a9ab-43634b46c1f6,2026-02-18,present,8,Via mestre
b1856ee2-eb93-4639-a434-30c273b1ad79,ed17502d-bd6a-418e-a321-b5c13b8979eb,a83f0aec-4e5c-4467-a9ab-43634b46c1f6,2026-02-02,present,4,Via mestre
fdb304a2-6d98-4f5f-a925-c5d8f68c4a64,ed17502d-bd6a-418e-a321-b5c13b8979eb,a83f0aec-4e5c-4467-a9ab-43634b46c1f6,2026-02-06,present,8,Via mestre
4d746931-2dbf-4365-b206-1ee41300ec24,ed17502d-bd6a-418e-a321-b5c13b8979eb,a83f0aec-4e5c-4467-a9ab-43634b46c1f6,2026-02-17,present,8,Via mestre
477c2b65-86b7-459f-a25a-1b2cb9b560d0,ed17502d-bd6a-418e-a321-b5c13b8979eb,a83f0aec-4e5c-4467-a9ab-43634b46c1f6,2026-02-18,present,8,Via mestre
50e74364-b25b-462b-977c-d2b13c757082,e29ef4e3-a2cd-4328-8cd5-5d17785f1a83,a83f0aec-4e5c-4467-a9ab-43634b46c1f6,2026-04-09,present,8,Viale monastir
e0568248-cf89-42f0-a057-de42071df9da,e29ef4e3-a2cd-4328-8cd5-5d17785f1a83,a83f0aec-4e5c-4467-a9ab-43634b46c1f6,2026-04-10,present,8,Viale monastir
e9226fb0-4127-481f-9b4e-fd03b93aa1e0,e29ef4e3-a2cd-4328-8cd5-5d17785f1a83,a83f0aec-4e5c-4467-a9ab-43634b46c1f6,2026-04-14,present,8,Viale monastir
9cf74be1-9bdf-4a40-9763-e0b014dc6363,b8da2a0d-01f4-40e4-823f-d0e64c0d5a85,a83f0aec-4e5c-4467-a9ab-43634b46c1f6,2026-04-14,present,8,Viale monastir
468e5a45-16bd-4b37-949a-427c743d15aa,55c515b0-f4e2-4b80-8d6f-e2755cb31866,a83f0aec-4e5c-4467-a9ab-43634b46c1f6,2026-04-08,present,8,Via mestre
691716b2-fbda-4377-848f-4fcc0551fd1b,55c515b0-f4e2-4b80-8d6f-e2755cb31866,a83f0aec-4e5c-4467-a9ab-43634b46c1f6,2026-04-13,present,8,Via mestre
c92bf25c-44d5-4943-973d-98b5bad83a9e,a335efe4-d86c-4f3f-a2a1-b4abc123d167,a83f0aec-4e5c-4467-a9ab-43634b46c1f6,2026-04-08,present,8,Via corte d'appello
33465729-309e-44ef-b80b-93f32e42de29,a335efe4-d86c-4f3f-a2a1-b4abc123d167,a83f0aec-4e5c-4467-a9ab-43634b46c1f6,2026-04-09,present,8,Via corte d'appello
bc60f965-b993-40a7-ae15-c76342524a3c,a335efe4-d86c-4f3f-a2a1-b4abc123d167,a83f0aec-4e5c-4467-a9ab-43634b46c1f6,2026-04-10,present,8,Via corte d'appello
210583da-734f-4ded-bb3c-628a748f2d3e,0af3ee03-5ad8-4726-81bb-ba490b621682,a83f0aec-4e5c-4467-a9ab-43634b46c1f6,2026-05-15,present,8,Via mestre
f897bda2-c89e-426d-99cf-e4618aea0dfd,a335efe4-d86c-4f3f-a2a1-b4abc123d167,a83f0aec-4e5c-4467-a9ab-43634b46c1f6,2026-05-21,present,8,Via giotto
6e373d7e-524f-4ce7-bdc5-6b13e7248f7d,a335efe4-d86c-4f3f-a2a1-b4abc123d167,a83f0aec-4e5c-4467-a9ab-43634b46c1f6,2026-05-26,present,8,Via giotto
cad8c12b-0e7c-4588-8d1a-a6abb9bac297,1c0f2692-e1e4-40fe-907e-6023010d5f19,a83f0aec-4e5c-4467-a9ab-43634b46c1f6,2026-05-18,present,4,Via dante
06ea077a-2a2f-4587-b1d9-f91d3860a862,1c0f2692-e1e4-40fe-907e-6023010d5f19,a83f0aec-4e5c-4467-a9ab-43634b46c1f6,2026-05-13,present,4,Via dante
6baaf036-dd16-49a6-9c83-511811b82c79,1c0f2692-e1e4-40fe-907e-6023010d5f19,a83f0aec-4e5c-4467-a9ab-43634b46c1f6,2026-05-07,present,4,Via dante
e1222c51-c4f7-46b7-a969-431597d59b77,bd23f301-51a8-4e05-a640-c66306e27ef6,a83f0aec-4e5c-4467-a9ab-43634b46c1f6,2026-05-04,present,8,Via mestre
36d57363-6dac-4b70-9116-33c798c9330d,bd23f301-51a8-4e05-a640-c66306e27ef6,a83f0aec-4e5c-4467-a9ab-43634b46c1f6,2026-05-08,present,8,Via mestre
b0c86c1f-d440-429c-a7d4-6f3410ad4501,bd23f301-51a8-4e05-a640-c66306e27ef6,a83f0aec-4e5c-4467-a9ab-43634b46c1f6,2026-05-12,present,8,Via mestre
c8e6db58-4b78-48d9-9118-b7ffb60f3142,bd23f301-51a8-4e05-a640-c66306e27ef6,a83f0aec-4e5c-4467-a9ab-43634b46c1f6,2026-05-18,present,8,Via mestre
ff61cd01-7faf-4c2a-bc8f-20743c21395b,bd23f301-51a8-4e05-a640-c66306e27ef6,a83f0aec-4e5c-4467-a9ab-43634b46c1f6,2026-05-21,present,8,Via mestre
36fcb931-125c-490f-86d1-1cca98fe3a64,0af3ee03-5ad8-4726-81bb-ba490b621682,a83f0aec-4e5c-4467-a9ab-43634b46c1f6,2026-05-04,present,8,Via mestre
d5858b20-6ade-4b90-8bfc-4ad6342249ca,0af3ee03-5ad8-4726-81bb-ba490b621682,a83f0aec-4e5c-4467-a9ab-43634b46c1f6,2026-05-06,present,8,Via mestre
a0f617a3-1ee2-4b85-ada8-4e1e46caf70d,a335efe4-d86c-4f3f-a2a1-b4abc123d167,a83f0aec-4e5c-4467-a9ab-43634b46c1f6,2026-05-27,present,8,Via giotto
c4108924-5218-4d9c-a125-04d6cb8fa98f,0af3ee03-5ad8-4726-81bb-ba490b621682,a83f0aec-4e5c-4467-a9ab-43634b46c1f6,2026-05-13,present,8,Via mestre
b2248ac3-0646-4788-ac0c-95b725267a39,0af3ee03-5ad8-4726-81bb-ba490b621682,a83f0aec-4e5c-4467-a9ab-43634b46c1f6,2026-05-14,present,8,Via mestre
8aa0cdc9-07e5-477a-a0d9-59f5c57162bd,2197b6fd-9cb2-4d34-8118-cf9f11b573d7,a83f0aec-4e5c-4467-a9ab-43634b46c1f6,2026-08-04,present,8,Via copernico
756d4bc6-6ba0-47e1-9a09-ce19233823bf,42b77da1-31e4-4197-88a5-2679c57fac56,a83f0aec-4e5c-4467-a9ab-43634b46c1f6,2026-08-04,present,8,Via bosco cappuccio
a053efc5-6de3-453c-a77e-5ca78b28b6e6,2f76e93b-41a3-4e8b-8741-8b3e03d8db85,a83f0aec-4e5c-4467-a9ab-43634b46c1f6,2026-08-03,present,8,Via copernico
5cb0b9bb-e597-4ea4-a728-71f905fd0f52,ed17502d-bd6a-418e-a321-b5c13b8979eb,a83f0aec-4e5c-4467-a9ab-43634b46c1f6,2026-06-05,present,8,Via mestre
6786e3fa-bb19-4239-8028-21abccc75fb8,a78a69df-18f8-45b2-866f-214377a09e87,a83f0aec-4e5c-4467-a9ab-43634b46c1f6,2026-06-16,present,8,Via mestre
ce420690-b3fc-4f3b-8ac6-3f92fa6716e8,a78a69df-18f8-45b2-866f-214377a09e87,a83f0aec-4e5c-4467-a9ab-43634b46c1f6,2026-06-17,present,8,Via mestre
843b1c38-708e-4ebf-8989-1fa4eb7b7879,a78a69df-18f8-45b2-866f-214377a09e87,a83f0aec-4e5c-4467-a9ab-43634b46c1f6,2026-06-23,present,8,Via mestre
57c6b875-2181-4a57-8aca-1796af1abd43,a78a69df-18f8-45b2-866f-214377a09e87,a83f0aec-4e5c-4467-a9ab-43634b46c1f6,2026-06-24,present,8,Via mestre
7ca469b7-206a-44dc-adb4-0d63d96bb091,a78a69df-18f8-45b2-866f-214377a09e87,a83f0aec-4e5c-4467-a9ab-43634b46c1f6,2026-06-25,present,8,Via mestre
b19f7099-9616-457f-bba6-47a060bd9a08,a78a69df-18f8-45b2-866f-214377a09e87,a83f0aec-4e5c-4467-a9ab-43634b46c1f6,2026-06-26,present,8,Via mestre
f21d67fd-efc8-47ea-a20c-0320e599c4e8,a78a69df-18f8-45b2-866f-214377a09e87,a83f0aec-4e5c-4467-a9ab-43634b46c1f6,2026-06-29,present,8,Via mestre
b4ffde9b-ef5e-4ac1-b605-36e0769531e4,a78a69df-18f8-45b2-866f-214377a09e87,a83f0aec-4e5c-4467-a9ab-43634b46c1f6,2026-06-30,present,8,Via mestre
7eefebd7-d335-45ca-b104-1aa70e332734,ed17502d-bd6a-418e-a321-b5c13b8979eb,a83f0aec-4e5c-4467-a9ab-43634b46c1f6,2026-06-01,present,8,Via mestre
76bbe786-9ebb-4eda-a82c-6a3ec2b60584,ed17502d-bd6a-418e-a321-b5c13b8979eb,a83f0aec-4e5c-4467-a9ab-43634b46c1f6,2026-06-03,present,8,Via mestre
9e549784-4a6e-4c9a-984e-eb78647ab9ac,ed17502d-bd6a-418e-a321-b5c13b8979eb,a83f0aec-4e5c-4467-a9ab-43634b46c1f6,2026-06-10,present,8,Via mestre
afed9b4d-a446-4081-948d-9bb9fa5f50c1,ed17502d-bd6a-418e-a321-b5c13b8979eb,a83f0aec-4e5c-4467-a9ab-43634b46c1f6,2026-06-11,present,8,Via mestre
3035ae64-8370-4a3f-8e96-dd9bae505b3a,ed17502d-bd6a-418e-a321-b5c13b8979eb,a83f0aec-4e5c-4467-a9ab-43634b46c1f6,2026-06-15,present,8,Via mestre
4abbd32d-66ca-49aa-9fba-5d62ae80b901,ed17502d-bd6a-418e-a321-b5c13b8979eb,a83f0aec-4e5c-4467-a9ab-43634b46c1f6,2026-06-16,present,8,Via mestre
4ab32d4a-0bbb-49c5-9515-2caba485c64d,ed17502d-bd6a-418e-a321-b5c13b8979eb,a83f0aec-4e5c-4467-a9ab-43634b46c1f6,2026-06-18,present,8,Via mestre
14e4399f-508d-41c6-854a-42492c9be9d8,ed17502d-bd6a-418e-a321-b5c13b8979eb,a83f0aec-4e5c-4467-a9ab-43634b46c1f6,2026-06-19,present,8,Via mestre
ffe664ab-99a1-423f-a9b1-1dde15eee3fe,ed17502d-bd6a-418e-a321-b5c13b8979eb,a83f0aec-4e5c-4467-a9ab-43634b46c1f6,2026-06-24,present,8,Via mestre
a9430a17-a57b-4b14-82ad-1a8c7233d8e4,ed17502d-bd6a-418e-a321-b5c13b8979eb,a83f0aec-4e5c-4467-a9ab-43634b46c1f6,2026-06-25,present,8,Via mestre
19273098-d4ab-4b16-89ef-70b5f6190380,ed17502d-bd6a-418e-a321-b5c13b8979eb,a83f0aec-4e5c-4467-a9ab-43634b46c1f6,2026-06-26,present,8,Via mestre
b01192ac-889a-4f9e-9f00-6501b917f1b7,ed17502d-bd6a-418e-a321-b5c13b8979eb,a83f0aec-4e5c-4467-a9ab-43634b46c1f6,2026-06-29,present,8,Via mestre
94cd1ed0-f60c-4f73-be32-fbb4bbe88c25,e29ef4e3-a2cd-4328-8cd5-5d17785f1a83,a83f0aec-4e5c-4467-a9ab-43634b46c1f6,2026-06-01,present,8,Via mandrolisai
598e3e0f-5720-4007-8728-74673287fa7f,e29ef4e3-a2cd-4328-8cd5-5d17785f1a83,a83f0aec-4e5c-4467-a9ab-43634b46c1f6,2026-06-03,present,8,Via mandrolisai
20ccd86f-9427-4899-8273-4a232fb1ca8b,e29ef4e3-a2cd-4328-8cd5-5d17785f1a83,a83f0aec-4e5c-4467-a9ab-43634b46c1f6,2026-06-08,present,8,Via mandrolisai
0e557568-2596-4ec8-88b8-b66e2643e507,e29ef4e3-a2cd-4328-8cd5-5d17785f1a83,a83f0aec-4e5c-4467-a9ab-43634b46c1f6,2026-06-10,present,8,Via mandrolisai
3c7703df-7edd-4e39-8e77-2e78e641865c,e29ef4e3-a2cd-4328-8cd5-5d17785f1a83,a83f0aec-4e5c-4467-a9ab-43634b46c1f6,2026-06-09,present,8,Via mandrolisai
1221f174-639f-42d6-9690-967009e6e596,e29ef4e3-a2cd-4328-8cd5-5d17785f1a83,a83f0aec-4e5c-4467-a9ab-43634b46c1f6,2026-06-11,present,8,Via mandrolisai
a230e418-23c1-4db9-85bf-9baf4f8e633c,e29ef4e3-a2cd-4328-8cd5-5d17785f1a83,a83f0aec-4e5c-4467-a9ab-43634b46c1f6,2026-06-12,present,8,Via mandrolisai
e9de2d97-1277-4974-8990-d3398c635d35,2f76e93b-41a3-4e8b-8741-8b3e03d8db85,a83f0aec-4e5c-4467-a9ab-43634b46c1f6,2026-08-06,present,8,Via copernico
0aa13592-bef4-4cef-a195-1c216cd256ea,e29ef4e3-a2cd-4328-8cd5-5d17785f1a83,a83f0aec-4e5c-4467-a9ab-43634b46c1f6,2026-06-15,present,8,Via mandrolisai
3973193d-79b1-448e-b131-b5d701a92731,9fc12cbc-5f92-485a-84d9-a7f2413e2cfb,a83f0aec-4e5c-4467-a9ab-43634b46c1f6,2026-08-04,present,8,Via copernico
8cdfeeb6-2e5c-475e-a6c3-877634ccf40a,9fc12cbc-5f92-485a-84d9-a7f2413e2cfb,a83f0aec-4e5c-4467-a9ab-43634b46c1f6,2026-08-05,present,8,Via copernico
da1f7fef-b4c5-4110-bb52-9db254fdbc8e,a78a69df-18f8-45b2-866f-214377a09e87,a83f0aec-4e5c-4467-a9ab-43634b46c1f6,2026-02-04,present,8,Via mestre
df6e659d-be50-4e06-a2ff-b38e718144b7,a78a69df-18f8-45b2-866f-214377a09e87,a83f0aec-4e5c-4467-a9ab-43634b46c1f6,2026-02-12,present,8,Via mestre
a3f919f6-ece4-4179-8f50-8409ddb1f645,a78a69df-18f8-45b2-866f-214377a09e87,a83f0aec-4e5c-4467-a9ab-43634b46c1f6,2026-02-20,present,8,Via mestre
f9ac94b4-0b44-4046-85c8-daa40e1dc61a,ed17502d-bd6a-418e-a321-b5c13b8979eb,a83f0aec-4e5c-4467-a9ab-43634b46c1f6,2026-02-04,present,8,Via mestre
2fe6c9da-01ae-4ab9-b696-2b57c2bb78e9,ed17502d-bd6a-418e-a321-b5c13b8979eb,a83f0aec-4e5c-4467-a9ab-43634b46c1f6,2026-02-12,present,8,Via mestre
b8f2a37f-79fc-49f5-953f-716e4d9db362,ed17502d-bd6a-418e-a321-b5c13b8979eb,a83f0aec-4e5c-4467-a9ab-43634b46c1f6,2026-02-16,present,8,Via mestre
19556f48-f38a-4235-9bec-7e0613ca28f6,ed17502d-bd6a-418e-a321-b5c13b8979eb,a83f0aec-4e5c-4467-a9ab-43634b46c1f6,2026-02-20,present,8,Via mestre
b8a4070b-69b9-4698-bc9d-37292e1a587a,a335efe4-d86c-4f3f-a2a1-b4abc123d167,a83f0aec-4e5c-4467-a9ab-43634b46c1f6,2026-04-14,present,8,Via giotto
0ce0e86e-7ecf-41a1-8397-be87b8ba5f6f,cff16040-6983-48f2-b49c-1fa06f131879,a83f0aec-4e5c-4467-a9ab-43634b46c1f6,2026-04-08,present,8,Via fadda/alghero
3b98f167-9833-4112-b15b-dc46ec9bb740,cff16040-6983-48f2-b49c-1fa06f131879,a83f0aec-4e5c-4467-a9ab-43634b46c1f6,2026-04-09,present,8,Via fadda/alghero
ff4bea1b-c352-48c7-a73c-ccd049fc4f28,cff16040-6983-48f2-b49c-1fa06f131879,a83f0aec-4e5c-4467-a9ab-43634b46c1f6,2026-04-13,present,8,Via fadda/alghero
3d2bf763-52e0-4bf1-ad03-fa2eef2abac5,cff16040-6983-48f2-b49c-1fa06f131879,a83f0aec-4e5c-4467-a9ab-43634b46c1f6,2026-04-14,present,8,Via fadda/alghero
6a3e56c4-fb5d-471d-bdce-77d1645f5a33,bd23f301-51a8-4e05-a640-c66306e27ef6,a83f0aec-4e5c-4467-a9ab-43634b46c1f6,2026-05-06,present,8,Via mestre
a0792d56-8fda-4f22-a0b1-b360d70a38e9,0dd64ca9-1964-46eb-8f97-a71315c8b1ed,a83f0aec-4e5c-4467-a9ab-43634b46c1f6,2026-04-08,present,8,Via copernico
5fff49b7-9e44-457b-a33c-b1e5d6433e44,0dd64ca9-1964-46eb-8f97-a71315c8b1ed,a83f0aec-4e5c-4467-a9ab-43634b46c1f6,2026-04-10,present,8,Via copernico
8b33850a-08ac-4804-89f2-2a9cfecf177e,b667d9a9-f058-4fd7-90bf-62cdef8d5672,a83f0aec-4e5c-4467-a9ab-43634b46c1f6,2026-04-10,present,8,Via giotto
d55408bd-4174-40b4-9e03-35f971f3194b,b667d9a9-f058-4fd7-90bf-62cdef8d5672,a83f0aec-4e5c-4467-a9ab-43634b46c1f6,2026-04-14,present,8,Via giotto
39983b84-336e-48ff-97a5-275fa7012762,07cba65e-e2f7-495c-8b24-2192173054a0,a83f0aec-4e5c-4467-a9ab-43634b46c1f6,2026-04-08,present,8,Via strauss
e440ad75-7a1b-4243-b3c6-1e69cc7ed15b,07cba65e-e2f7-495c-8b24-2192173054a0,a83f0aec-4e5c-4467-a9ab-43634b46c1f6,2026-04-13,present,8,Via strauss
865d24cd-0cb0-4821-a57b-8c05c6249755,be17adcf-4219-4796-958f-51e2b5e0cf92,a83f0aec-4e5c-4467-a9ab-43634b46c1f6,2026-04-13,present,8,Via monte grappa
76ab63c2-c074-455c-af3a-6f50d98e8530,be17adcf-4219-4796-958f-51e2b5e0cf92,a83f0aec-4e5c-4467-a9ab-43634b46c1f6,2026-04-14,present,8,Via monte grappa
b6ca73c4-393d-43fa-87e3-9d1bc8a7052d,42b77da1-31e4-4197-88a5-2679c57fac56,a83f0aec-4e5c-4467-a9ab-43634b46c1f6,2026-04-08,present,8,Via strauss
600881a8-fbe6-4a62-90ea-6b56b3154878,2197b6fd-9cb2-4d34-8118-cf9f11b573d7,a83f0aec-4e5c-4467-a9ab-43634b46c1f6,2026-04-10,present,8,Via giotto
5ee7df88-b7f3-4e4e-bba4-511d5e2a64b1,2197b6fd-9cb2-4d34-8118-cf9f11b573d7,a83f0aec-4e5c-4467-a9ab-43634b46c1f6,2026-04-13,present,8,Via giotto
5af94310-ee54-44c6-a8ea-be2a3a9ff030,2197b6fd-9cb2-4d34-8118-cf9f11b573d7,a83f0aec-4e5c-4467-a9ab-43634b46c1f6,2026-04-14,present,8,Via giotto
3a463543-3062-48c9-bf89-3facbca90d44,bd23f301-51a8-4e05-a640-c66306e27ef6,a83f0aec-4e5c-4467-a9ab-43634b46c1f6,2026-05-11,present,8,Via mestre
5917ca71-6f12-4325-8616-f93386241c3c,cff16040-6983-48f2-b49c-1fa06f131879,a83f0aec-4e5c-4467-a9ab-43634b46c1f6,2026-05-04,present,8,Via copernico
7a85b0d6-839d-4b12-9904-aa4bff37c3cc,bd23f301-51a8-4e05-a640-c66306e27ef6,a83f0aec-4e5c-4467-a9ab-43634b46c1f6,2026-05-13,present,8,Via mestre
ea38b0a0-03a0-4382-995c-6c718279787e,bd23f301-51a8-4e05-a640-c66306e27ef6,a83f0aec-4e5c-4467-a9ab-43634b46c1f6,2026-05-14,present,8,Via mestre
044f8cba-268f-49a7-9ef6-ec51f7625d3f,1c0f2692-e1e4-40fe-907e-6023010d5f19,a83f0aec-4e5c-4467-a9ab-43634b46c1f6,2026-05-25,present,4,Via dante
ef465c32-010e-4397-b3bd-3039a8466f25,1c0f2692-e1e4-40fe-907e-6023010d5f19,a83f0aec-4e5c-4467-a9ab-43634b46c1f6,2026-05-22,present,4,Via dante
07b5363f-40d8-4cef-9e83-bf3cae183459,1c0f2692-e1e4-40fe-907e-6023010d5f19,a83f0aec-4e5c-4467-a9ab-43634b46c1f6,2026-05-20,present,4,Via dante
f9db71f0-a4d7-4fcb-929d-c953fff0eb01,1c0f2692-e1e4-40fe-907e-6023010d5f19,a83f0aec-4e5c-4467-a9ab-43634b46c1f6,2026-05-19,present,4,Via dante
f8d5622b-aefb-4cab-a3b1-36d3a5ec11c3,1c0f2692-e1e4-40fe-907e-6023010d5f19,a83f0aec-4e5c-4467-a9ab-43634b46c1f6,2026-05-14,present,4,Via dante
83212114-13cf-4756-a76f-5f3501c54f2c,1c0f2692-e1e4-40fe-907e-6023010d5f19,a83f0aec-4e5c-4467-a9ab-43634b46c1f6,2026-05-11,present,4,Via dante
9d944311-9bc6-4b40-811c-3bad7429eec2,1c0f2692-e1e4-40fe-907e-6023010d5f19,a83f0aec-4e5c-4467-a9ab-43634b46c1f6,2026-05-08,present,4,Via dante
07ded489-ebca-4616-be16-02fdd398f67d,bd23f301-51a8-4e05-a640-c66306e27ef6,a83f0aec-4e5c-4467-a9ab-43634b46c1f6,2026-05-20,present,8,Via mestre
038d7580-ce23-4a82-9b54-42d052b1d702,bd23f301-51a8-4e05-a640-c66306e27ef6,a83f0aec-4e5c-4467-a9ab-43634b46c1f6,2026-05-05,present,8,Via mestre
fa152a0c-babc-446a-adcb-44431f7abfde,bd23f301-51a8-4e05-a640-c66306e27ef6,a83f0aec-4e5c-4467-a9ab-43634b46c1f6,2026-05-22,present,8,Via mestre
2cff51cf-92a1-4fbf-a137-68cd167cf40d,bd23f301-51a8-4e05-a640-c66306e27ef6,a83f0aec-4e5c-4467-a9ab-43634b46c1f6,2026-05-25,present,8,Via mestre
86c717ac-6b41-4c22-9f6b-33d29dadfdf1,bd23f301-51a8-4e05-a640-c66306e27ef6,a83f0aec-4e5c-4467-a9ab-43634b46c1f6,2026-05-27,present,8,Via mestre
8d043a7a-71ec-4a58-86c1-1bef2dd6bd90,cff16040-6983-48f2-b49c-1fa06f131879,a83f0aec-4e5c-4467-a9ab-43634b46c1f6,2026-05-05,present,8,Via copernico
2b22b2ce-d6b1-4fb7-af2e-a3643849784a,0af3ee03-5ad8-4726-81bb-ba490b621682,a83f0aec-4e5c-4467-a9ab-43634b46c1f6,2026-05-11,present,8,Via mestre
cae36885-7e12-46d8-830d-070c0718be14,0af3ee03-5ad8-4726-81bb-ba490b621682,a83f0aec-4e5c-4467-a9ab-43634b46c1f6,2026-05-12,present,8,Via mestre
95635f6f-a400-4151-8b8a-769ff045fb71,0dd64ca9-1964-46eb-8f97-a71315c8b1ed,a83f0aec-4e5c-4467-a9ab-43634b46c1f6,2026-05-06,present,8,Via copernico
73b651bf-4708-484b-afdc-64b6e63c35f9,cff16040-6983-48f2-b49c-1fa06f131879,a83f0aec-4e5c-4467-a9ab-43634b46c1f6,2026-05-07,present,8,Via copernico
b9a2597a-96bb-4d38-abe3-ad7756e57db7,cff16040-6983-48f2-b49c-1fa06f131879,a83f0aec-4e5c-4467-a9ab-43634b46c1f6,2026-05-08,present,8,Via copernico
78ed2602-1550-49cb-9564-9b614a2a9e68,cff16040-6983-48f2-b49c-1fa06f131879,a83f0aec-4e5c-4467-a9ab-43634b46c1f6,2026-05-13,present,8,Via copernico
f9dee18c-73d7-434b-8a30-c02c6716c6be,cff16040-6983-48f2-b49c-1fa06f131879,a83f0aec-4e5c-4467-a9ab-43634b46c1f6,2026-05-15,present,8,Via copernico
ef1eb4aa-188d-4782-8253-21e8f73e7d93,0dd64ca9-1964-46eb-8f97-a71315c8b1ed,a83f0aec-4e5c-4467-a9ab-43634b46c1f6,2026-05-14,present,8,Via copernico
ad907f88-3463-4a56-8d6b-75060e42c376,cff16040-6983-48f2-b49c-1fa06f131879,a83f0aec-4e5c-4467-a9ab-43634b46c1f6,2026-05-22,present,8,Via copernico
004294ad-8301-4e13-adc4-7a1022e65866,cff16040-6983-48f2-b49c-1fa06f131879,a83f0aec-4e5c-4467-a9ab-43634b46c1f6,2026-05-25,present,8,Via copernico
53de19a8-b6e8-4c8e-b23e-a86156598cad,0dd64ca9-1964-46eb-8f97-a71315c8b1ed,a83f0aec-4e5c-4467-a9ab-43634b46c1f6,2026-05-05,present,8,Via copernico
5da94c8c-ea90-4ab0-838f-06fd6d66a441,b667d9a9-f058-4fd7-90bf-62cdef8d5672,a83f0aec-4e5c-4467-a9ab-43634b46c1f6,2026-05-09,holiday,0,""
dd6c446a-8a08-4ffa-8272-6bdc26310fdb,0dd64ca9-1964-46eb-8f97-a71315c8b1ed,a83f0aec-4e5c-4467-a9ab-43634b46c1f6,2026-05-27,present,8,Via copernico
03ae1d1c-83f9-40ef-8828-679838c3f4a5,b667d9a9-f058-4fd7-90bf-62cdef8d5672,a83f0aec-4e5c-4467-a9ab-43634b46c1f6,2026-05-06,present,8,Via fadda/alghero
61db1ca2-e688-4c75-9a50-9abee384e596,b667d9a9-f058-4fd7-90bf-62cdef8d5672,a83f0aec-4e5c-4467-a9ab-43634b46c1f6,2026-05-08,present,8,Via fadda/alghero
4048de39-bf4a-4125-8a1b-0c3d685eb829,b667d9a9-f058-4fd7-90bf-62cdef8d5672,a83f0aec-4e5c-4467-a9ab-43634b46c1f6,2026-05-13,present,8,Via fadda/alghero
463a015f-ce6f-4d28-956e-043815c29762,b667d9a9-f058-4fd7-90bf-62cdef8d5672,a83f0aec-4e5c-4467-a9ab-43634b46c1f6,2026-05-19,present,8,Via fadda/alghero
e215232b-0781-490e-a722-dd16f0eb2740,b667d9a9-f058-4fd7-90bf-62cdef8d5672,a83f0aec-4e5c-4467-a9ab-43634b46c1f6,2026-05-21,present,8,Via fadda/alghero
fda94b6d-cfd4-41c7-9eaf-2d6d6e7994cb,b667d9a9-f058-4fd7-90bf-62cdef8d5672,a83f0aec-4e5c-4467-a9ab-43634b46c1f6,2026-05-22,present,8,Via fadda/alghero
e9d236b3-e133-466d-b588-663e38985608,b667d9a9-f058-4fd7-90bf-62cdef8d5672,a83f0aec-4e5c-4467-a9ab-43634b46c1f6,2026-05-27,present,8,Via fadda/alghero
326de194-965c-4843-95e1-9f3aef9af4ad,07cba65e-e2f7-495c-8b24-2192173054a0,a83f0aec-4e5c-4467-a9ab-43634b46c1f6,2026-05-04,present,8,Via fadda/alghero
2f924af9-675e-4517-955f-55b15022afaf,07cba65e-e2f7-495c-8b24-2192173054a0,a83f0aec-4e5c-4467-a9ab-43634b46c1f6,2026-05-07,present,8,Via fadda/alghero
a5c8fac7-3340-4d4c-a95e-b157078fbf7e,07cba65e-e2f7-495c-8b24-2192173054a0,a83f0aec-4e5c-4467-a9ab-43634b46c1f6,2026-05-15,present,8,Via fadda/alghero
32db6535-d00d-4c43-ab87-8ce05d635ec7,07cba65e-e2f7-495c-8b24-2192173054a0,a83f0aec-4e5c-4467-a9ab-43634b46c1f6,2026-05-20,present,8,Via fadda/alghero
f62bdc41-3139-4585-a4b9-9a5f9b484f5c,a78a69df-18f8-45b2-866f-214377a09e87,a83f0aec-4e5c-4467-a9ab-43634b46c1f6,2026-02-13,present,8,Via mestre
53fd157b-8e4e-4ae2-a34b-d85c0a1500a2,a78a69df-18f8-45b2-866f-214377a09e87,a83f0aec-4e5c-4467-a9ab-43634b46c1f6,2026-02-19,present,8,Via mestre
098c2e55-6478-4f77-9a49-2118acaff9d2,b8da2a0d-01f4-40e4-823f-d0e64c0d5a85,a83f0aec-4e5c-4467-a9ab-43634b46c1f6,2026-02-02,present,8,Viale monastir
e1c0f1f9-313c-465f-90d2-8955dfe5bf32,b8da2a0d-01f4-40e4-823f-d0e64c0d5a85,a83f0aec-4e5c-4467-a9ab-43634b46c1f6,2026-02-03,present,8,Viale monastir
6b17ae13-622f-4053-a3c3-93461462b707,ed17502d-bd6a-418e-a321-b5c13b8979eb,a83f0aec-4e5c-4467-a9ab-43634b46c1f6,2026-02-09,present,8,Via mestre
c934196e-bed4-41bc-a5ad-f03101cfcdf7,ed17502d-bd6a-418e-a321-b5c13b8979eb,a83f0aec-4e5c-4467-a9ab-43634b46c1f6,2026-02-10,present,3,Via mestre
f1e8af99-7419-4bd2-af6d-07196790facb,ed17502d-bd6a-418e-a321-b5c13b8979eb,a83f0aec-4e5c-4467-a9ab-43634b46c1f6,2026-02-13,present,5,Via mestre
97bf4800-be2d-44ac-9432-a73f853a6b55,ed17502d-bd6a-418e-a321-b5c13b8979eb,a83f0aec-4e5c-4467-a9ab-43634b46c1f6,2026-02-19,present,5,Via mestre
3fe99d67-c01e-45a6-9080-66e8c161e717,b8da2a0d-01f4-40e4-823f-d0e64c0d5a85,a83f0aec-4e5c-4467-a9ab-43634b46c1f6,2026-02-04,present,8,Viale monastir
42e98f3e-7c2c-491d-b966-398f5a108112,b8da2a0d-01f4-40e4-823f-d0e64c0d5a85,a83f0aec-4e5c-4467-a9ab-43634b46c1f6,2026-02-05,present,8,Viale monastir
b2f4bf1e-7a33-434e-a3e6-77bece2cd907,b8da2a0d-01f4-40e4-823f-d0e64c0d5a85,a83f0aec-4e5c-4467-a9ab-43634b46c1f6,2026-02-06,present,8,Viale monastir
ce97b4b6-3184-4d7b-9550-651ceaffba51,b8da2a0d-01f4-40e4-823f-d0e64c0d5a85,a83f0aec-4e5c-4467-a9ab-43634b46c1f6,2026-02-09,present,8,Viale monastir
d21d4efd-b19b-4d2d-9766-78ab703110e6,b8da2a0d-01f4-40e4-823f-d0e64c0d5a85,a83f0aec-4e5c-4467-a9ab-43634b46c1f6,2026-02-10,present,2,Viale monastir
be1bc785-7d75-4b84-8713-6847eb7fedda,b8da2a0d-01f4-40e4-823f-d0e64c0d5a85,a83f0aec-4e5c-4467-a9ab-43634b46c1f6,2026-02-11,present,8,Viale monastir
a6fba29d-ccd5-413e-af7a-f570be723b12,b8da2a0d-01f4-40e4-823f-d0e64c0d5a85,a83f0aec-4e5c-4467-a9ab-43634b46c1f6,2026-02-12,present,8,Viale monastir
0d29c86c-7dfe-4320-b028-32ac8f9e6773,b8da2a0d-01f4-40e4-823f-d0e64c0d5a85,a83f0aec-4e5c-4467-a9ab-43634b46c1f6,2026-02-13,present,8,Viale monastir
cd09327a-1e25-4744-9dfa-b1c33ab32f72,b8da2a0d-01f4-40e4-823f-d0e64c0d5a85,a83f0aec-4e5c-4467-a9ab-43634b46c1f6,2026-02-16,present,8,Viale monastir
882be8cb-e37f-4112-81a0-c87bec59d932,b8da2a0d-01f4-40e4-823f-d0e64c0d5a85,a83f0aec-4e5c-4467-a9ab-43634b46c1f6,2026-02-17,present,8,Viale monastir
7b161160-d181-4394-9c17-59eb80640dbd,e29ef4e3-a2cd-4328-8cd5-5d17785f1a83,a83f0aec-4e5c-4467-a9ab-43634b46c1f6,2026-02-02,present,8,Viale monastir
9d56016e-fe46-4c63-bbdb-72a2b09cad7c,e29ef4e3-a2cd-4328-8cd5-5d17785f1a83,a83f0aec-4e5c-4467-a9ab-43634b46c1f6,2026-02-03,present,8,Viale monastir
ebfd1a07-9791-4dc7-8a99-b6b5ebaa1303,e29ef4e3-a2cd-4328-8cd5-5d17785f1a83,a83f0aec-4e5c-4467-a9ab-43634b46c1f6,2026-02-04,present,8,Viale monastir
d80da7a7-bf82-4174-b532-eab7dba5a090,e29ef4e3-a2cd-4328-8cd5-5d17785f1a83,a83f0aec-4e5c-4467-a9ab-43634b46c1f6,2026-02-05,present,8,Viale monastir
82d66934-dc7f-478b-86f2-be5f8a60ba30,e29ef4e3-a2cd-4328-8cd5-5d17785f1a83,a83f0aec-4e5c-4467-a9ab-43634b46c1f6,2026-02-06,present,8,Viale monastir
18bb7581-41e2-4878-9892-c65ef1bbfeba,e29ef4e3-a2cd-4328-8cd5-5d17785f1a83,a83f0aec-4e5c-4467-a9ab-43634b46c1f6,2026-02-09,present,8,Viale monastir
51919bd2-ac78-4e63-b3b5-d34165c16cdf,e29ef4e3-a2cd-4328-8cd5-5d17785f1a83,a83f0aec-4e5c-4467-a9ab-43634b46c1f6,2026-02-10,present,8,Viale monastir
b2ed42de-0064-4604-b885-3ca0a7dd0797,e29ef4e3-a2cd-4328-8cd5-5d17785f1a83,a83f0aec-4e5c-4467-a9ab-43634b46c1f6,2026-02-11,present,8,Viale monastir
a9080c68-ed77-4adc-ac4a-956c70441895,e29ef4e3-a2cd-4328-8cd5-5d17785f1a83,a83f0aec-4e5c-4467-a9ab-43634b46c1f6,2026-02-12,present,8,Viale monastir
2ec15f32-60b2-4e4a-be91-77c2fa804e06,e29ef4e3-a2cd-4328-8cd5-5d17785f1a83,a83f0aec-4e5c-4467-a9ab-43634b46c1f6,2026-02-13,present,8,Viale monastir
ebba3b1d-b0ec-415f-9e5f-f073b762fa47,e29ef4e3-a2cd-4328-8cd5-5d17785f1a83,a83f0aec-4e5c-4467-a9ab-43634b46c1f6,2026-02-16,present,8,Viale monastir
efbc0591-f656-42e9-97e3-0091c7ad113a,e29ef4e3-a2cd-4328-8cd5-5d17785f1a83,a83f0aec-4e5c-4467-a9ab-43634b46c1f6,2026-02-17,present,8,Viale monastir
583f1461-af8c-4bd4-9fc3-095e35904a53,e29ef4e3-a2cd-4328-8cd5-5d17785f1a83,a83f0aec-4e5c-4467-a9ab-43634b46c1f6,2026-02-18,present,8,Viale monastir
891bc596-d60c-4c71-913e-423f0ca3c615,e29ef4e3-a2cd-4328-8cd5-5d17785f1a83,a83f0aec-4e5c-4467-a9ab-43634b46c1f6,2026-02-19,present,8,Viale monastir
06c19b33-46ea-4a38-a89f-c89ca4b2b0d8,e29ef4e3-a2cd-4328-8cd5-5d17785f1a83,a83f0aec-4e5c-4467-a9ab-43634b46c1f6,2026-02-20,present,8,Viale monastir
307730a3-c9b7-411c-bed9-6fe70667a279,b8da2a0d-01f4-40e4-823f-d0e64c0d5a85,a83f0aec-4e5c-4467-a9ab-43634b46c1f6,2026-02-18,present,8,Viale monastir
bb27a9da-0005-4c96-9431-a6a4d0a3b073,b8da2a0d-01f4-40e4-823f-d0e64c0d5a85,a83f0aec-4e5c-4467-a9ab-43634b46c1f6,2026-02-19,present,8,Viale monastir
10e9b26e-5ec8-4d85-bdf7-7868fd480de8,b8da2a0d-01f4-40e4-823f-d0e64c0d5a85,a83f0aec-4e5c-4467-a9ab-43634b46c1f6,2026-02-20,present,8,Viale monastir
39089b07-607a-49b7-87ed-6f794de43424,55c515b0-f4e2-4b80-8d6f-e2755cb31866,a83f0aec-4e5c-4467-a9ab-43634b46c1f6,2026-02-17,present,8,Via mestre
b4582b6d-c8c3-4a02-9b96-142258cfde8a,55c515b0-f4e2-4b80-8d6f-e2755cb31866,a83f0aec-4e5c-4467-a9ab-43634b46c1f6,2026-02-02,present,8,Via mestre
899d1d4c-8ade-42f2-8a2c-52e6340e6353,55c515b0-f4e2-4b80-8d6f-e2755cb31866,a83f0aec-4e5c-4467-a9ab-43634b46c1f6,2026-02-03,present,8,Via mestre
9ee6a92f-88e8-4d23-8585-3a6e7750258a,55c515b0-f4e2-4b80-8d6f-e2755cb31866,a83f0aec-4e5c-4467-a9ab-43634b46c1f6,2026-02-04,present,8,Via mestre
f0d58539-6ddb-4244-bd74-4f5cb6effbc6,55c515b0-f4e2-4b80-8d6f-e2755cb31866,a83f0aec-4e5c-4467-a9ab-43634b46c1f6,2026-02-05,present,8,Via mestre
fb804953-e5c5-4419-bfcd-8e74aeffb2f0,55c515b0-f4e2-4b80-8d6f-e2755cb31866,a83f0aec-4e5c-4467-a9ab-43634b46c1f6,2026-02-06,present,8,Via mestre
be6f2dad-ce0a-4eb6-946e-bb59d8598d50,55c515b0-f4e2-4b80-8d6f-e2755cb31866,a83f0aec-4e5c-4467-a9ab-43634b46c1f6,2026-02-09,present,8,Via mestre
ea92ac40-edef-4ed3-aaf0-58db7b33380e,55c515b0-f4e2-4b80-8d6f-e2755cb31866,a83f0aec-4e5c-4467-a9ab-43634b46c1f6,2026-02-10,present,5,Via mestre
f97c6bd3-29fc-4445-9752-d37289e06e77,55c515b0-f4e2-4b80-8d6f-e2755cb31866,a83f0aec-4e5c-4467-a9ab-43634b46c1f6,2026-02-11,present,8,Via mestre
1d1fc85b-4700-4371-8a7c-c3eb63a96438,55c515b0-f4e2-4b80-8d6f-e2755cb31866,a83f0aec-4e5c-4467-a9ab-43634b46c1f6,2026-02-12,present,8,Via mestre
1e8f6c24-feb2-41b3-9fc9-96deb7761115,55c515b0-f4e2-4b80-8d6f-e2755cb31866,a83f0aec-4e5c-4467-a9ab-43634b46c1f6,2026-02-13,present,8,Via mestre
44253e1b-879b-47d5-b167-f970666c73e9,55c515b0-f4e2-4b80-8d6f-e2755cb31866,a83f0aec-4e5c-4467-a9ab-43634b46c1f6,2026-02-16,present,8,Via mestre
315039f7-6caa-471b-ab0f-11e86d7266a0,55c515b0-f4e2-4b80-8d6f-e2755cb31866,a83f0aec-4e5c-4467-a9ab-43634b46c1f6,2026-02-18,present,8,Via mestre
152f6b3d-19be-479b-b516-d9c70c1090f2,55c515b0-f4e2-4b80-8d6f-e2755cb31866,a83f0aec-4e5c-4467-a9ab-43634b46c1f6,2026-02-19,present,5,Via mestre
0db9a668-adf1-491d-b4a0-2e7413bc8f88,55c515b0-f4e2-4b80-8d6f-e2755cb31866,a83f0aec-4e5c-4467-a9ab-43634b46c1f6,2026-02-20,present,8,Via mestre
29e246bf-5917-47d4-8d8e-be0adda41c19,0dd64ca9-1964-46eb-8f97-a71315c8b1ed,a83f0aec-4e5c-4467-a9ab-43634b46c1f6,2026-04-14,present,8,Via copernico
ac6779c0-870b-4e94-99e3-2d520ab99d3b,cff16040-6983-48f2-b49c-1fa06f131879,a83f0aec-4e5c-4467-a9ab-43634b46c1f6,2026-04-10,present,8,Via fadda/alghero
dd9d7356-ee85-40f7-86ac-3419963dda5b,0dd64ca9-1964-46eb-8f97-a71315c8b1ed,a83f0aec-4e5c-4467-a9ab-43634b46c1f6,2026-04-09,present,8,Via copernico
73676c82-74b4-4402-a42a-433b7d28d979,0dd64ca9-1964-46eb-8f97-a71315c8b1ed,a83f0aec-4e5c-4467-a9ab-43634b46c1f6,2026-04-13,present,8,Via copernico
50c9cfad-ac69-4396-9dc6-84db06b663ca,b667d9a9-f058-4fd7-90bf-62cdef8d5672,a83f0aec-4e5c-4467-a9ab-43634b46c1f6,2026-04-08,present,8,Via giotto
afa62367-aa29-4800-9a1f-87fc954616b9,b667d9a9-f058-4fd7-90bf-62cdef8d5672,a83f0aec-4e5c-4467-a9ab-43634b46c1f6,2026-04-09,present,8,Via giotto
03be5b5e-f117-40f4-bf8e-9aded7bb9510,b667d9a9-f058-4fd7-90bf-62cdef8d5672,a83f0aec-4e5c-4467-a9ab-43634b46c1f6,2026-04-13,present,8,Via giotto
4b4c69a6-de2a-4147-8e76-6ebdb6a90c77,07cba65e-e2f7-495c-8b24-2192173054a0,a83f0aec-4e5c-4467-a9ab-43634b46c1f6,2026-04-09,present,8,Via strauss
1c57b307-51b7-4bd5-95c2-6d785a64ca52,07cba65e-e2f7-495c-8b24-2192173054a0,a83f0aec-4e5c-4467-a9ab-43634b46c1f6,2026-04-10,present,8,Via strauss
c77493a9-753c-40ab-95a4-deccfb06b8e0,07cba65e-e2f7-495c-8b24-2192173054a0,a83f0aec-4e5c-4467-a9ab-43634b46c1f6,2026-04-14,present,8,Via strauss
971b7491-b858-4f7e-893c-a33956021207,be17adcf-4219-4796-958f-51e2b5e0cf92,a83f0aec-4e5c-4467-a9ab-43634b46c1f6,2026-04-08,present,8,Via monte grappa 
5efa9722-5000-4cc8-b738-784e71b8a35a,be17adcf-4219-4796-958f-51e2b5e0cf92,a83f0aec-4e5c-4467-a9ab-43634b46c1f6,2026-04-09,present,8,Via monte grappa
5daa1bcc-54e0-4424-bdf6-3dd56125515c,be17adcf-4219-4796-958f-51e2b5e0cf92,a83f0aec-4e5c-4467-a9ab-43634b46c1f6,2026-04-10,present,8,Via monte grappa
10fe2d25-59af-497d-8d0d-49b7d62dd224,33872abe-802f-47d0-8614-f4d206fff08f,a83f0aec-4e5c-4467-a9ab-43634b46c1f6,2026-02-13,present,8,Via mestre
c46c5b9e-b7eb-4729-a14f-82d1e2a424bf,a335efe4-d86c-4f3f-a2a1-b4abc123d167,a83f0aec-4e5c-4467-a9ab-43634b46c1f6,2026-04-15,holiday,0,""
8e2c3bbd-bd8e-4674-90a9-88c724bc4ed6,0dd64ca9-1964-46eb-8f97-a71315c8b1ed,a83f0aec-4e5c-4467-a9ab-43634b46c1f6,2026-09-03,sick,0,""
2f699895-93c6-435f-9872-2046f52f53a4,42b77da1-31e4-4197-88a5-2679c57fac56,a83f0aec-4e5c-4467-a9ab-43634b46c1f6,2026-04-09,present,8,Via strauss
da4d299e-a386-41e8-80a8-98513a925bce,42b77da1-31e4-4197-88a5-2679c57fac56,a83f0aec-4e5c-4467-a9ab-43634b46c1f6,2026-04-10,present,8,Via strauss
38f98779-0810-421d-9d3d-402bed087e47,33872abe-802f-47d0-8614-f4d206fff08f,a83f0aec-4e5c-4467-a9ab-43634b46c1f6,2026-02-02,present,8,Via mestre
00c59c55-d382-4206-892d-5205d8a86590,33872abe-802f-47d0-8614-f4d206fff08f,a83f0aec-4e5c-4467-a9ab-43634b46c1f6,2026-02-03,present,8,Via mestre
61c47bb3-db4f-41ef-b5c1-824df0e60637,33872abe-802f-47d0-8614-f4d206fff08f,a83f0aec-4e5c-4467-a9ab-43634b46c1f6,2026-02-05,present,8,Via mestre
e1560851-0740-4ec3-824e-4fff18cb9e23,33872abe-802f-47d0-8614-f4d206fff08f,a83f0aec-4e5c-4467-a9ab-43634b46c1f6,2026-02-12,present,8,Via mestre
35df562e-948f-4232-94bd-8a82c2cc9708,33872abe-802f-47d0-8614-f4d206fff08f,a83f0aec-4e5c-4467-a9ab-43634b46c1f6,2026-02-16,present,8,Via mestre
c8b9e48f-1741-40e6-84c0-6be3694f6238,33872abe-802f-47d0-8614-f4d206fff08f,a83f0aec-4e5c-4467-a9ab-43634b46c1f6,2026-02-17,present,8,Via mestre
30b742a6-6f2b-4ecf-8732-dedd1235e7ea,33872abe-802f-47d0-8614-f4d206fff08f,a83f0aec-4e5c-4467-a9ab-43634b46c1f6,2026-02-20,sick,0,""
ea9b5351-86bb-4faf-87d8-0678572212a8,42b77da1-31e4-4197-88a5-2679c57fac56,a83f0aec-4e5c-4467-a9ab-43634b46c1f6,2026-04-13,present,8,Via strauss
8cc3799a-eb52-4e6f-89c7-fdb34c9baf07,42b77da1-31e4-4197-88a5-2679c57fac56,a83f0aec-4e5c-4467-a9ab-43634b46c1f6,2026-04-14,present,8,Via strauss
99a58dba-9d11-4ac2-a681-6312b210c9e3,2f76e93b-41a3-4e8b-8741-8b3e03d8db85,a83f0aec-4e5c-4467-a9ab-43634b46c1f6,2026-04-08,present,8,Via fadda/alghero
01a5fb6c-d423-47a5-b15b-abd8808df5b5,2f76e93b-41a3-4e8b-8741-8b3e03d8db85,a83f0aec-4e5c-4467-a9ab-43634b46c1f6,2026-04-09,present,8,Via fadda/alghero
c334de42-35cf-4401-951a-c3588d4c748d,2f76e93b-41a3-4e8b-8741-8b3e03d8db85,a83f0aec-4e5c-4467-a9ab-43634b46c1f6,2026-04-10,present,8,Via fadda/alghero
2281ebeb-2cd8-4d9d-a962-d8994af00c9c,2f76e93b-41a3-4e8b-8741-8b3e03d8db85,a83f0aec-4e5c-4467-a9ab-43634b46c1f6,2026-04-13,present,8,Via fadda/alghero
be5de15b-715d-480b-abbf-b521bea896cb,2f76e93b-41a3-4e8b-8741-8b3e03d8db85,a83f0aec-4e5c-4467-a9ab-43634b46c1f6,2026-04-14,present,8,Via fadda/alghero
04331a51-7277-40a8-9800-8ce2c6979e16,2197b6fd-9cb2-4d34-8118-cf9f11b573d7,a83f0aec-4e5c-4467-a9ab-43634b46c1f6,2026-04-08,present,8,Via giotto
d9766d8c-5fc4-41a1-91d9-8c2091ca004d,2197b6fd-9cb2-4d34-8118-cf9f11b573d7,a83f0aec-4e5c-4467-a9ab-43634b46c1f6,2026-04-09,present,8,Via giotto
14992c2d-7a97-426b-a819-3ca03ff3dbd5,b667d9a9-f058-4fd7-90bf-62cdef8d5672,a83f0aec-4e5c-4467-a9ab-43634b46c1f6,2026-05-20,present,8,Via fadda/alghero
e2c2ee51-0d7b-49a4-9d01-bbf4c3d8a8b0,cff16040-6983-48f2-b49c-1fa06f131879,a83f0aec-4e5c-4467-a9ab-43634b46c1f6,2026-05-06,present,8,Via copernico
6f899826-bf68-4a43-bf3f-2bc1276ad4ff,1c0f2692-e1e4-40fe-907e-6023010d5f19,a83f0aec-4e5c-4467-a9ab-43634b46c1f6,2026-05-26,present,4,Via dante
57386c26-7b24-4737-b21b-1c55d4c70162,cff16040-6983-48f2-b49c-1fa06f131879,a83f0aec-4e5c-4467-a9ab-43634b46c1f6,2026-05-11,present,8,Via copernico
1edeb15c-203a-4985-8577-ce2026960525,1c0f2692-e1e4-40fe-907e-6023010d5f19,a83f0aec-4e5c-4467-a9ab-43634b46c1f6,2026-05-21,present,4,Via dante
be760f9c-6a45-491c-8a4f-cd1b8062fe50,1c0f2692-e1e4-40fe-907e-6023010d5f19,a83f0aec-4e5c-4467-a9ab-43634b46c1f6,2026-05-15,present,4,Via dante
dc3260ce-6554-4ab3-a139-53888d85c3da,1c0f2692-e1e4-40fe-907e-6023010d5f19,a83f0aec-4e5c-4467-a9ab-43634b46c1f6,2026-05-12,present,4,Via dante
5dfe4dc7-4ad7-4d58-81e5-dfce40ba9c23,bd23f301-51a8-4e05-a640-c66306e27ef6,a83f0aec-4e5c-4467-a9ab-43634b46c1f6,2026-05-07,present,8,Via mestre
ceab81f8-07b1-4189-8300-bbe1b194ee87,bd23f301-51a8-4e05-a640-c66306e27ef6,a83f0aec-4e5c-4467-a9ab-43634b46c1f6,2026-05-15,present,8,Via mestre
fa7251c4-bc46-423b-b7db-ef1e0ca1643c,bd23f301-51a8-4e05-a640-c66306e27ef6,a83f0aec-4e5c-4467-a9ab-43634b46c1f6,2026-05-19,present,8,Via mestre
f86b4948-3d53-470c-b7d7-5493397e4f62,bd23f301-51a8-4e05-a640-c66306e27ef6,a83f0aec-4e5c-4467-a9ab-43634b46c1f6,2026-05-26,present,8,Via mestre
ec25fa76-f3dc-47fb-8c5a-38ac8e8251b2,cff16040-6983-48f2-b49c-1fa06f131879,a83f0aec-4e5c-4467-a9ab-43634b46c1f6,2026-05-18,present,8,Via copernico
6fd70dff-c55d-4ae4-806d-066c5a028384,bd23f301-51a8-4e05-a640-c66306e27ef6,a83f0aec-4e5c-4467-a9ab-43634b46c1f6,2026-05-28,present,8,Via mestre
408bc45c-2bde-41bd-8be5-a250c92387e9,bd23f301-51a8-4e05-a640-c66306e27ef6,a83f0aec-4e5c-4467-a9ab-43634b46c1f6,2026-05-29,present,8,Via mestre
af76319c-4dc3-4453-9023-072a5978bf7b,0af3ee03-5ad8-4726-81bb-ba490b621682,a83f0aec-4e5c-4467-a9ab-43634b46c1f6,2026-05-05,present,8,Via mestre
9c207251-0c93-4a83-8156-841a23c829f7,0af3ee03-5ad8-4726-81bb-ba490b621682,a83f0aec-4e5c-4467-a9ab-43634b46c1f6,2026-05-07,present,8,Via mestre
be037bc7-9e62-4123-9522-1da42a8d8415,0af3ee03-5ad8-4726-81bb-ba490b621682,a83f0aec-4e5c-4467-a9ab-43634b46c1f6,2026-05-08,present,8,Via mestre
dd6a67b4-c28b-48fb-a1f9-5f8e0eb1c0ce,cff16040-6983-48f2-b49c-1fa06f131879,a83f0aec-4e5c-4467-a9ab-43634b46c1f6,2026-05-19,present,8,Via copernico
0a4aa470-56d8-491a-8c3a-e7e2462b4223,cff16040-6983-48f2-b49c-1fa06f131879,a83f0aec-4e5c-4467-a9ab-43634b46c1f6,2026-05-21,present,8,Via copernico
06ec0bd2-4098-49bd-a1cb-5876aca81150,cff16040-6983-48f2-b49c-1fa06f131879,a83f0aec-4e5c-4467-a9ab-43634b46c1f6,2026-05-27,present,8,Via copernico
4740fa10-0c2f-4eba-8a81-b553ddc47739,cff16040-6983-48f2-b49c-1fa06f131879,a83f0aec-4e5c-4467-a9ab-43634b46c1f6,2026-05-28,present,8,Via copernico
3daa0b43-06b5-4b52-9dab-14fba8eb0804,0dd64ca9-1964-46eb-8f97-a71315c8b1ed,a83f0aec-4e5c-4467-a9ab-43634b46c1f6,2026-05-04,present,8,Via copernico
190ef3b1-e981-48f7-be7d-7bb5ef0a3c1f,0dd64ca9-1964-46eb-8f97-a71315c8b1ed,a83f0aec-4e5c-4467-a9ab-43634b46c1f6,2026-05-08,present,8,Via copernico
85cb624a-41dc-4416-bb17-a29ea5c6e10f,0dd64ca9-1964-46eb-8f97-a71315c8b1ed,a83f0aec-4e5c-4467-a9ab-43634b46c1f6,2026-05-22,present,8,Via copernico
ed91d4ec-c41a-4efd-aad2-108783431bc5,0dd64ca9-1964-46eb-8f97-a71315c8b1ed,a83f0aec-4e5c-4467-a9ab-43634b46c1f6,2026-05-12,present,8,Via copernico
b7767c74-09ee-4a5a-87c6-0b6810b20e70,0dd64ca9-1964-46eb-8f97-a71315c8b1ed,a83f0aec-4e5c-4467-a9ab-43634b46c1f6,2026-05-13,present,8,Via copernico
4b8d4ec1-12ca-4bc7-92fd-f4931c9d9df4,0dd64ca9-1964-46eb-8f97-a71315c8b1ed,a83f0aec-4e5c-4467-a9ab-43634b46c1f6,2026-05-15,present,8,Via copernico
5433c604-156b-4185-92d2-04fc214c309c,0dd64ca9-1964-46eb-8f97-a71315c8b1ed,a83f0aec-4e5c-4467-a9ab-43634b46c1f6,2026-05-18,present,8,Via copernico
9b06c966-5f5e-4a25-a3d7-970a674cab05,0dd64ca9-1964-46eb-8f97-a71315c8b1ed,a83f0aec-4e5c-4467-a9ab-43634b46c1f6,2026-05-19,present,8,Via copernico
55f77d27-ae8e-46e7-afc6-92e91a9924a6,0dd64ca9-1964-46eb-8f97-a71315c8b1ed,a83f0aec-4e5c-4467-a9ab-43634b46c1f6,2026-05-21,present,8,Via copernico
aa9eef64-f1ab-4bc8-ab75-fd61eef8a4bc,0dd64ca9-1964-46eb-8f97-a71315c8b1ed,a83f0aec-4e5c-4467-a9ab-43634b46c1f6,2026-05-25,present,8,Via copernico
fdc3f502-e5dd-4769-92ef-ac2b4e285a20,0dd64ca9-1964-46eb-8f97-a71315c8b1ed,a83f0aec-4e5c-4467-a9ab-43634b46c1f6,2026-05-28,present,8,Via copernico
12185f33-efe2-4980-b641-713ef7650187,b667d9a9-f058-4fd7-90bf-62cdef8d5672,a83f0aec-4e5c-4467-a9ab-43634b46c1f6,2026-05-07,present,8,Via fadda/alghero
c549e95b-b345-405b-a8ee-09811ab48e24,b667d9a9-f058-4fd7-90bf-62cdef8d5672,a83f0aec-4e5c-4467-a9ab-43634b46c1f6,2026-05-11,present,8,Via fadda/alghero
aaa3248f-1327-4ca6-96c6-6cc41f20ae98,b667d9a9-f058-4fd7-90bf-62cdef8d5672,a83f0aec-4e5c-4467-a9ab-43634b46c1f6,2026-05-28,present,8,Via fadda/alghero
99361abd-bb85-4f86-a8bc-10f568b3a285,b667d9a9-f058-4fd7-90bf-62cdef8d5672,a83f0aec-4e5c-4467-a9ab-43634b46c1f6,2026-05-14,present,8,Via fadda/alghero
4c6b6361-eca5-48a4-9b92-e1bda4cb4a18,b667d9a9-f058-4fd7-90bf-62cdef8d5672,a83f0aec-4e5c-4467-a9ab-43634b46c1f6,2026-05-15,present,8,Via fadda/alghero
e9ec62eb-d7f2-4ae9-af66-7e1ed8e24f30,07cba65e-e2f7-495c-8b24-2192173054a0,a83f0aec-4e5c-4467-a9ab-43634b46c1f6,2026-05-06,present,8,Via fadda/alghero
fca36259-a295-4fa8-9645-bd372acbe42f,07cba65e-e2f7-495c-8b24-2192173054a0,a83f0aec-4e5c-4467-a9ab-43634b46c1f6,2026-05-08,present,8,Via fadda/alghero
76fce4c5-7514-4288-94ac-ea0fa696c201,07cba65e-e2f7-495c-8b24-2192173054a0,a83f0aec-4e5c-4467-a9ab-43634b46c1f6,2026-05-12,present,8,Via fadda/alghero
f7593ebb-b19b-4530-aa59-9b646522bf44,07cba65e-e2f7-495c-8b24-2192173054a0,a83f0aec-4e5c-4467-a9ab-43634b46c1f6,2026-05-18,present,8,Via fadda/alghero
f6a08dd8-61a1-4ec5-a35e-0417fc2eaaf8,07cba65e-e2f7-495c-8b24-2192173054a0,a83f0aec-4e5c-4467-a9ab-43634b46c1f6,2026-05-21,present,8,Via fadda/alghero
67b48a61-dfe6-4c3c-bab3-51a9660afc94,be17adcf-4219-4796-958f-51e2b5e0cf92,a83f0aec-4e5c-4467-a9ab-43634b46c1f6,2026-05-05,present,8,Via strauss
5dba71ca-dadd-48c3-9ab8-7674889d4269,07cba65e-e2f7-495c-8b24-2192173054a0,a83f0aec-4e5c-4467-a9ab-43634b46c1f6,2026-05-22,present,8,Via fadda/alghero
44b909c4-9ada-4dfd-a558-d60b9e2b2141,be17adcf-4219-4796-958f-51e2b5e0cf92,a83f0aec-4e5c-4467-a9ab-43634b46c1f6,2026-05-08,present,8,Via strauss
f444f31f-0575-4c57-9d1f-300869f47e8b,be17adcf-4219-4796-958f-51e2b5e0cf92,a83f0aec-4e5c-4467-a9ab-43634b46c1f6,2026-05-13,present,8,Via strauss
4e0d48b8-f811-4582-8f86-ae127f4536a1,be17adcf-4219-4796-958f-51e2b5e0cf92,a83f0aec-4e5c-4467-a9ab-43634b46c1f6,2026-05-19,present,8,Via strauss
6f77f559-d088-4be3-940f-196969d17782,0dd64ca9-1964-46eb-8f97-a71315c8b1ed,a83f0aec-4e5c-4467-a9ab-43634b46c1f6,2026-09-04,sick,0,""
4ee67a75-c194-4848-8e25-7a1df85cbe09,be17adcf-4219-4796-958f-51e2b5e0cf92,a83f0aec-4e5c-4467-a9ab-43634b46c1f6,2026-05-20,present,8,Via strauss
aa0db298-b31e-4ea6-abd9-d40190f4c114,33872abe-802f-47d0-8614-f4d206fff08f,a83f0aec-4e5c-4467-a9ab-43634b46c1f6,2026-02-06,present,8,Via mestre
ace54854-cb2c-40b0-b5ed-d4fc1e5f9672,33872abe-802f-47d0-8614-f4d206fff08f,a83f0aec-4e5c-4467-a9ab-43634b46c1f6,2026-02-09,present,8,Via mestre
5cf19bd9-fff0-41c1-878a-ea3f20c34f4a,33872abe-802f-47d0-8614-f4d206fff08f,a83f0aec-4e5c-4467-a9ab-43634b46c1f6,2026-02-11,present,8,Via mestre
ba383bd5-e02b-499b-8bd7-c44a6cec72db,33872abe-802f-47d0-8614-f4d206fff08f,a83f0aec-4e5c-4467-a9ab-43634b46c1f6,2026-02-19,sick,0,""
e78e9f4a-9ee3-4ae8-93c9-83006e272428,cff16040-6983-48f2-b49c-1fa06f131879,a83f0aec-4e5c-4467-a9ab-43634b46c1f6,2026-05-12,present,8,Via copernico
f6a3e581-2e68-4972-9925-38f0c9ae29c5,ed36110d-a2cf-4a88-91c7-0d23f758cd4c,a83f0aec-4e5c-4467-a9ab-43634b46c1f6,2026-04-08,present,6,Via giotto
944f909f-3993-4ea8-a44b-be79aff664f6,ed36110d-a2cf-4a88-91c7-0d23f758cd4c,a83f0aec-4e5c-4467-a9ab-43634b46c1f6,2026-04-09,present,6,Via giotto
f6c6aafa-94af-47ee-9f80-708fe0343672,cff16040-6983-48f2-b49c-1fa06f131879,a83f0aec-4e5c-4467-a9ab-43634b46c1f6,2026-05-14,present,8,Via copernico
8f661c49-2e52-432c-8ed0-614101895fe4,ed36110d-a2cf-4a88-91c7-0d23f758cd4c,a83f0aec-4e5c-4467-a9ab-43634b46c1f6,2026-04-10,present,6,Via giotto
437e394a-ad1b-4223-bec1-105246ad22fe,ed36110d-a2cf-4a88-91c7-0d23f758cd4c,a83f0aec-4e5c-4467-a9ab-43634b46c1f6,2026-04-13,present,6,Via giotto
d12525b7-af26-486a-a1de-403ee3882e8e,a1126a85-fd22-4cb7-af46-19697bfc7079,a83f0aec-4e5c-4467-a9ab-43634b46c1f6,2026-08-03,present,8,Via copernico
754c5a0d-a4f4-4fd3-a1e0-47d95f467e00,a1126a85-fd22-4cb7-af46-19697bfc7079,a83f0aec-4e5c-4467-a9ab-43634b46c1f6,2026-08-04,present,8,Via copernico
fbf032d6-b68c-4da9-9d55-d29473ca6ba3,a1126a85-fd22-4cb7-af46-19697bfc7079,a83f0aec-4e5c-4467-a9ab-43634b46c1f6,2026-08-05,present,8,Via copernico
4ab46f0f-5749-4596-b46a-9cbe2e91dc0a,07cba65e-e2f7-495c-8b24-2192173054a0,a83f0aec-4e5c-4467-a9ab-43634b46c1f6,2026-08-10,present,8,Via copernico
257029a5-4244-4eb5-994e-3942d82aa10d,07cba65e-e2f7-495c-8b24-2192173054a0,a83f0aec-4e5c-4467-a9ab-43634b46c1f6,2026-08-12,holiday,0,""
be274bf4-5d4c-4db4-8686-e5a7b9b185fa,07cba65e-e2f7-495c-8b24-2192173054a0,a83f0aec-4e5c-4467-a9ab-43634b46c1f6,2026-08-14,holiday,0,""
0d368d95-078c-4c56-a2ca-7a2121fd6dc8,9fc12cbc-5f92-485a-84d9-a7f2413e2cfb,a83f0aec-4e5c-4467-a9ab-43634b46c1f6,2026-04-09,present,8,Via fadda/alghero
65a0998c-2303-4b16-ad99-37820cccd018,cff16040-6983-48f2-b49c-1fa06f131879,a83f0aec-4e5c-4467-a9ab-43634b46c1f6,2026-05-20,present,8,Via copernico
332d4113-981e-44d4-81cf-b6cbb03efb8d,9fc12cbc-5f92-485a-84d9-a7f2413e2cfb,a83f0aec-4e5c-4467-a9ab-43634b46c1f6,2026-04-10,present,8,Via fadda/alghero
27e8619a-3705-469d-9b09-be9b7fcad5ff,9fc12cbc-5f92-485a-84d9-a7f2413e2cfb,a83f0aec-4e5c-4467-a9ab-43634b46c1f6,2026-04-13,present,8,Via fadda/alghero
176c245c-08ae-40b5-858a-ac636a6fe4ed,9fc12cbc-5f92-485a-84d9-a7f2413e2cfb,a83f0aec-4e5c-4467-a9ab-43634b46c1f6,2026-04-14,present,8,Via fadda/alghero
916f7f11-54b3-4d74-963b-88a1c2dc6f70,cff16040-6983-48f2-b49c-1fa06f131879,a83f0aec-4e5c-4467-a9ab-43634b46c1f6,2026-05-26,present,8,Via copernico
5b7b30ee-f9eb-4b8a-950d-0e896e808b09,0dd64ca9-1964-46eb-8f97-a71315c8b1ed,a83f0aec-4e5c-4467-a9ab-43634b46c1f6,2026-05-07,present,8,Via copernico
d90b7f45-404e-4345-a82d-76ffa9d115c3,0dd64ca9-1964-46eb-8f97-a71315c8b1ed,a83f0aec-4e5c-4467-a9ab-43634b46c1f6,2026-05-11,present,8,Via copernico
6a948ff8-6f89-43de-932c-b9cd6ebdbf35,0dd64ca9-1964-46eb-8f97-a71315c8b1ed,a83f0aec-4e5c-4467-a9ab-43634b46c1f6,2026-05-20,present,8,Via copernico
a13c00ea-6b92-4f51-b18e-f052d6baf2fa,0dd64ca9-1964-46eb-8f97-a71315c8b1ed,a83f0aec-4e5c-4467-a9ab-43634b46c1f6,2026-05-26,present,8,Via copernico
fdeb25d9-1efd-4765-a9d7-ea55d1ab4155,be17adcf-4219-4796-958f-51e2b5e0cf92,a83f0aec-4e5c-4467-a9ab-43634b46c1f6,2026-05-14,present,8,Via strauss
382f03a8-43f7-4b6c-832e-21cb570960ed,b667d9a9-f058-4fd7-90bf-62cdef8d5672,a83f0aec-4e5c-4467-a9ab-43634b46c1f6,2026-05-04,present,8,Via fadda/alghero
e1f76ceb-124e-4384-9a3c-ff7f88ab25a9,b667d9a9-f058-4fd7-90bf-62cdef8d5672,a83f0aec-4e5c-4467-a9ab-43634b46c1f6,2026-05-05,present,8,Via fadda/alghero
fbc31641-1682-4b20-acf9-6281efce8f8b,b667d9a9-f058-4fd7-90bf-62cdef8d5672,a83f0aec-4e5c-4467-a9ab-43634b46c1f6,2026-05-12,present,8,Via fadda/alghero
b5abf0aa-2fd7-4aa2-901a-22a226617622,b667d9a9-f058-4fd7-90bf-62cdef8d5672,a83f0aec-4e5c-4467-a9ab-43634b46c1f6,2026-05-18,present,8,Via fadda/alghero
64316f36-32ad-4f24-90f1-01e0ef857b2c,b667d9a9-f058-4fd7-90bf-62cdef8d5672,a83f0aec-4e5c-4467-a9ab-43634b46c1f6,2026-05-25,present,8,Via fadda/alghero
3a1ba20b-8b79-469b-9c61-bbb7ce550288,b667d9a9-f058-4fd7-90bf-62cdef8d5672,a83f0aec-4e5c-4467-a9ab-43634b46c1f6,2026-05-26,present,8,Via fadda/alghero
7b3c70c6-36e5-4ef9-b6e7-12849f645e25,07cba65e-e2f7-495c-8b24-2192173054a0,a83f0aec-4e5c-4467-a9ab-43634b46c1f6,2026-05-05,present,8,Via fadda/alghero
8e50cbbc-d2d1-4a0d-87bd-dc0eebc3740d,07cba65e-e2f7-495c-8b24-2192173054a0,a83f0aec-4e5c-4467-a9ab-43634b46c1f6,2026-05-11,present,8,Via fadda/alghero
4663b984-71a3-4a19-aab5-89ac10dd9379,07cba65e-e2f7-495c-8b24-2192173054a0,a83f0aec-4e5c-4467-a9ab-43634b46c1f6,2026-05-13,present,8,Via fadda/alghero
0be0ffe1-795f-44db-a374-6ed58e03d495,07cba65e-e2f7-495c-8b24-2192173054a0,a83f0aec-4e5c-4467-a9ab-43634b46c1f6,2026-05-14,present,8,Via fadda/alghero
65eb26fd-8569-44a4-bb17-a12bca338b0d,07cba65e-e2f7-495c-8b24-2192173054a0,a83f0aec-4e5c-4467-a9ab-43634b46c1f6,2026-05-19,present,8,Via fadda/alghero
e35e57a5-4f02-45e6-99b0-7c5dcc03d74d,07cba65e-e2f7-495c-8b24-2192173054a0,a83f0aec-4e5c-4467-a9ab-43634b46c1f6,2026-08-18,holiday,0,""
5088122a-74ba-4334-a076-d6f275064101,be17adcf-4219-4796-958f-51e2b5e0cf92,a83f0aec-4e5c-4467-a9ab-43634b46c1f6,2026-05-15,present,8,Via strauss
8f058076-916a-4381-9031-f123e20be2d3,07cba65e-e2f7-495c-8b24-2192173054a0,a83f0aec-4e5c-4467-a9ab-43634b46c1f6,2026-05-26,present,8,Via fadda/alghero
a0ec49a2-3556-40aa-96bb-3e2ecf5f96a5,07cba65e-e2f7-495c-8b24-2192173054a0,a83f0aec-4e5c-4467-a9ab-43634b46c1f6,2026-05-27,present,8,Via fadda/alghero
f6208d6d-812b-42eb-9dc8-043b368b55ab,07cba65e-e2f7-495c-8b24-2192173054a0,a83f0aec-4e5c-4467-a9ab-43634b46c1f6,2026-08-20,holiday,0,""
07267962-982f-4cd9-aac4-ffd051a4b50f,be17adcf-4219-4796-958f-51e2b5e0cf92,a83f0aec-4e5c-4467-a9ab-43634b46c1f6,2026-05-06,present,8,Via strauss
e513d356-1040-4c2c-bef3-f93e6602aa5c,be17adcf-4219-4796-958f-51e2b5e0cf92,a83f0aec-4e5c-4467-a9ab-43634b46c1f6,2026-05-07,present,8,Via strauss
ebd7de2b-59bc-4783-930a-19bd0f7c0ce5,07cba65e-e2f7-495c-8b24-2192173054a0,a83f0aec-4e5c-4467-a9ab-43634b46c1f6,2026-08-24,holiday,0,""
cb4538c9-3b23-45f1-8ef5-50210ada80db,e29ef4e3-a2cd-4328-8cd5-5d17785f1a83,a83f0aec-4e5c-4467-a9ab-43634b46c1f6,2026-06-16,present,8,Via mandrolisai
93923bbe-40fc-4f4b-8fbe-78339dfa38d8,e29ef4e3-a2cd-4328-8cd5-5d17785f1a83,a83f0aec-4e5c-4467-a9ab-43634b46c1f6,2026-06-17,present,8,Via mandrolisai
4d6f0cb5-8b0b-4411-a4e3-ffea3bd96b9e,e29ef4e3-a2cd-4328-8cd5-5d17785f1a83,a83f0aec-4e5c-4467-a9ab-43634b46c1f6,2026-06-22,present,8,Via mandrolisai
de9b3c0e-a60e-4546-8f53-0f7a5feab94d,e29ef4e3-a2cd-4328-8cd5-5d17785f1a83,a83f0aec-4e5c-4467-a9ab-43634b46c1f6,2026-06-26,present,8,Via mandrolisai
10753942-6433-4498-82d8-548fb23c9bf2,e29ef4e3-a2cd-4328-8cd5-5d17785f1a83,a83f0aec-4e5c-4467-a9ab-43634b46c1f6,2026-06-29,present,8,Via mandrolisai
f3c7f8a7-fd9c-4e80-b51b-54a4a13dd45b,b8da2a0d-01f4-40e4-823f-d0e64c0d5a85,a83f0aec-4e5c-4467-a9ab-43634b46c1f6,2026-06-01,present,8,Via mandrolisai
c17a1945-8fba-4de3-83dd-2765a6bd05b1,b8da2a0d-01f4-40e4-823f-d0e64c0d5a85,a83f0aec-4e5c-4467-a9ab-43634b46c1f6,2026-06-03,present,8,Via mandrolisai
389e39ac-18a7-4ec4-b631-ea44b18e0d64,b8da2a0d-01f4-40e4-823f-d0e64c0d5a85,a83f0aec-4e5c-4467-a9ab-43634b46c1f6,2026-06-10,present,8,Via mandrolisai
2fb7164e-2b96-4b71-b371-3bf2cab237b6,b8da2a0d-01f4-40e4-823f-d0e64c0d5a85,a83f0aec-4e5c-4467-a9ab-43634b46c1f6,2026-06-17,present,8,Via mandrolisai
99de459b-0495-44b7-9900-a9556d74e3bd,b8da2a0d-01f4-40e4-823f-d0e64c0d5a85,a83f0aec-4e5c-4467-a9ab-43634b46c1f6,2026-06-19,present,8,Via mandrolisai
40f41b9f-7a82-44cd-b964-1fcafdb47896,b8da2a0d-01f4-40e4-823f-d0e64c0d5a85,a83f0aec-4e5c-4467-a9ab-43634b46c1f6,2026-06-24,present,8,Via mandrolisai
0d838213-3e47-4394-a3e0-08775cde33be,b8da2a0d-01f4-40e4-823f-d0e64c0d5a85,a83f0aec-4e5c-4467-a9ab-43634b46c1f6,2026-06-25,present,8,Via mandrolisai
02c981ae-eec7-4c9f-b57e-d2a4da7c477e,b8da2a0d-01f4-40e4-823f-d0e64c0d5a85,a83f0aec-4e5c-4467-a9ab-43634b46c1f6,2026-06-26,present,8,Via mandrolisai
768ffe34-6e8d-458a-8a67-925c6b245de5,55c515b0-f4e2-4b80-8d6f-e2755cb31866,a83f0aec-4e5c-4467-a9ab-43634b46c1f6,2026-06-03,present,8,Via mestre
b41f073c-3197-41d9-9cc1-58517c2760a8,b8da2a0d-01f4-40e4-823f-d0e64c0d5a85,a83f0aec-4e5c-4467-a9ab-43634b46c1f6,2026-06-30,present,8,Via mandrolisai
6d6da280-e223-4a4c-a80d-5d0085bde779,0af3ee03-5ad8-4726-81bb-ba490b621682,a83f0aec-4e5c-4467-a9ab-43634b46c1f6,2026-06-01,present,8,Via mandrolisai
d8b815b4-7a28-455b-aaaf-9e61b856c872,0af3ee03-5ad8-4726-81bb-ba490b621682,a83f0aec-4e5c-4467-a9ab-43634b46c1f6,2026-06-05,present,8,Via mandrolisai
9100229e-e827-49a5-a5bb-5120a729633e,bd23f301-51a8-4e05-a640-c66306e27ef6,a83f0aec-4e5c-4467-a9ab-43634b46c1f6,2026-06-03,present,8,Via mandrolisai
a75f943b-f6f3-432d-b116-498044202cb9,bd23f301-51a8-4e05-a640-c66306e27ef6,a83f0aec-4e5c-4467-a9ab-43634b46c1f6,2026-06-08,present,8,Via mandrolisai
ac8fcaff-0c15-4ed3-88ab-766a6597ba66,bd23f301-51a8-4e05-a640-c66306e27ef6,a83f0aec-4e5c-4467-a9ab-43634b46c1f6,2026-06-05,present,8,Via mandrolisai
59f4cedc-5661-44ce-8c17-64f6ae4a10ab,bd23f301-51a8-4e05-a640-c66306e27ef6,a83f0aec-4e5c-4467-a9ab-43634b46c1f6,2026-06-09,present,8,Via mandrolisai
e8ade984-915b-4dde-9ead-ad1deb63fd6d,bd23f301-51a8-4e05-a640-c66306e27ef6,a83f0aec-4e5c-4467-a9ab-43634b46c1f6,2026-06-10,present,8,Via mandrolisai
be5d3710-7981-4f07-a2be-27ce8648d18d,33872abe-802f-47d0-8614-f4d206fff08f,a83f0aec-4e5c-4467-a9ab-43634b46c1f6,2026-02-04,present,8,Via mestre
9a6de7e0-78b7-4ef7-80fa-f1748a5c8218,33872abe-802f-47d0-8614-f4d206fff08f,a83f0aec-4e5c-4467-a9ab-43634b46c1f6,2026-02-10,present,8,Via mestre
45608440-d96d-4e56-a1e0-acd962434690,33872abe-802f-47d0-8614-f4d206fff08f,a83f0aec-4e5c-4467-a9ab-43634b46c1f6,2026-02-18,present,8,Via mestre
b3b7f3cf-7626-405f-8389-613881e74978,42b77da1-31e4-4197-88a5-2679c57fac56,a83f0aec-4e5c-4467-a9ab-43634b46c1f6,2026-02-23,present,8,Via donoratico
f03be78b-218a-4502-b220-61c80d28e727,1c0f2692-e1e4-40fe-907e-6023010d5f19,a83f0aec-4e5c-4467-a9ab-43634b46c1f6,2026-02-22,holiday,0,""
5ecd25bb-0985-46ba-b6c1-899c47d0cc09,33872abe-802f-47d0-8614-f4d206fff08f,a83f0aec-4e5c-4467-a9ab-43634b46c1f6,2026-02-21,sick,0,""
4d854d23-1b9f-4335-b1fb-fdc39e1d9172,1c0f2692-e1e4-40fe-907e-6023010d5f19,a83f0aec-4e5c-4467-a9ab-43634b46c1f6,2026-02-26,present,4,Viale monastir
898452b6-ccf2-429c-8a62-87b36c722ceb,33872abe-802f-47d0-8614-f4d206fff08f,a83f0aec-4e5c-4467-a9ab-43634b46c1f6,2026-02-22,sick,0,""
8c375423-ef4d-4cc1-a538-41deea051317,33872abe-802f-47d0-8614-f4d206fff08f,a83f0aec-4e5c-4467-a9ab-43634b46c1f6,2026-03-10,sick,0,""
ddedeb61-a971-46db-af73-039ae09d7acf,33872abe-802f-47d0-8614-f4d206fff08f,a83f0aec-4e5c-4467-a9ab-43634b46c1f6,2026-02-23,sick,0,""
88fdee99-6060-4ddb-9a61-5080e41b9427,bd23f301-51a8-4e05-a640-c66306e27ef6,a83f0aec-4e5c-4467-a9ab-43634b46c1f6,2026-02-23,present,8,Via mestre
c81b29b1-e88b-4413-8b5a-88b4372909ab,0af3ee03-5ad8-4726-81bb-ba490b621682,a83f0aec-4e5c-4467-a9ab-43634b46c1f6,2026-02-23,present,8,Via mestre
d187502d-ffa7-44eb-b97a-6957e0351832,07cba65e-e2f7-495c-8b24-2192173054a0,a83f0aec-4e5c-4467-a9ab-43634b46c1f6,2026-05-25,present,8,Via fadda/alghero
ac472e60-4cf3-4cd6-be49-3f7cf2abf84c,f029e10a-9baf-4528-b950-2e10fb4d13ce,a83f0aec-4e5c-4467-a9ab-43634b46c1f6,2026-02-23,present,8,Viale monastir
1daf85ce-9997-403f-b892-d0c7b13d4f4c,a78a69df-18f8-45b2-866f-214377a09e87,a83f0aec-4e5c-4467-a9ab-43634b46c1f6,2026-02-23,present,8,Via mestre
1cee9d88-ea08-4070-a416-49906893fea7,ed17502d-bd6a-418e-a321-b5c13b8979eb,a83f0aec-4e5c-4467-a9ab-43634b46c1f6,2026-02-23,present,8,Via mestre
775f284b-0239-45f7-bba8-5aac77d4fcfb,e29ef4e3-a2cd-4328-8cd5-5d17785f1a83,a83f0aec-4e5c-4467-a9ab-43634b46c1f6,2026-02-23,present,8,Viale monastir
2741d418-e1cd-4430-9e56-11bbacbbc522,b8da2a0d-01f4-40e4-823f-d0e64c0d5a85,a83f0aec-4e5c-4467-a9ab-43634b46c1f6,2026-02-23,present,8,Viale monastir
e1752806-5d5d-4e11-8d31-286a98b10607,55c515b0-f4e2-4b80-8d6f-e2755cb31866,a83f0aec-4e5c-4467-a9ab-43634b46c1f6,2026-02-23,present,8,Via mestre
0c817c62-5e38-4f4a-850d-684d1778954e,ed17502d-bd6a-418e-a321-b5c13b8979eb,a83f0aec-4e5c-4467-a9ab-43634b46c1f6,2026-08-08,sick,0,""
7e20c615-ed09-4e01-913b-dd73cde96058,be17adcf-4219-4796-958f-51e2b5e0cf92,a83f0aec-4e5c-4467-a9ab-43634b46c1f6,2026-02-23,present,8,Via corte d'appello
34ce0c32-6677-4e94-bc10-37b14f88b1d8,a335efe4-d86c-4f3f-a2a1-b4abc123d167,a83f0aec-4e5c-4467-a9ab-43634b46c1f6,2026-02-23,present,8,Via giotto
5f3f9308-2cd1-4a90-9a05-fa6128eb4652,cff16040-6983-48f2-b49c-1fa06f131879,a83f0aec-4e5c-4467-a9ab-43634b46c1f6,2026-02-23,present,8,Via copernico
4d9535ad-3368-48cd-aa29-8afbbca49979,0dd64ca9-1964-46eb-8f97-a71315c8b1ed,a83f0aec-4e5c-4467-a9ab-43634b46c1f6,2026-02-23,present,8,Via copernico
443c00f0-9708-48e5-8bbf-c7ba56e2ab16,b667d9a9-f058-4fd7-90bf-62cdef8d5672,a83f0aec-4e5c-4467-a9ab-43634b46c1f6,2026-02-23,present,8,Via giotto
ec93d3c3-7eab-402f-b28b-d6a22b88017e,07cba65e-e2f7-495c-8b24-2192173054a0,a83f0aec-4e5c-4467-a9ab-43634b46c1f6,2026-02-23,present,8,Via bottego
4b0a4509-2d04-4f94-bfd1-a7464043ca51,ed17502d-bd6a-418e-a321-b5c13b8979eb,a83f0aec-4e5c-4467-a9ab-43634b46c1f6,2026-08-09,sick,0,""
b0ee6a21-dc73-4f5a-b503-95a8bebd6bfe,2f76e93b-41a3-4e8b-8741-8b3e03d8db85,a83f0aec-4e5c-4467-a9ab-43634b46c1f6,2026-02-23,present,8,Via corte d'appello
f97136b1-c8fb-4278-aba4-c7b6c0d5b612,2197b6fd-9cb2-4d34-8118-cf9f11b573d7,a83f0aec-4e5c-4467-a9ab-43634b46c1f6,2026-02-23,present,8,Via donoratico
d52992bf-9fca-4ea8-8703-7e47040955e7,ed17502d-bd6a-418e-a321-b5c13b8979eb,a83f0aec-4e5c-4467-a9ab-43634b46c1f6,2026-08-10,sick,0,""
b9c5a1d6-22d5-4c9e-a0ca-dbc7d8afb3a0,ed17502d-bd6a-418e-a321-b5c13b8979eb,a83f0aec-4e5c-4467-a9ab-43634b46c1f6,2026-08-11,sick,0,""
f597ce4a-658e-4bb3-b3a7-54f7d069909e,ed36110d-a2cf-4a88-91c7-0d23f758cd4c,a83f0aec-4e5c-4467-a9ab-43634b46c1f6,2026-02-23,present,6,Via donoratico
ed5e9e5d-f512-45fa-b026-b2f930c4f5d8,1c0f2692-e1e4-40fe-907e-6023010d5f19,a83f0aec-4e5c-4467-a9ab-43634b46c1f6,2026-02-23,present,4,Viale monastir
d10eb598-a831-46fb-8cfb-42bb078b15da,33872abe-802f-47d0-8614-f4d206fff08f,a83f0aec-4e5c-4467-a9ab-43634b46c1f6,2026-02-24,sick,0,""
211279cf-b3aa-49b9-b77a-fbf3afacade9,33872abe-802f-47d0-8614-f4d206fff08f,a83f0aec-4e5c-4467-a9ab-43634b46c1f6,2026-02-25,sick,0,""
d43514fb-80af-43ec-aade-9beff0982c27,33872abe-802f-47d0-8614-f4d206fff08f,a83f0aec-4e5c-4467-a9ab-43634b46c1f6,2026-02-26,sick,0,""
d6581b90-3afa-424a-98fd-c955bb0ed4e6,33872abe-802f-47d0-8614-f4d206fff08f,a83f0aec-4e5c-4467-a9ab-43634b46c1f6,2026-02-27,sick,0,""
1a1b7dd6-33c3-48d0-a234-ce763e8dfc43,33872abe-802f-47d0-8614-f4d206fff08f,a83f0aec-4e5c-4467-a9ab-43634b46c1f6,2026-02-28,sick,0,""
d3d7ee42-6e26-4bf5-9db7-55a5929bb3ea,33872abe-802f-47d0-8614-f4d206fff08f,a83f0aec-4e5c-4467-a9ab-43634b46c1f6,2026-03-01,sick,0,""
7abac6f3-2f1b-458e-90c0-e87188a8bffb,33872abe-802f-47d0-8614-f4d206fff08f,a83f0aec-4e5c-4467-a9ab-43634b46c1f6,2026-03-02,sick,0,""
dd2894d3-d215-4608-a671-7ae9b8588d17,33872abe-802f-47d0-8614-f4d206fff08f,a83f0aec-4e5c-4467-a9ab-43634b46c1f6,2026-03-03,sick,0,""
1954c7c9-f265-4511-9d0c-720bc897e9d8,33872abe-802f-47d0-8614-f4d206fff08f,a83f0aec-4e5c-4467-a9ab-43634b46c1f6,2026-03-04,sick,0,""
a030f3a8-11b7-4baa-b942-865e324096f9,33872abe-802f-47d0-8614-f4d206fff08f,a83f0aec-4e5c-4467-a9ab-43634b46c1f6,2026-03-05,sick,0,""
58a17c3c-79a8-47d4-aab6-d7f75e7ff978,33872abe-802f-47d0-8614-f4d206fff08f,a83f0aec-4e5c-4467-a9ab-43634b46c1f6,2026-03-06,sick,0,""
0c449cf8-5f5e-41a9-bd57-ddfe15af2c18,33872abe-802f-47d0-8614-f4d206fff08f,a83f0aec-4e5c-4467-a9ab-43634b46c1f6,2026-03-07,sick,0,""
de3ad7df-906a-4909-85ce-4a75b9106b4e,33872abe-802f-47d0-8614-f4d206fff08f,a83f0aec-4e5c-4467-a9ab-43634b46c1f6,2026-03-08,sick,0,""
2dc7e3a9-6613-47bf-b3f8-f10883587525,33872abe-802f-47d0-8614-f4d206fff08f,a83f0aec-4e5c-4467-a9ab-43634b46c1f6,2026-03-09,sick,0,""
5f963d87-17fd-4818-baa4-4e8843121c7f,9fc12cbc-5f92-485a-84d9-a7f2413e2cfb,a83f0aec-4e5c-4467-a9ab-43634b46c1f6,2026-04-07,present,8,Via fadda/alghero
1de8f6b5-5da4-49d3-a600-9aa058788b77,33872abe-802f-47d0-8614-f4d206fff08f,a83f0aec-4e5c-4467-a9ab-43634b46c1f6,2026-03-11,sick,0,""
f5c4b23a-fac7-4118-b9b6-c8b1f3e68900,33872abe-802f-47d0-8614-f4d206fff08f,a83f0aec-4e5c-4467-a9ab-43634b46c1f6,2026-03-12,sick,0,""
96a74257-a9ad-4728-b766-2945ac2f70b4,33872abe-802f-47d0-8614-f4d206fff08f,a83f0aec-4e5c-4467-a9ab-43634b46c1f6,2026-03-13,sick,0,""
6b707035-6adc-4812-aa32-6d453ea2cc21,33872abe-802f-47d0-8614-f4d206fff08f,a83f0aec-4e5c-4467-a9ab-43634b46c1f6,2026-03-14,sick,0,""
47865941-a755-4ba6-9daa-406f53d0e980,33872abe-802f-47d0-8614-f4d206fff08f,a83f0aec-4e5c-4467-a9ab-43634b46c1f6,2026-03-15,sick,0,""
89b716a2-ffbd-4b68-bbb6-17f590e73c39,33872abe-802f-47d0-8614-f4d206fff08f,a83f0aec-4e5c-4467-a9ab-43634b46c1f6,2026-03-16,sick,0,""
4550f487-0c43-4aa0-9de7-e48a357004ad,33872abe-802f-47d0-8614-f4d206fff08f,a83f0aec-4e5c-4467-a9ab-43634b46c1f6,2026-03-17,sick,0,""
15da86e4-48ae-44fb-b775-a9541cd7c25f,33872abe-802f-47d0-8614-f4d206fff08f,a83f0aec-4e5c-4467-a9ab-43634b46c1f6,2026-03-18,sick,0,""
78c2e8a6-7f7e-4efd-9316-f39dc2de8eb8,33872abe-802f-47d0-8614-f4d206fff08f,a83f0aec-4e5c-4467-a9ab-43634b46c1f6,2026-03-19,sick,0,""
cfe1470c-4bbc-4f7f-8d84-dea966d16949,33872abe-802f-47d0-8614-f4d206fff08f,a83f0aec-4e5c-4467-a9ab-43634b46c1f6,2026-03-20,sick,0,""
4d19b4ad-ac3d-4c9f-9e7e-ea6f5f8da3b2,33872abe-802f-47d0-8614-f4d206fff08f,a83f0aec-4e5c-4467-a9ab-43634b46c1f6,2026-03-21,sick,0,""
9d30c3c1-6527-49ed-8c0e-0eeec71eba80,33872abe-802f-47d0-8614-f4d206fff08f,a83f0aec-4e5c-4467-a9ab-43634b46c1f6,2026-03-22,sick,0,""
a06839ed-ba3c-410a-bdf4-e53cf7a911c4,33872abe-802f-47d0-8614-f4d206fff08f,a83f0aec-4e5c-4467-a9ab-43634b46c1f6,2026-03-23,sick,0,""
a7894233-8e72-4a40-a83b-a5e72c6d70cd,33872abe-802f-47d0-8614-f4d206fff08f,a83f0aec-4e5c-4467-a9ab-43634b46c1f6,2026-03-24,sick,0,""
b158c0a3-8bb3-4a20-be3d-ab05340c49ef,33872abe-802f-47d0-8614-f4d206fff08f,a83f0aec-4e5c-4467-a9ab-43634b46c1f6,2026-03-25,sick,0,""
3af0c94c-52fe-49af-92ec-63893eb64938,33872abe-802f-47d0-8614-f4d206fff08f,a83f0aec-4e5c-4467-a9ab-43634b46c1f6,2026-03-26,sick,0,""
64de486c-77d3-4260-9668-aa0e193b5bab,33872abe-802f-47d0-8614-f4d206fff08f,a83f0aec-4e5c-4467-a9ab-43634b46c1f6,2026-03-27,sick,0,""
43fd5e5a-479c-4887-8b63-52d8ad20a227,9fc12cbc-5f92-485a-84d9-a7f2413e2cfb,a83f0aec-4e5c-4467-a9ab-43634b46c1f6,2026-04-08,present,8,Via fadda/alghero
f169c537-dfe2-4880-9139-7817e3055c6f,ed36110d-a2cf-4a88-91c7-0d23f758cd4c,a83f0aec-4e5c-4467-a9ab-43634b46c1f6,2026-04-14,present,6,Via giotto
6c83a11a-a9ef-4eb6-81c7-13810587aaca,07cba65e-e2f7-495c-8b24-2192173054a0,a83f0aec-4e5c-4467-a9ab-43634b46c1f6,2026-05-28,present,8,Via fadda/alghero
1e8d36d5-d08a-447c-b263-61ed31720ac4,be17adcf-4219-4796-958f-51e2b5e0cf92,a83f0aec-4e5c-4467-a9ab-43634b46c1f6,2026-05-11,present,8,Via strauss
9b820eb4-4f39-450e-a7f0-63dfb8779236,be17adcf-4219-4796-958f-51e2b5e0cf92,a83f0aec-4e5c-4467-a9ab-43634b46c1f6,2026-05-04,present,8,Via strauss
931e5a04-ce84-4f65-a3cd-c604d8db7bf8,be17adcf-4219-4796-958f-51e2b5e0cf92,a83f0aec-4e5c-4467-a9ab-43634b46c1f6,2026-05-12,present,8,Via strauss
63df5312-c33e-4f19-9676-b4c549949b62,ed17502d-bd6a-418e-a321-b5c13b8979eb,a83f0aec-4e5c-4467-a9ab-43634b46c1f6,2026-08-12,sick,0,""
493e89e3-bc57-4357-a058-2a5e798dbcc2,ed17502d-bd6a-418e-a321-b5c13b8979eb,a83f0aec-4e5c-4467-a9ab-43634b46c1f6,2026-08-13,sick,0,""
31a08828-1086-4916-ade6-97bf6e4f363f,33872abe-802f-47d0-8614-f4d206fff08f,a83f0aec-4e5c-4467-a9ab-43634b46c1f6,2026-03-29,sick,0,""
fe4f7539-a7c0-4e25-9ef8-2b96e6c13e85,33872abe-802f-47d0-8614-f4d206fff08f,a83f0aec-4e5c-4467-a9ab-43634b46c1f6,2026-04-04,sick,0,""
993155af-4666-4bf9-8647-00be2667352c,be17adcf-4219-4796-958f-51e2b5e0cf92,a83f0aec-4e5c-4467-a9ab-43634b46c1f6,2026-05-18,present,8,Via strauss
aa273043-6a27-430a-9e08-1d74d94c9b97,ed17502d-bd6a-418e-a321-b5c13b8979eb,a83f0aec-4e5c-4467-a9ab-43634b46c1f6,2026-04-16,holiday,0,""
bc4e2729-3a53-4690-bbe8-1b34bdc1ea34,be17adcf-4219-4796-958f-51e2b5e0cf92,a83f0aec-4e5c-4467-a9ab-43634b46c1f6,2026-05-22,present,8,Via strauss
4ea52a0d-b7f3-4493-a61b-7b267ef5a59b,be17adcf-4219-4796-958f-51e2b5e0cf92,a83f0aec-4e5c-4467-a9ab-43634b46c1f6,2026-05-27,present,8,Via strauss
a5c4ae2b-9650-4b8d-be5b-cf9150fd596d,ed17502d-bd6a-418e-a321-b5c13b8979eb,a83f0aec-4e5c-4467-a9ab-43634b46c1f6,2026-08-16,sick,0,""
d3775841-64c9-45ea-9f36-e4180e523a93,b8da2a0d-01f4-40e4-823f-d0e64c0d5a85,a83f0aec-4e5c-4467-a9ab-43634b46c1f6,2026-06-22,present,8,Via mandrolisai
54a80247-b215-41b0-a5e0-2b22da66b577,b8da2a0d-01f4-40e4-823f-d0e64c0d5a85,a83f0aec-4e5c-4467-a9ab-43634b46c1f6,2026-06-23,present,8,Via mandrolisai
8bea2216-d319-457d-a363-a1863825c942,b8da2a0d-01f4-40e4-823f-d0e64c0d5a85,a83f0aec-4e5c-4467-a9ab-43634b46c1f6,2026-06-29,present,8,Via mandrolisai
75d035da-b53d-47fc-907e-13248e4a4076,ed17502d-bd6a-418e-a321-b5c13b8979eb,a83f0aec-4e5c-4467-a9ab-43634b46c1f6,2026-08-14,sick,0,""
8a22ff16-df61-470c-b802-2370531225ef,55c515b0-f4e2-4b80-8d6f-e2755cb31866,a83f0aec-4e5c-4467-a9ab-43634b46c1f6,2026-06-01,present,8,Via mestre
8c795c89-e73e-4f42-9721-3d718eab8b17,55c515b0-f4e2-4b80-8d6f-e2755cb31866,a83f0aec-4e5c-4467-a9ab-43634b46c1f6,2026-06-04,present,8,Via mestre
38dcf31f-c0d3-4a06-bffd-ebc502c36319,55c515b0-f4e2-4b80-8d6f-e2755cb31866,a83f0aec-4e5c-4467-a9ab-43634b46c1f6,2026-06-05,present,8,Via mestre
c903d574-45c6-4eb6-9b66-1c645db73c3d,55c515b0-f4e2-4b80-8d6f-e2755cb31866,a83f0aec-4e5c-4467-a9ab-43634b46c1f6,2026-06-08,present,8,Via mestre
0e58225e-41e6-4154-b7a4-31fab2f4f169,55c515b0-f4e2-4b80-8d6f-e2755cb31866,a83f0aec-4e5c-4467-a9ab-43634b46c1f6,2026-06-09,present,8,Via mestre
28815259-04f0-4325-b6f8-03c2b41f5c68,bd23f301-51a8-4e05-a640-c66306e27ef6,a83f0aec-4e5c-4467-a9ab-43634b46c1f6,2026-06-11,present,8,Via mandrolisai
c78a1c0c-3e9b-478b-a178-54d79dabf3e0,bd23f301-51a8-4e05-a640-c66306e27ef6,a83f0aec-4e5c-4467-a9ab-43634b46c1f6,2026-06-12,present,8,Via mandrolisai
b5235d5b-4454-4751-ba2d-e3948ea5b186,bd23f301-51a8-4e05-a640-c66306e27ef6,a83f0aec-4e5c-4467-a9ab-43634b46c1f6,2026-06-15,present,8,Via mandrolisai
9f4576d3-df2f-49cd-9274-bac3cd105c22,bd23f301-51a8-4e05-a640-c66306e27ef6,a83f0aec-4e5c-4467-a9ab-43634b46c1f6,2026-06-16,present,8,Via mandrolisai
37ee8348-9ac4-498e-9ed0-2d066047d16b,e29ef4e3-a2cd-4328-8cd5-5d17785f1a83,a83f0aec-4e5c-4467-a9ab-43634b46c1f6,2026-07-08,present,8,Viale monastir
0c367e9b-45a0-4de5-9641-20bced95ecf7,bd23f301-51a8-4e05-a640-c66306e27ef6,a83f0aec-4e5c-4467-a9ab-43634b46c1f6,2026-06-17,present,8,Via mandrolisai
62878cf8-d785-40a1-8cdf-0ad1d5b47222,bd23f301-51a8-4e05-a640-c66306e27ef6,a83f0aec-4e5c-4467-a9ab-43634b46c1f6,2026-06-22,present,8,Via mandrolisai
6a97798b-b857-438d-97e8-bd9731913c46,bd23f301-51a8-4e05-a640-c66306e27ef6,a83f0aec-4e5c-4467-a9ab-43634b46c1f6,2026-06-23,present,8,Via mandrolisai
7c15aa59-0faf-4a4e-8d54-ce2d08e8d3eb,bd23f301-51a8-4e05-a640-c66306e27ef6,a83f0aec-4e5c-4467-a9ab-43634b46c1f6,2026-06-24,present,8,Via mandrolisai
2ff5326a-191f-4b45-9f89-27754ee0c705,e29ef4e3-a2cd-4328-8cd5-5d17785f1a83,a83f0aec-4e5c-4467-a9ab-43634b46c1f6,2026-07-09,present,8,Viale monastir
db829e33-e47d-4d50-86b8-d3e63d099047,e29ef4e3-a2cd-4328-8cd5-5d17785f1a83,a83f0aec-4e5c-4467-a9ab-43634b46c1f6,2026-07-10,present,8,Viale monastir
5440fc9b-8e66-429e-be4a-297b179d0865,b8da2a0d-01f4-40e4-823f-d0e64c0d5a85,a83f0aec-4e5c-4467-a9ab-43634b46c1f6,2026-07-01,present,8,Piazza san cosimo
583bc4be-f4ee-4f56-b437-262d1c3584d5,b8da2a0d-01f4-40e4-823f-d0e64c0d5a85,a83f0aec-4e5c-4467-a9ab-43634b46c1f6,2026-07-02,present,8,Piazza san cosimo
137345e0-432e-41aa-bf4b-ace8422476d5,1c0f2692-e1e4-40fe-907e-6023010d5f19,a83f0aec-4e5c-4467-a9ab-43634b46c1f6,2026-06-26,present,4,Via mestre
8e95f4ba-3bcc-47e4-85d6-7067862df583,b8da2a0d-01f4-40e4-823f-d0e64c0d5a85,a83f0aec-4e5c-4467-a9ab-43634b46c1f6,2026-07-03,present,8,Piazza san cosimo
b1ba16d3-d324-4d34-9749-ba48ea409df1,bb7725da-b5fc-4433-afd7-bad5e5179acb,a83f0aec-4e5c-4467-a9ab-43634b46c1f6,2026-07-08,present,8,Via mandrolisai
788bf9eb-7f9e-4461-9b75-4eff2ac0b245,1c0f2692-e1e4-40fe-907e-6023010d5f19,a83f0aec-4e5c-4467-a9ab-43634b46c1f6,2026-06-25,present,4,Via mestre
5744f5ae-d8d5-4ddb-9633-aaef1d1131bb,b8da2a0d-01f4-40e4-823f-d0e64c0d5a85,a83f0aec-4e5c-4467-a9ab-43634b46c1f6,2026-07-06,present,8,Piazza san cosimo
a75b3761-a717-411b-aa54-62465b8bc74b,1c0f2692-e1e4-40fe-907e-6023010d5f19,a83f0aec-4e5c-4467-a9ab-43634b46c1f6,2026-06-24,present,4,Via mestre
2620e545-673c-4ba8-9ebb-ce522b66ac88,1c0f2692-e1e4-40fe-907e-6023010d5f19,a83f0aec-4e5c-4467-a9ab-43634b46c1f6,2026-06-18,present,4,Via mestre
4db0cfad-ae2b-4093-8cac-13e316f0493d,1c0f2692-e1e4-40fe-907e-6023010d5f19,a83f0aec-4e5c-4467-a9ab-43634b46c1f6,2026-06-16,present,4,Via mestre
465853b3-9624-4824-af03-459bd16422e4,1c0f2692-e1e4-40fe-907e-6023010d5f19,a83f0aec-4e5c-4467-a9ab-43634b46c1f6,2026-06-11,present,4,Via mestre
58582dbe-bd08-4ab8-b6c7-835d5a950ca8,1c0f2692-e1e4-40fe-907e-6023010d5f19,a83f0aec-4e5c-4467-a9ab-43634b46c1f6,2026-06-10,present,4,Via mestre
23d86b27-516c-45b5-8f11-28ee6d06edc8,1c0f2692-e1e4-40fe-907e-6023010d5f19,a83f0aec-4e5c-4467-a9ab-43634b46c1f6,2026-06-09,present,4,Via mestre
631b4f64-7259-4d88-9125-76231107fd8b,1c0f2692-e1e4-40fe-907e-6023010d5f19,a83f0aec-4e5c-4467-a9ab-43634b46c1f6,2026-06-04,present,4,Via mestre
6ef13000-90bd-4e4e-a06c-f2a892948c38,1c0f2692-e1e4-40fe-907e-6023010d5f19,a83f0aec-4e5c-4467-a9ab-43634b46c1f6,2026-06-01,present,4,Via mestre
d4cd5a8a-a431-4e40-b479-f6b99a9f52be,b8da2a0d-01f4-40e4-823f-d0e64c0d5a85,a83f0aec-4e5c-4467-a9ab-43634b46c1f6,2026-07-13,present,8,Piazza san cosimo
e13e3859-08e9-4660-85b6-33d6f068037d,ed17502d-bd6a-418e-a321-b5c13b8979eb,a83f0aec-4e5c-4467-a9ab-43634b46c1f6,2026-08-17,sick,0,""
9985cc46-40da-4aea-84b5-0971bcf899f4,ed17502d-bd6a-418e-a321-b5c13b8979eb,a83f0aec-4e5c-4467-a9ab-43634b46c1f6,2026-08-23,sick,0,""
03e1fd2d-463f-4a9c-9ebf-1c0cc45366c3,ed17502d-bd6a-418e-a321-b5c13b8979eb,a83f0aec-4e5c-4467-a9ab-43634b46c1f6,2026-08-15,sick,0,""
f400842d-6450-4318-b246-264b594a5c13,ed17502d-bd6a-418e-a321-b5c13b8979eb,a83f0aec-4e5c-4467-a9ab-43634b46c1f6,2026-08-18,sick,0,""
84b9461c-518a-4d2e-a143-a8a7b2f1ae99,55c515b0-f4e2-4b80-8d6f-e2755cb31866,a83f0aec-4e5c-4467-a9ab-43634b46c1f6,2026-07-06,present,8,Piazza san cosimo
88f22719-a233-4942-ae67-5702902b296b,55c515b0-f4e2-4b80-8d6f-e2755cb31866,a83f0aec-4e5c-4467-a9ab-43634b46c1f6,2026-07-13,present,8,Piazza san cosimo
e79a85be-af38-412d-add6-4b2397a8ae10,bb7725da-b5fc-4433-afd7-bad5e5179acb,a83f0aec-4e5c-4467-a9ab-43634b46c1f6,2026-07-09,present,8,Via mandrolisai
f234d0e6-cc7e-4ea0-86c3-ee6a8507387f,bb7725da-b5fc-4433-afd7-bad5e5179acb,a83f0aec-4e5c-4467-a9ab-43634b46c1f6,2026-07-13,present,8,Via mandrolisai
381d0d2e-4fcd-487b-9a6d-952d7909dd05,cff16040-6983-48f2-b49c-1fa06f131879,a83f0aec-4e5c-4467-a9ab-43634b46c1f6,2026-07-01,present,8,Via fadda/alghero
4d355a39-fb5f-46c7-82d3-ebcde6c51e34,cff16040-6983-48f2-b49c-1fa06f131879,a83f0aec-4e5c-4467-a9ab-43634b46c1f6,2026-07-02,present,8,Via fadda/alghero
28324fd4-189a-4605-82a5-6500033e0433,0f678138-246b-4d86-a3f0-5ce111536f02,a83f0aec-4e5c-4467-a9ab-43634b46c1f6,2026-07-05,"",0,""
e81dc708-5708-4eab-915a-7e5c6d876ff0,bb7725da-b5fc-4433-afd7-bad5e5179acb,a83f0aec-4e5c-4467-a9ab-43634b46c1f6,2026-07-04,"",0,""
63f9be62-f6f4-4a82-8383-d971a73558b6,845c647c-e807-4025-b13a-608280392d8d,a83f0aec-4e5c-4467-a9ab-43634b46c1f6,2026-07-04,"",0,""
8acf9d98-c2d6-43d4-b51d-6b2a93d43afd,cff16040-6983-48f2-b49c-1fa06f131879,a83f0aec-4e5c-4467-a9ab-43634b46c1f6,2026-07-06,present,8,Via fadda/alghero
510a2a9b-edf4-4a2e-8faa-cdf44066ce3f,cff16040-6983-48f2-b49c-1fa06f131879,a83f0aec-4e5c-4467-a9ab-43634b46c1f6,2026-07-09,present,8,Via fadda/alghero
39d8624a-2407-4e5e-8c4a-8c9ebe45fefc,cff16040-6983-48f2-b49c-1fa06f131879,a83f0aec-4e5c-4467-a9ab-43634b46c1f6,2026-07-07,present,8,Via fadda/alghero
2dc0ac9e-7df9-4f1c-9060-10e8fa8ca666,cff16040-6983-48f2-b49c-1fa06f131879,a83f0aec-4e5c-4467-a9ab-43634b46c1f6,2026-07-10,present,8,Via fadda/alghero
dd563dbe-f053-4cc4-890c-e480f3005617,cff16040-6983-48f2-b49c-1fa06f131879,a83f0aec-4e5c-4467-a9ab-43634b46c1f6,2026-07-13,present,8,Via fadda/alghero
9841c1ba-781e-489b-a8f1-9c32061bd9d4,0dd64ca9-1964-46eb-8f97-a71315c8b1ed,a83f0aec-4e5c-4467-a9ab-43634b46c1f6,2026-07-01,present,8,Via strauss
e661a266-9399-46de-8494-6f731629bfbb,0dd64ca9-1964-46eb-8f97-a71315c8b1ed,a83f0aec-4e5c-4467-a9ab-43634b46c1f6,2026-07-02,present,8,Via strauss
644d1667-fa01-43bb-8d98-a349b41afac6,0dd64ca9-1964-46eb-8f97-a71315c8b1ed,a83f0aec-4e5c-4467-a9ab-43634b46c1f6,2026-07-03,present,8,Via strauss
9138ac16-7a67-4330-9dac-37f0b30cc1b1,0dd64ca9-1964-46eb-8f97-a71315c8b1ed,a83f0aec-4e5c-4467-a9ab-43634b46c1f6,2026-07-06,present,8,Via strauss
4805547c-6f67-4bcb-8f49-be96481b15cb,ed17502d-bd6a-418e-a321-b5c13b8979eb,a83f0aec-4e5c-4467-a9ab-43634b46c1f6,2026-08-22,sick,0,""
db13a851-61b9-4cfa-98fa-e19c0e2ca4f3,ed17502d-bd6a-418e-a321-b5c13b8979eb,a83f0aec-4e5c-4467-a9ab-43634b46c1f6,2026-08-19,sick,0,""
e3cec65f-34e9-4583-beaa-96706a936979,ed17502d-bd6a-418e-a321-b5c13b8979eb,a83f0aec-4e5c-4467-a9ab-43634b46c1f6,2026-08-20,sick,0,""
8a5b1137-8138-4b06-bf84-caef086a6529,33872abe-802f-47d0-8614-f4d206fff08f,a83f0aec-4e5c-4467-a9ab-43634b46c1f6,2026-03-30,sick,0,""
f28ba097-a7bd-491d-aad8-04c653eb0752,33872abe-802f-47d0-8614-f4d206fff08f,a83f0aec-4e5c-4467-a9ab-43634b46c1f6,2026-04-01,sick,0,""
fe68aa6b-72e6-4fc5-8e6e-3198a8f04ce2,33872abe-802f-47d0-8614-f4d206fff08f,a83f0aec-4e5c-4467-a9ab-43634b46c1f6,2026-04-05,sick,0,""
f5bbef35-69a9-4636-af00-7b5787680d78,be17adcf-4219-4796-958f-51e2b5e0cf92,a83f0aec-4e5c-4467-a9ab-43634b46c1f6,2026-05-21,present,8,Via strauss
51ef581e-6520-4d1b-9103-dfc3081b3712,ed36110d-a2cf-4a88-91c7-0d23f758cd4c,a83f0aec-4e5c-4467-a9ab-43634b46c1f6,2026-04-20,holiday,0,""
76a73d6c-b522-4f22-8983-4e308fe518a9,be17adcf-4219-4796-958f-51e2b5e0cf92,a83f0aec-4e5c-4467-a9ab-43634b46c1f6,2026-05-25,present,8,Via strauss
1825b818-1f4f-4708-9b50-f5c61e3b6904,be17adcf-4219-4796-958f-51e2b5e0cf92,a83f0aec-4e5c-4467-a9ab-43634b46c1f6,2026-05-26,present,8,Via strauss
2f50d3f7-e77e-4552-a63e-1b8371674586,a78a69df-18f8-45b2-866f-214377a09e87,a83f0aec-4e5c-4467-a9ab-43634b46c1f6,2026-06-04,sick,0,""
56e5dd94-c1e7-4877-9e9b-acd90b70e91e,a78a69df-18f8-45b2-866f-214377a09e87,a83f0aec-4e5c-4467-a9ab-43634b46c1f6,2026-06-07,sick,0,""
42e069a1-bbb2-45a5-ab2e-1c4e016cfea5,55c515b0-f4e2-4b80-8d6f-e2755cb31866,a83f0aec-4e5c-4467-a9ab-43634b46c1f6,2026-06-10,present,8,Via mestre
d17a4c24-06ee-4665-8981-2a4464fcd99d,55c515b0-f4e2-4b80-8d6f-e2755cb31866,a83f0aec-4e5c-4467-a9ab-43634b46c1f6,2026-06-11,present,8,Via mestre
896c8852-5b36-4b65-8d76-94dd86be0ab5,55c515b0-f4e2-4b80-8d6f-e2755cb31866,a83f0aec-4e5c-4467-a9ab-43634b46c1f6,2026-06-15,present,8,Via mestre
a0fd1c1d-df36-4e9b-830a-c3551064dd66,55c515b0-f4e2-4b80-8d6f-e2755cb31866,a83f0aec-4e5c-4467-a9ab-43634b46c1f6,2026-06-16,present,8,Via mestre
55f182a5-d841-4e12-80bb-cb0386c84622,55c515b0-f4e2-4b80-8d6f-e2755cb31866,a83f0aec-4e5c-4467-a9ab-43634b46c1f6,2026-06-26,present,8,Via mestre
da06df71-b89c-4800-b431-0265ceafeef4,55c515b0-f4e2-4b80-8d6f-e2755cb31866,a83f0aec-4e5c-4467-a9ab-43634b46c1f6,2026-06-28,holiday,0,""
008df196-dde5-46ff-8eed-e20f1a8cc231,55c515b0-f4e2-4b80-8d6f-e2755cb31866,a83f0aec-4e5c-4467-a9ab-43634b46c1f6,2026-06-30,present,8,Via mestre
b633e7f4-40cf-4204-8cc3-6469e8b6b3ab,0f678138-246b-4d86-a3f0-5ce111536f02,a83f0aec-4e5c-4467-a9ab-43634b46c1f6,2026-07-10,present,8,Via mandrolisai
fe684f69-17cf-4671-aa1e-25f48fc22333,0f678138-246b-4d86-a3f0-5ce111536f02,a83f0aec-4e5c-4467-a9ab-43634b46c1f6,2026-07-13,present,8,Via mandrolisai
b7228f75-ba86-4057-8b75-c267f45e63d3,b667d9a9-f058-4fd7-90bf-62cdef8d5672,a83f0aec-4e5c-4467-a9ab-43634b46c1f6,2026-07-08,present,8,Via giotto
201d1bcb-1adf-42a2-923b-58643b257f84,1c0f2692-e1e4-40fe-907e-6023010d5f19,a83f0aec-4e5c-4467-a9ab-43634b46c1f6,2026-06-30,present,4,Via mestre
1872109b-c240-4fb0-a6d1-33075fd4a22a,1c0f2692-e1e4-40fe-907e-6023010d5f19,a83f0aec-4e5c-4467-a9ab-43634b46c1f6,2026-06-29,present,4,Via mestre
cc9ef4ef-57f5-47a8-9346-d921db18ddcb,1c0f2692-e1e4-40fe-907e-6023010d5f19,a83f0aec-4e5c-4467-a9ab-43634b46c1f6,2026-06-23,present,4,Via mestre
7b79e111-a150-4388-b0c6-9a970daf928d,1c0f2692-e1e4-40fe-907e-6023010d5f19,a83f0aec-4e5c-4467-a9ab-43634b46c1f6,2026-06-22,present,4,Via mestre
87bd8229-d073-4a65-a640-1a9d90ae315f,b667d9a9-f058-4fd7-90bf-62cdef8d5672,a83f0aec-4e5c-4467-a9ab-43634b46c1f6,2026-07-09,present,8,Via giotto
8ec740b2-f322-414c-aa39-c946eaf46db4,1c0f2692-e1e4-40fe-907e-6023010d5f19,a83f0aec-4e5c-4467-a9ab-43634b46c1f6,2026-06-19,present,4,Via mestre
3326a635-0d0b-47b9-8ff7-9da0ef3555ed,1c0f2692-e1e4-40fe-907e-6023010d5f19,a83f0aec-4e5c-4467-a9ab-43634b46c1f6,2026-06-17,present,4,Via mestre
9bb39fe8-6f76-4598-9b04-4bd82cf83962,0f678138-246b-4d86-a3f0-5ce111536f02,a83f0aec-4e5c-4467-a9ab-43634b46c1f6,2026-07-04,"",0,""
5f6ee31d-a8de-4da0-b1e3-f7fc562c9029,07cba65e-e2f7-495c-8b24-2192173054a0,a83f0aec-4e5c-4467-a9ab-43634b46c1f6,2026-08-11,holiday,0,""
3b391c22-c6b8-49a1-b97c-664e9a9e97cc,bb7725da-b5fc-4433-afd7-bad5e5179acb,a83f0aec-4e5c-4467-a9ab-43634b46c1f6,2026-07-05,"",0,""
70d430c4-8a0a-4ba5-b2bc-b9016e067564,845c647c-e807-4025-b13a-608280392d8d,a83f0aec-4e5c-4467-a9ab-43634b46c1f6,2026-07-05,"",0,""
52f6548c-b21f-48e1-bd97-f39ddfd680ec,a335efe4-d86c-4f3f-a2a1-b4abc123d167,a83f0aec-4e5c-4467-a9ab-43634b46c1f6,2026-07-01,present,8,Via copernico
eb25ba25-423c-440f-828a-23ba01d06c30,51798bdc-d001-44c5-bd27-c1b31b9cefe4,89f0d7b8-afa8-4963-b414-f39bc0c50865,2026-07-01,"",0,""
9a330228-177d-4502-8c21-2d74ab85e369,51798bdc-d001-44c5-bd27-c1b31b9cefe4,89f0d7b8-afa8-4963-b414-f39bc0c50865,2026-07-03,injury,0,""
31e19b87-e20b-4568-a37c-8cc108980089,51798bdc-d001-44c5-bd27-c1b31b9cefe4,89f0d7b8-afa8-4963-b414-f39bc0c50865,2026-07-04,holiday,0,""
8a4774c4-d5ee-4b89-b9a1-fc19eab8fd1e,bb7725da-b5fc-4433-afd7-bad5e5179acb,a83f0aec-4e5c-4467-a9ab-43634b46c1f6,2026-07-10,present,8,Via mandrolisai
8b5b782c-b173-4002-b165-704d7d5abb15,0f678138-246b-4d86-a3f0-5ce111536f02,a83f0aec-4e5c-4467-a9ab-43634b46c1f6,2026-07-07,present,8,Via mandrolisai
4c21b1b7-bcbe-449e-841b-70c926c4bc3f,0f678138-246b-4d86-a3f0-5ce111536f02,a83f0aec-4e5c-4467-a9ab-43634b46c1f6,2026-07-08,present,8,Via mandrolisai
70f28767-334d-470d-9746-7fa06bb0e1d8,0f678138-246b-4d86-a3f0-5ce111536f02,a83f0aec-4e5c-4467-a9ab-43634b46c1f6,2026-07-09,present,8,Via mandrolisai
78590c93-cc90-44f1-8c8a-7fd1f78424ab,a335efe4-d86c-4f3f-a2a1-b4abc123d167,a83f0aec-4e5c-4467-a9ab-43634b46c1f6,2026-07-02,present,8,Via copernico
30715522-63c5-4f12-a8d4-09684ba64368,a335efe4-d86c-4f3f-a2a1-b4abc123d167,a83f0aec-4e5c-4467-a9ab-43634b46c1f6,2026-07-03,present,8,Via copernico
e828fe05-d602-4719-9e92-ae4d5a80ab9c,a335efe4-d86c-4f3f-a2a1-b4abc123d167,a83f0aec-4e5c-4467-a9ab-43634b46c1f6,2026-07-06,present,8,Via copernico
1b935899-808c-4cc8-a6eb-d6f2620bc42f,a335efe4-d86c-4f3f-a2a1-b4abc123d167,a83f0aec-4e5c-4467-a9ab-43634b46c1f6,2026-07-07,present,8,Via copernico
59d0385b-c3bc-471e-8644-9156e2743d90,a335efe4-d86c-4f3f-a2a1-b4abc123d167,a83f0aec-4e5c-4467-a9ab-43634b46c1f6,2026-07-08,present,8,Via copernico
e68c0818-321b-4dd4-b4f2-fdf19748620d,a335efe4-d86c-4f3f-a2a1-b4abc123d167,a83f0aec-4e5c-4467-a9ab-43634b46c1f6,2026-07-09,present,8,Via copernico
78759bfe-0957-4b34-ad1f-2ba5cee6d1eb,a335efe4-d86c-4f3f-a2a1-b4abc123d167,a83f0aec-4e5c-4467-a9ab-43634b46c1f6,2026-07-10,present,8,Via copernico
291e1d50-4e8f-472e-9c16-fe919092d228,a335efe4-d86c-4f3f-a2a1-b4abc123d167,a83f0aec-4e5c-4467-a9ab-43634b46c1f6,2026-07-13,present,8,Via copernico
8566a8e3-8f1e-4ed0-8fda-4ac25da28b37,cff16040-6983-48f2-b49c-1fa06f131879,a83f0aec-4e5c-4467-a9ab-43634b46c1f6,2026-07-03,present,8,Via fadda/alghero
f5fac841-0ed1-41b3-aa09-d848d487993e,b667d9a9-f058-4fd7-90bf-62cdef8d5672,a83f0aec-4e5c-4467-a9ab-43634b46c1f6,2026-07-10,present,8,Via giotto
6f5f8a83-7e34-455c-af34-cd6c41044fde,cff16040-6983-48f2-b49c-1fa06f131879,a83f0aec-4e5c-4467-a9ab-43634b46c1f6,2026-07-08,present,8,Via fadda/alghero
0eb06bd3-8352-412a-a171-d94d1f975f64,b667d9a9-f058-4fd7-90bf-62cdef8d5672,a83f0aec-4e5c-4467-a9ab-43634b46c1f6,2026-07-03,present,8,Via giotto
58e3c5e9-45e6-4580-8fe0-ccd205e8b847,b667d9a9-f058-4fd7-90bf-62cdef8d5672,a83f0aec-4e5c-4467-a9ab-43634b46c1f6,2026-07-13,present,8,Via giotto
6ad6e94a-e109-4c5f-9130-f1993acd8515,07cba65e-e2f7-495c-8b24-2192173054a0,a83f0aec-4e5c-4467-a9ab-43634b46c1f6,2026-07-01,present,8,Via copernico
9723ccb7-9120-40d9-be89-a65b15450978,07cba65e-e2f7-495c-8b24-2192173054a0,a83f0aec-4e5c-4467-a9ab-43634b46c1f6,2026-07-02,present,8,Via copernico
76daf0d5-07e0-4223-8de9-34355f66b743,07cba65e-e2f7-495c-8b24-2192173054a0,a83f0aec-4e5c-4467-a9ab-43634b46c1f6,2026-07-03,present,8,Via copernico
2224128f-8373-4c3f-a1fe-bf82988e40c4,07cba65e-e2f7-495c-8b24-2192173054a0,a83f0aec-4e5c-4467-a9ab-43634b46c1f6,2026-07-06,present,8,Via copernico
e6bdcf80-5088-4010-a3b8-fee29e5a77af,07cba65e-e2f7-495c-8b24-2192173054a0,a83f0aec-4e5c-4467-a9ab-43634b46c1f6,2026-07-07,present,8,Via copernico
885c4888-c12a-4bc4-afbd-b925d21d7461,07cba65e-e2f7-495c-8b24-2192173054a0,a83f0aec-4e5c-4467-a9ab-43634b46c1f6,2026-07-08,present,8,Via copernico
470aca79-f208-4cb8-b1f9-b9a63f881db5,be17adcf-4219-4796-958f-51e2b5e0cf92,a83f0aec-4e5c-4467-a9ab-43634b46c1f6,2026-07-01,present,8,Via strauss
3c138aca-4689-4469-bc2b-168276de4f3e,be17adcf-4219-4796-958f-51e2b5e0cf92,a83f0aec-4e5c-4467-a9ab-43634b46c1f6,2026-07-02,present,8,Via strauss
eb8ca1d7-e419-484c-9430-bb5fa4cb6d7e,be17adcf-4219-4796-958f-51e2b5e0cf92,a83f0aec-4e5c-4467-a9ab-43634b46c1f6,2026-07-03,present,8,Via strauss
233963ee-2827-4833-8f7d-5b80f9f08116,be17adcf-4219-4796-958f-51e2b5e0cf92,a83f0aec-4e5c-4467-a9ab-43634b46c1f6,2026-07-06,present,8,Via strauss
037ac20f-b0bb-47ba-9f46-c79ad6bbf4c0,be17adcf-4219-4796-958f-51e2b5e0cf92,a83f0aec-4e5c-4467-a9ab-43634b46c1f6,2026-07-07,present,8,Via strauss
28379eb9-4689-4295-a363-27b223654d17,be17adcf-4219-4796-958f-51e2b5e0cf92,a83f0aec-4e5c-4467-a9ab-43634b46c1f6,2026-07-08,present,8,Via strauss
993a690d-c166-4c3d-8a2e-071602464fb3,be17adcf-4219-4796-958f-51e2b5e0cf92,a83f0aec-4e5c-4467-a9ab-43634b46c1f6,2026-07-09,present,8,Via strauss
9a7dbcfc-f07b-438a-9c54-02634a99d4f0,be17adcf-4219-4796-958f-51e2b5e0cf92,a83f0aec-4e5c-4467-a9ab-43634b46c1f6,2026-07-13,present,8,Via strauss
e320eb6a-fc0d-4ea6-9d37-695a8c32c2ec,be17adcf-4219-4796-958f-51e2b5e0cf92,a83f0aec-4e5c-4467-a9ab-43634b46c1f6,2026-07-10,present,8,Via strauss
63d6d371-c2d7-49ad-8db2-fd8ba6b056f6,42b77da1-31e4-4197-88a5-2679c57fac56,a83f0aec-4e5c-4467-a9ab-43634b46c1f6,2026-07-01,present,8,Via copernico
196673a1-e0f3-42c9-bade-df9ab6d44971,42b77da1-31e4-4197-88a5-2679c57fac56,a83f0aec-4e5c-4467-a9ab-43634b46c1f6,2026-07-03,present,8,Via copernico
7a228dfa-6963-440b-ae22-fdc68a5780ec,42b77da1-31e4-4197-88a5-2679c57fac56,a83f0aec-4e5c-4467-a9ab-43634b46c1f6,2026-07-02,present,8,Via copernico
dbdf5e07-1bd2-4115-b2d6-2d5d14001269,ed17502d-bd6a-418e-a321-b5c13b8979eb,a83f0aec-4e5c-4467-a9ab-43634b46c1f6,2026-08-21,sick,0,""
e2a5d87a-3867-4205-bb5b-0015b58392c9,33872abe-802f-47d0-8614-f4d206fff08f,a83f0aec-4e5c-4467-a9ab-43634b46c1f6,2026-03-31,sick,0,""
54d6b5e2-9ea3-46ba-acaa-81dc6d6ea3b6,33872abe-802f-47d0-8614-f4d206fff08f,a83f0aec-4e5c-4467-a9ab-43634b46c1f6,2026-04-02,sick,0,""
4c2d07b0-1f1d-4d16-87a7-bf7c2bb91f0c,be17adcf-4219-4796-958f-51e2b5e0cf92,a83f0aec-4e5c-4467-a9ab-43634b46c1f6,2026-05-28,present,8,Via strauss
4e91bf49-42d5-4c82-8925-a572b3085df4,a335efe4-d86c-4f3f-a2a1-b4abc123d167,a83f0aec-4e5c-4467-a9ab-43634b46c1f6,2026-04-27,holiday,0,""
080fbda7-bdbe-40ad-a63a-ee4d44f59a5f,42b77da1-31e4-4197-88a5-2679c57fac56,a83f0aec-4e5c-4467-a9ab-43634b46c1f6,2026-05-05,present,8,Via strauss
fea4a83f-332e-4bd7-9145-837fce7bf38f,42b77da1-31e4-4197-88a5-2679c57fac56,a83f0aec-4e5c-4467-a9ab-43634b46c1f6,2026-05-07,present,8,Via strauss
152e363c-c50e-4354-814b-48dc2817bab3,42b77da1-31e4-4197-88a5-2679c57fac56,a83f0aec-4e5c-4467-a9ab-43634b46c1f6,2026-05-13,present,8,Via strauss
397de261-dd4f-45fd-9b64-8a041a7a53f6,42b77da1-31e4-4197-88a5-2679c57fac56,a83f0aec-4e5c-4467-a9ab-43634b46c1f6,2026-05-14,present,8,Via strauss
0f3b4416-a08b-4c06-b542-c433606e6b51,42b77da1-31e4-4197-88a5-2679c57fac56,a83f0aec-4e5c-4467-a9ab-43634b46c1f6,2026-05-19,present,8,Via strauss
c330715d-fe11-4971-97e2-653838d2b790,42b77da1-31e4-4197-88a5-2679c57fac56,a83f0aec-4e5c-4467-a9ab-43634b46c1f6,2026-05-26,present,8,Via strauss
12f5e19c-f1bd-4434-b65f-a24f7ea57cf9,42b77da1-31e4-4197-88a5-2679c57fac56,a83f0aec-4e5c-4467-a9ab-43634b46c1f6,2026-05-28,present,8,Via strauss
12c9b3ad-5e1d-49a8-a37e-a6d71c6af186,2f76e93b-41a3-4e8b-8741-8b3e03d8db85,a83f0aec-4e5c-4467-a9ab-43634b46c1f6,2026-05-04,present,8,Via fadda/alghero
e66fc1be-1deb-4042-a306-2a15186bffb5,2f76e93b-41a3-4e8b-8741-8b3e03d8db85,a83f0aec-4e5c-4467-a9ab-43634b46c1f6,2026-05-07,present,8,Via fadda/alghero
beeb3a39-a612-451f-ba99-6ed0992bb0ab,2f76e93b-41a3-4e8b-8741-8b3e03d8db85,a83f0aec-4e5c-4467-a9ab-43634b46c1f6,2026-05-11,present,8,Via fadda/alghero
f9879f7e-969b-493b-8780-66af24555ffa,ed36110d-a2cf-4a88-91c7-0d23f758cd4c,a83f0aec-4e5c-4467-a9ab-43634b46c1f6,2026-05-18,present,6,Via fadda/alghero
5216f523-7cc2-466b-8dbc-0e793e3e75b8,2f76e93b-41a3-4e8b-8741-8b3e03d8db85,a83f0aec-4e5c-4467-a9ab-43634b46c1f6,2026-05-20,present,8,Via monte grappa
603f3ffd-c7ea-4fc7-ba2e-9c6247daf8da,2f76e93b-41a3-4e8b-8741-8b3e03d8db85,a83f0aec-4e5c-4467-a9ab-43634b46c1f6,2026-05-21,present,8,Via monte grappa
3d45dc07-fcd1-4e7b-974a-2cad597bdba9,ed36110d-a2cf-4a88-91c7-0d23f758cd4c,a83f0aec-4e5c-4467-a9ab-43634b46c1f6,2026-05-15,present,6,Via fadda/alghero
7f768d14-cf47-4976-a449-f0a9b0c9fe0a,2f76e93b-41a3-4e8b-8741-8b3e03d8db85,a83f0aec-4e5c-4467-a9ab-43634b46c1f6,2026-05-25,present,8,Via monte grappa
5d138fd0-dfc1-448d-a2c9-107cbc452cb6,2f76e93b-41a3-4e8b-8741-8b3e03d8db85,a83f0aec-4e5c-4467-a9ab-43634b46c1f6,2026-05-26,present,8,Via monte grappa
4c52fdcd-435f-4ce6-aef6-46a8af0c0b56,ed36110d-a2cf-4a88-91c7-0d23f758cd4c,a83f0aec-4e5c-4467-a9ab-43634b46c1f6,2026-05-08,present,6,Via fadda/alghero
00d5c598-e46f-4175-99c6-56cd7f378756,2197b6fd-9cb2-4d34-8118-cf9f11b573d7,a83f0aec-4e5c-4467-a9ab-43634b46c1f6,2026-05-05,present,8,Via fadda/alghero
6963faf0-ef52-4cf6-9d48-fededb2021b0,2197b6fd-9cb2-4d34-8118-cf9f11b573d7,a83f0aec-4e5c-4467-a9ab-43634b46c1f6,2026-05-06,present,8,Via fadda/alghero
f7e2530b-d0d9-4bc7-bd88-1bf04fb6db9e,2197b6fd-9cb2-4d34-8118-cf9f11b573d7,a83f0aec-4e5c-4467-a9ab-43634b46c1f6,2026-05-13,present,8,Via fadda/alghero
891f6835-a5dd-42e7-be08-596480a2234b,2197b6fd-9cb2-4d34-8118-cf9f11b573d7,a83f0aec-4e5c-4467-a9ab-43634b46c1f6,2026-05-14,present,8,Via fadda/alghero
fb1ce76a-8f53-4ad3-8fde-af9b5f09b5d2,2197b6fd-9cb2-4d34-8118-cf9f11b573d7,a83f0aec-4e5c-4467-a9ab-43634b46c1f6,2026-05-18,present,8,Via fadda/alghero
6aa2d594-613d-4b4e-8be9-9db3ec71cec4,2197b6fd-9cb2-4d34-8118-cf9f11b573d7,a83f0aec-4e5c-4467-a9ab-43634b46c1f6,2026-05-19,present,8,Via fadda/alghero
d048ca9a-fd97-476c-af9b-79ef25d3f98e,2197b6fd-9cb2-4d34-8118-cf9f11b573d7,a83f0aec-4e5c-4467-a9ab-43634b46c1f6,2026-05-22,present,8,Via fadda/alghero
fd7d55a1-414e-4877-b768-611f15fa6568,ed36110d-a2cf-4a88-91c7-0d23f758cd4c,a83f0aec-4e5c-4467-a9ab-43634b46c1f6,2026-05-06,present,6,Via fadda/alghero
741fa8f5-fe1f-46cd-8747-73f20e9a4006,33872abe-802f-47d0-8614-f4d206fff08f,a83f0aec-4e5c-4467-a9ab-43634b46c1f6,2026-06-18,present,8,Via mandrolisai
f0884382-bb4d-4ff5-b314-9de743a0f5db,33872abe-802f-47d0-8614-f4d206fff08f,a83f0aec-4e5c-4467-a9ab-43634b46c1f6,2026-06-19,present,8,Via mandrolisai
af90dc78-4848-4e3f-821a-bbc15ffe7106,a78a69df-18f8-45b2-866f-214377a09e87,a83f0aec-4e5c-4467-a9ab-43634b46c1f6,2026-06-05,sick,0,""
16383d2d-43f7-40e3-9796-0d2fc7a1f76b,ed36110d-a2cf-4a88-91c7-0d23f758cd4c,a83f0aec-4e5c-4467-a9ab-43634b46c1f6,2026-05-16,holiday,0,""
d98ec198-7d31-4f3b-bfeb-624a1d9227f2,a78a69df-18f8-45b2-866f-214377a09e87,a83f0aec-4e5c-4467-a9ab-43634b46c1f6,2026-06-08,sick,0,""
92b819c5-e172-45e5-a1b1-4d567b106633,ed36110d-a2cf-4a88-91c7-0d23f758cd4c,a83f0aec-4e5c-4467-a9ab-43634b46c1f6,2026-05-20,present,6,Via fadda/alghero
34905d86-9f02-43a1-aa2b-2b0d78770f59,55c515b0-f4e2-4b80-8d6f-e2755cb31866,a83f0aec-4e5c-4467-a9ab-43634b46c1f6,2026-06-17,present,8,Via mestre
c06ece4e-00ac-4f7f-b77c-f9908f9b4492,55c515b0-f4e2-4b80-8d6f-e2755cb31866,a83f0aec-4e5c-4467-a9ab-43634b46c1f6,2026-06-18,present,8,Via mestre
9fff62cc-a56f-4c82-b859-009561ffe23b,55c515b0-f4e2-4b80-8d6f-e2755cb31866,a83f0aec-4e5c-4467-a9ab-43634b46c1f6,2026-06-19,present,8,Via mestre
2b633c64-ccb4-4d50-898f-834438319278,55c515b0-f4e2-4b80-8d6f-e2755cb31866,a83f0aec-4e5c-4467-a9ab-43634b46c1f6,2026-06-22,present,8,Via mestre
d15b107a-5811-4eae-bd0f-54b333c37085,55c515b0-f4e2-4b80-8d6f-e2755cb31866,a83f0aec-4e5c-4467-a9ab-43634b46c1f6,2026-06-23,present,8,Via mestre
7c7649cc-79a1-49c9-8e1c-18c305336bf9,55c515b0-f4e2-4b80-8d6f-e2755cb31866,a83f0aec-4e5c-4467-a9ab-43634b46c1f6,2026-06-24,present,8,Via mestre
9bb83adf-0f78-4ef3-9f4f-7af38d23ec43,55c515b0-f4e2-4b80-8d6f-e2755cb31866,a83f0aec-4e5c-4467-a9ab-43634b46c1f6,2026-06-25,present,8,Via mestre
8d9d0d9e-700d-49d4-bb51-0d64b48d59e9,55c515b0-f4e2-4b80-8d6f-e2755cb31866,a83f0aec-4e5c-4467-a9ab-43634b46c1f6,2026-06-29,present,8,Via mestre
8b2cc140-f1f7-4686-9581-dc8eea19da9a,a335efe4-d86c-4f3f-a2a1-b4abc123d167,a83f0aec-4e5c-4467-a9ab-43634b46c1f6,2026-06-25,present,8,Via fadda/alghero
241b284a-87c2-427c-8585-a3618d8403cf,a335efe4-d86c-4f3f-a2a1-b4abc123d167,a83f0aec-4e5c-4467-a9ab-43634b46c1f6,2026-06-26,present,8,Via fadda/alghero
77eb4fdd-dbe1-4442-8f7e-3cc0eff32884,a335efe4-d86c-4f3f-a2a1-b4abc123d167,a83f0aec-4e5c-4467-a9ab-43634b46c1f6,2026-06-29,present,8,Via fadda/alghero
ef00fed7-f796-4ba8-b052-5d1768929365,a335efe4-d86c-4f3f-a2a1-b4abc123d167,a83f0aec-4e5c-4467-a9ab-43634b46c1f6,2026-06-30,present,8,Via fadda/alghero
ec5c70f7-9424-4147-8ddf-96a261dc9943,33872abe-802f-47d0-8614-f4d206fff08f,a83f0aec-4e5c-4467-a9ab-43634b46c1f6,2026-06-15,present,8,Via mandrolisai
ced887f4-1a1f-4864-8512-29cef46940d9,33872abe-802f-47d0-8614-f4d206fff08f,a83f0aec-4e5c-4467-a9ab-43634b46c1f6,2026-06-22,present,8,Via mandrolisai
77946d71-7b69-4778-86ed-364ff904ea17,33872abe-802f-47d0-8614-f4d206fff08f,a83f0aec-4e5c-4467-a9ab-43634b46c1f6,2026-06-24,present,8,Via mandrolisai
8f9d0e36-6ba0-4855-8d54-66cb2066ff70,33872abe-802f-47d0-8614-f4d206fff08f,a83f0aec-4e5c-4467-a9ab-43634b46c1f6,2026-06-25,present,8,Via mandrolisai
fda2651f-2727-4149-809d-98afeddb1806,33872abe-802f-47d0-8614-f4d206fff08f,a83f0aec-4e5c-4467-a9ab-43634b46c1f6,2026-06-29,present,8,Via mandrolisai
f4041438-23c2-49a8-bbaf-b08e6283364b,0dd64ca9-1964-46eb-8f97-a71315c8b1ed,a83f0aec-4e5c-4467-a9ab-43634b46c1f6,2026-07-07,present,8,Via strauss
bb740ecd-b283-464d-a47f-327e7ba6ff4f,0dd64ca9-1964-46eb-8f97-a71315c8b1ed,a83f0aec-4e5c-4467-a9ab-43634b46c1f6,2026-07-08,present,8,Via strauss
c3b6dd6f-cd37-4abf-ae61-e38eb380b0aa,0dd64ca9-1964-46eb-8f97-a71315c8b1ed,a83f0aec-4e5c-4467-a9ab-43634b46c1f6,2026-07-09,present,8,Via strauss
7831377a-0906-454a-ad36-e34933820af4,0dd64ca9-1964-46eb-8f97-a71315c8b1ed,a83f0aec-4e5c-4467-a9ab-43634b46c1f6,2026-07-10,present,8,Via strauss
4d6e26ad-a4d2-4660-acd7-23d68cdae7fd,bb7725da-b5fc-4433-afd7-bad5e5179acb,a83f0aec-4e5c-4467-a9ab-43634b46c1f6,2026-07-17,present,5,via mandrolisai
12313de6-0a54-440c-9009-cbdc40088ace,b667d9a9-f058-4fd7-90bf-62cdef8d5672,a83f0aec-4e5c-4467-a9ab-43634b46c1f6,2026-07-01,present,8,Via giotto
747dbc8c-7df2-475d-a0d5-aaee8a3f1a70,b667d9a9-f058-4fd7-90bf-62cdef8d5672,a83f0aec-4e5c-4467-a9ab-43634b46c1f6,2026-07-02,present,8,Via giotto
686d595e-de29-4538-9600-3b778ea72b4e,b667d9a9-f058-4fd7-90bf-62cdef8d5672,a83f0aec-4e5c-4467-a9ab-43634b46c1f6,2026-07-06,present,8,Via giotto
1e5abf39-d5c7-40f6-ae37-53466b7d67f6,b667d9a9-f058-4fd7-90bf-62cdef8d5672,a83f0aec-4e5c-4467-a9ab-43634b46c1f6,2026-07-07,present,8,Via giotto
b179de8f-e84e-43dd-80bb-9d8304fd7cad,07cba65e-e2f7-495c-8b24-2192173054a0,a83f0aec-4e5c-4467-a9ab-43634b46c1f6,2026-07-09,present,8,Via copernico
c7d83f42-f1c6-4ef7-ae26-3ad88d748959,07cba65e-e2f7-495c-8b24-2192173054a0,a83f0aec-4e5c-4467-a9ab-43634b46c1f6,2026-07-10,present,8,Via copernico
dfe6987a-b702-4297-bd21-954676dc629b,07cba65e-e2f7-495c-8b24-2192173054a0,a83f0aec-4e5c-4467-a9ab-43634b46c1f6,2026-07-13,present,8,Via copernico
a0ee8d73-e3ae-4304-8556-b80c10b88b0d,51798bdc-d001-44c5-bd27-c1b31b9cefe4,89f0d7b8-afa8-4963-b414-f39bc0c50865,2026-07-02,present,8,""
95c3da99-7718-4fe3-a495-22501195873b,0dd64ca9-1964-46eb-8f97-a71315c8b1ed,a83f0aec-4e5c-4467-a9ab-43634b46c1f6,2026-07-13,present,8,Via strauss
ed67a231-9d5c-4d07-a8ee-09fe247c56a6,33872abe-802f-47d0-8614-f4d206fff08f,a83f0aec-4e5c-4467-a9ab-43634b46c1f6,2026-04-03,sick,0,""
06753cac-d397-4d25-b456-8313fa7ad485,07cba65e-e2f7-495c-8b24-2192173054a0,a83f0aec-4e5c-4467-a9ab-43634b46c1f6,2026-02-26,present,8,Via bottego
32545be2-ed1e-4f6c-9515-1d40fd0f9f5b,1c0f2692-e1e4-40fe-907e-6023010d5f19,a83f0aec-4e5c-4467-a9ab-43634b46c1f6,2026-02-24,present,4,Viale monastir
2812a197-d7d1-46d9-8baf-4de10b5b1fb6,bd23f301-51a8-4e05-a640-c66306e27ef6,a83f0aec-4e5c-4467-a9ab-43634b46c1f6,2026-02-24,present,8,Via mestre
c626bff9-8348-4974-976e-65389cefa127,0af3ee03-5ad8-4726-81bb-ba490b621682,a83f0aec-4e5c-4467-a9ab-43634b46c1f6,2026-02-24,present,8,Via mestre
6bee4530-415c-4e72-abed-a456d2a33dce,42b77da1-31e4-4197-88a5-2679c57fac56,a83f0aec-4e5c-4467-a9ab-43634b46c1f6,2026-05-04,present,8,Via strauss
e7c46e6c-dabf-43e9-9d50-495fabe22246,f029e10a-9baf-4528-b950-2e10fb4d13ce,a83f0aec-4e5c-4467-a9ab-43634b46c1f6,2026-02-24,present,8,Viale monastir
be183961-47bf-462e-8e1b-926964a42409,a78a69df-18f8-45b2-866f-214377a09e87,a83f0aec-4e5c-4467-a9ab-43634b46c1f6,2026-02-24,present,8,Via mestre
3aa10f23-3122-4c56-b58a-f3ad43afacec,ed17502d-bd6a-418e-a321-b5c13b8979eb,a83f0aec-4e5c-4467-a9ab-43634b46c1f6,2026-02-24,present,8,Via mestre
eb7b6f6c-a63a-4f5e-93e4-af7441bcda1e,e29ef4e3-a2cd-4328-8cd5-5d17785f1a83,a83f0aec-4e5c-4467-a9ab-43634b46c1f6,2026-02-24,present,8,Viale monastir
356aad19-5f91-43ab-a29c-e42b82044f84,b8da2a0d-01f4-40e4-823f-d0e64c0d5a85,a83f0aec-4e5c-4467-a9ab-43634b46c1f6,2026-02-24,present,8,Viale monastir
8a065005-8b55-4b77-8ef1-52ce719818b4,55c515b0-f4e2-4b80-8d6f-e2755cb31866,a83f0aec-4e5c-4467-a9ab-43634b46c1f6,2026-02-24,present,8,Viale monastir
f1ccc0e0-4a51-4919-ad6e-bcd486b7b69b,a335efe4-d86c-4f3f-a2a1-b4abc123d167,a83f0aec-4e5c-4467-a9ab-43634b46c1f6,2026-02-24,present,8,Via giotto
014a8d01-cd13-451d-9c04-617f9d570d7f,cff16040-6983-48f2-b49c-1fa06f131879,a83f0aec-4e5c-4467-a9ab-43634b46c1f6,2026-02-24,present,8,Via copernico
e78d1d6f-70b3-4387-9d97-27fca018ee91,0dd64ca9-1964-46eb-8f97-a71315c8b1ed,a83f0aec-4e5c-4467-a9ab-43634b46c1f6,2026-02-24,present,8,Via copernico
fdb2872e-5d68-4071-9307-5c5082932877,b667d9a9-f058-4fd7-90bf-62cdef8d5672,a83f0aec-4e5c-4467-a9ab-43634b46c1f6,2026-02-24,present,8,Via giotto
0244b4a2-84d6-46dd-a2e1-484927340642,07cba65e-e2f7-495c-8b24-2192173054a0,a83f0aec-4e5c-4467-a9ab-43634b46c1f6,2026-02-24,present,8,Via bottego
4c2648eb-a871-44f4-b980-95aa0ffad79d,be17adcf-4219-4796-958f-51e2b5e0cf92,a83f0aec-4e5c-4467-a9ab-43634b46c1f6,2026-02-24,present,8,Via corte d'appello
4da15d6f-714b-4ef6-92d2-a11fb5ed2068,42b77da1-31e4-4197-88a5-2679c57fac56,a83f0aec-4e5c-4467-a9ab-43634b46c1f6,2026-02-24,present,8,Via donoratico
031277ef-319b-452d-952d-3bc4e6a1d807,2f76e93b-41a3-4e8b-8741-8b3e03d8db85,a83f0aec-4e5c-4467-a9ab-43634b46c1f6,2026-02-24,present,8,Via corte d'appello
4581693b-04fe-4bd1-ae91-84c8e849a23e,2197b6fd-9cb2-4d34-8118-cf9f11b573d7,a83f0aec-4e5c-4467-a9ab-43634b46c1f6,2026-02-24,present,8,Via donoratico
4f81a5ca-66a6-46ae-b64f-1ac1f1f7d11b,bd23f301-51a8-4e05-a640-c66306e27ef6,a83f0aec-4e5c-4467-a9ab-43634b46c1f6,2026-02-26,present,8,Via mestre
e3dd532a-aeef-4526-8296-5ca772637907,bd23f301-51a8-4e05-a640-c66306e27ef6,a83f0aec-4e5c-4467-a9ab-43634b46c1f6,2026-08-11,holiday,0,""
a3ecab45-506d-4e0c-84a9-13dcec1c51d0,a335efe4-d86c-4f3f-a2a1-b4abc123d167,a83f0aec-4e5c-4467-a9ab-43634b46c1f6,2026-02-25,present,8,Via corte d'appello
26f7edfb-78ba-4007-b2b5-f68c19fcc317,a335efe4-d86c-4f3f-a2a1-b4abc123d167,a83f0aec-4e5c-4467-a9ab-43634b46c1f6,2026-02-26,present,8,Via corte d'appello
03444cab-9708-47a7-99e6-896da519d3f7,cff16040-6983-48f2-b49c-1fa06f131879,a83f0aec-4e5c-4467-a9ab-43634b46c1f6,2026-02-25,present,8,Via giotto
f1544423-fdaf-4c5c-a9e3-1ad8f9cc28a6,cff16040-6983-48f2-b49c-1fa06f131879,a83f0aec-4e5c-4467-a9ab-43634b46c1f6,2026-02-26,present,8,Via giotto
f3305f65-bba6-42eb-a45b-dd81aceb1f65,0dd64ca9-1964-46eb-8f97-a71315c8b1ed,a83f0aec-4e5c-4467-a9ab-43634b46c1f6,2026-02-25,present,8,Via copernico
55d5d945-e12c-4bc9-8de3-db29a6d60d10,0dd64ca9-1964-46eb-8f97-a71315c8b1ed,a83f0aec-4e5c-4467-a9ab-43634b46c1f6,2026-02-26,present,8,Via copernico
7cc05df7-3284-4228-b773-fa53ceb98366,b667d9a9-f058-4fd7-90bf-62cdef8d5672,a83f0aec-4e5c-4467-a9ab-43634b46c1f6,2026-02-25,present,8,Via giotto
7643d29b-1d08-4c46-a2c7-e1b145db003b,b667d9a9-f058-4fd7-90bf-62cdef8d5672,a83f0aec-4e5c-4467-a9ab-43634b46c1f6,2026-02-26,present,8,Via giotto
34b59468-a441-4acf-aad4-116d85826968,07cba65e-e2f7-495c-8b24-2192173054a0,a83f0aec-4e5c-4467-a9ab-43634b46c1f6,2026-02-25,present,8,Via bottego
cfb139d3-02f8-4794-b3a2-d522cccb36b6,be17adcf-4219-4796-958f-51e2b5e0cf92,a83f0aec-4e5c-4467-a9ab-43634b46c1f6,2026-02-26,present,8,Via bottego
03e0aea9-4d36-4cbc-8b24-712fda8d4958,42b77da1-31e4-4197-88a5-2679c57fac56,a83f0aec-4e5c-4467-a9ab-43634b46c1f6,2026-02-25,present,8,Via donoratico
982940f8-4657-4ed6-a626-6f79c5bc0924,42b77da1-31e4-4197-88a5-2679c57fac56,a83f0aec-4e5c-4467-a9ab-43634b46c1f6,2026-02-26,present,8,Via donoratico
c6bfce78-68d3-4a90-896a-3a5e25cb6db2,2f76e93b-41a3-4e8b-8741-8b3e03d8db85,a83f0aec-4e5c-4467-a9ab-43634b46c1f6,2026-02-25,present,8,Via corte d'appello
412a25ab-717e-47f3-a3a1-62fcf8fac1a5,2f76e93b-41a3-4e8b-8741-8b3e03d8db85,a83f0aec-4e5c-4467-a9ab-43634b46c1f6,2026-02-26,present,8,Via corte d'appello
8613a418-139a-41c7-a084-4d4d1d17a370,2197b6fd-9cb2-4d34-8118-cf9f11b573d7,a83f0aec-4e5c-4467-a9ab-43634b46c1f6,2026-02-25,present,8,Via donoratico
8c140279-c10b-4de4-b564-38164c29e690,2197b6fd-9cb2-4d34-8118-cf9f11b573d7,a83f0aec-4e5c-4467-a9ab-43634b46c1f6,2026-02-26,present,8,Via donoratico
3c768d02-10b4-48c1-b730-b198d4da6e94,ed36110d-a2cf-4a88-91c7-0d23f758cd4c,a83f0aec-4e5c-4467-a9ab-43634b46c1f6,2026-02-24,present,6,Via donoratico
68367d12-3187-4ab8-b40d-e861d8ee9525,ed36110d-a2cf-4a88-91c7-0d23f758cd4c,a83f0aec-4e5c-4467-a9ab-43634b46c1f6,2026-02-25,present,6,Via donoratico
37ec6f54-46a5-43e7-9e9f-c72f01488e26,0af3ee03-5ad8-4726-81bb-ba490b621682,a83f0aec-4e5c-4467-a9ab-43634b46c1f6,2026-02-25,present,8,Via mestre
ec424fbb-a55a-45d2-b00c-98a36cbb792a,ed36110d-a2cf-4a88-91c7-0d23f758cd4c,a83f0aec-4e5c-4467-a9ab-43634b46c1f6,2026-02-26,present,6,Via donoratico
77f3ecc1-8465-4039-9633-5fc228f9e6d6,bd23f301-51a8-4e05-a640-c66306e27ef6,a83f0aec-4e5c-4467-a9ab-43634b46c1f6,2026-08-10,holiday,0,""
f9759ebc-44ae-4e30-84a6-16c6f6da8b43,1c0f2692-e1e4-40fe-907e-6023010d5f19,a83f0aec-4e5c-4467-a9ab-43634b46c1f6,2026-02-25,present,4,Viale monastir
d6e5f9f5-ef5d-4892-86ef-a0d19728e99e,bd23f301-51a8-4e05-a640-c66306e27ef6,a83f0aec-4e5c-4467-a9ab-43634b46c1f6,2026-02-25,present,8,Via mestre
09a9f7fe-6537-4ee3-8c96-57c4af1df6be,0af3ee03-5ad8-4726-81bb-ba490b621682,a83f0aec-4e5c-4467-a9ab-43634b46c1f6,2026-02-26,present,8,Via mestre
0bc43721-2f58-4e71-b24a-a0a73f979c02,42b77da1-31e4-4197-88a5-2679c57fac56,a83f0aec-4e5c-4467-a9ab-43634b46c1f6,2026-05-15,present,8,Via strauss
8c402468-89bf-4a7f-9ba0-24c84ff6eadd,42b77da1-31e4-4197-88a5-2679c57fac56,a83f0aec-4e5c-4467-a9ab-43634b46c1f6,2026-05-12,present,8,Via strauss
dd78b6e9-cdab-4853-8bc3-f5d7dbb27475,f029e10a-9baf-4528-b950-2e10fb4d13ce,a83f0aec-4e5c-4467-a9ab-43634b46c1f6,2026-02-25,present,8,Viale monastir
93f7b5e6-cb5a-4649-9bce-dab496a49a68,f029e10a-9baf-4528-b950-2e10fb4d13ce,a83f0aec-4e5c-4467-a9ab-43634b46c1f6,2026-02-26,present,8,Viale monastir
c81a72b8-4aea-44aa-ab6c-2445dbd78b00,a78a69df-18f8-45b2-866f-214377a09e87,a83f0aec-4e5c-4467-a9ab-43634b46c1f6,2026-02-25,present,8,Via mestre
fb6106f7-b9b6-44cc-b2cf-7c76857f9311,a78a69df-18f8-45b2-866f-214377a09e87,a83f0aec-4e5c-4467-a9ab-43634b46c1f6,2026-02-26,present,8,Via mestre
a392159c-8ab4-46b4-83b8-7ca436322795,ed17502d-bd6a-418e-a321-b5c13b8979eb,a83f0aec-4e5c-4467-a9ab-43634b46c1f6,2026-02-25,present,8,Via mestre
10a357b4-a73e-49b2-9ffa-a35b6f8047a7,ed17502d-bd6a-418e-a321-b5c13b8979eb,a83f0aec-4e5c-4467-a9ab-43634b46c1f6,2026-02-26,present,8,Via mestre
bb57edf2-0d4c-4cf3-a939-57163beb5bad,e29ef4e3-a2cd-4328-8cd5-5d17785f1a83,a83f0aec-4e5c-4467-a9ab-43634b46c1f6,2026-02-25,present,8,Viale monastir
2d313193-4ff1-464d-a790-8da9e2ca5d9e,e29ef4e3-a2cd-4328-8cd5-5d17785f1a83,a83f0aec-4e5c-4467-a9ab-43634b46c1f6,2026-02-26,present,8,Viale monastir
25576e65-251a-44a9-b760-fdfb6ace21d8,b8da2a0d-01f4-40e4-823f-d0e64c0d5a85,a83f0aec-4e5c-4467-a9ab-43634b46c1f6,2026-02-25,present,8,Viale monastir
63aac485-2d78-404b-b837-5ee64328f8c1,b8da2a0d-01f4-40e4-823f-d0e64c0d5a85,a83f0aec-4e5c-4467-a9ab-43634b46c1f6,2026-02-26,present,8,Viale monastir
c961fa16-acd2-4ca0-9f6f-d4662de579fa,55c515b0-f4e2-4b80-8d6f-e2755cb31866,a83f0aec-4e5c-4467-a9ab-43634b46c1f6,2026-02-25,present,8,Viale monastir
d7f0e11e-e9d3-4183-8ba1-8feeaac708a3,55c515b0-f4e2-4b80-8d6f-e2755cb31866,a83f0aec-4e5c-4467-a9ab-43634b46c1f6,2026-02-26,present,8,Viale monastir
ffa66f35-64ad-477b-be65-fe2b6ba6439e,a335efe4-d86c-4f3f-a2a1-b4abc123d167,a83f0aec-4e5c-4467-a9ab-43634b46c1f6,2026-04-16,present,8,Via giotto
ca7100bb-d294-4ff9-a337-8d75b181e97c,a335efe4-d86c-4f3f-a2a1-b4abc123d167,a83f0aec-4e5c-4467-a9ab-43634b46c1f6,2026-04-17,present,8,Via giotto
e06cbcf7-5b31-42ee-9ca8-45835e7785a5,a78a69df-18f8-45b2-866f-214377a09e87,a83f0aec-4e5c-4467-a9ab-43634b46c1f6,2026-06-06,sick,0,""
a2c52fb7-f885-4b9d-8afa-3b2b67ee3b9d,a335efe4-d86c-4f3f-a2a1-b4abc123d167,a83f0aec-4e5c-4467-a9ab-43634b46c1f6,2026-04-22,present,8,Via giotto
b8738413-7a4a-42e7-95d6-3118529d2f28,a78a69df-18f8-45b2-866f-214377a09e87,a83f0aec-4e5c-4467-a9ab-43634b46c1f6,2026-06-09,sick,0,""
3ec7b25e-1a27-4850-bfc3-36ebbb579ecd,a335efe4-d86c-4f3f-a2a1-b4abc123d167,a83f0aec-4e5c-4467-a9ab-43634b46c1f6,2026-02-27,present,8,Via corte d'appello
a5ec9f0a-f457-43a6-a9d3-13b630209cf8,cff16040-6983-48f2-b49c-1fa06f131879,a83f0aec-4e5c-4467-a9ab-43634b46c1f6,2026-02-27,present,8,Via giotto
c0ca6c0e-8bc1-4f97-947f-aad84deb12dd,0dd64ca9-1964-46eb-8f97-a71315c8b1ed,a83f0aec-4e5c-4467-a9ab-43634b46c1f6,2026-02-27,present,8,Via copernico
4c74ce9e-9e9e-4ee0-a10e-5d896c274297,b667d9a9-f058-4fd7-90bf-62cdef8d5672,a83f0aec-4e5c-4467-a9ab-43634b46c1f6,2026-02-27,present,8,Via giotto
bb00993b-c29d-447c-a41f-e693439ce089,07cba65e-e2f7-495c-8b24-2192173054a0,a83f0aec-4e5c-4467-a9ab-43634b46c1f6,2026-02-27,present,8,Via bottego
9a138031-2112-4bb9-84ac-44db2264a12d,be17adcf-4219-4796-958f-51e2b5e0cf92,a83f0aec-4e5c-4467-a9ab-43634b46c1f6,2026-02-27,present,8,Via bottego
87c3f507-6f46-46fe-96bf-de70a014d1d7,42b77da1-31e4-4197-88a5-2679c57fac56,a83f0aec-4e5c-4467-a9ab-43634b46c1f6,2026-02-27,present,8,Via donoratico
72a45d9a-a38b-4b9c-b9fd-500d55c117bf,2f76e93b-41a3-4e8b-8741-8b3e03d8db85,a83f0aec-4e5c-4467-a9ab-43634b46c1f6,2026-02-27,present,8,Via corte d'appello
408b38e5-55d4-4d3e-a49e-d890a50e5d9f,2197b6fd-9cb2-4d34-8118-cf9f11b573d7,a83f0aec-4e5c-4467-a9ab-43634b46c1f6,2026-02-27,present,8,Via donoratico
2bd7d162-2a53-49d2-9e28-69bb26bb30df,bd23f301-51a8-4e05-a640-c66306e27ef6,a83f0aec-4e5c-4467-a9ab-43634b46c1f6,2026-03-04,present,8,Viale monastir
c51e70d6-e71c-4f78-afc2-4a760835a2e8,bd23f301-51a8-4e05-a640-c66306e27ef6,a83f0aec-4e5c-4467-a9ab-43634b46c1f6,2026-08-12,holiday,0,""
4480c13f-626b-483c-8dfd-54cf10884d08,ed36110d-a2cf-4a88-91c7-0d23f758cd4c,a83f0aec-4e5c-4467-a9ab-43634b46c1f6,2026-02-27,present,6,Via donoratico
d9b2a73a-bac7-4f6b-955b-7ab917c69ae4,be17adcf-4219-4796-958f-51e2b5e0cf92,a83f0aec-4e5c-4467-a9ab-43634b46c1f6,2026-03-06,holiday,0,""
57eeb326-8d44-4ea3-a418-7e2540e70b68,bd23f301-51a8-4e05-a640-c66306e27ef6,a83f0aec-4e5c-4467-a9ab-43634b46c1f6,2026-08-13,present,8,Via mandrolisai
43d9f43e-d114-4cab-94b6-44061ed15bf5,1c0f2692-e1e4-40fe-907e-6023010d5f19,a83f0aec-4e5c-4467-a9ab-43634b46c1f6,2026-02-27,present,4,Viale monastir
232a7f69-f4d4-4f07-af92-f9ebc166a8b9,bd23f301-51a8-4e05-a640-c66306e27ef6,a83f0aec-4e5c-4467-a9ab-43634b46c1f6,2026-02-27,present,8,Via mestre
365eb009-4741-4ace-925a-f250437289db,0af3ee03-5ad8-4726-81bb-ba490b621682,a83f0aec-4e5c-4467-a9ab-43634b46c1f6,2026-02-27,present,8,Via mestre
e60610f7-f6c1-423a-a705-c0a3d18dcf78,42b77da1-31e4-4197-88a5-2679c57fac56,a83f0aec-4e5c-4467-a9ab-43634b46c1f6,2026-05-08,present,8,Via strauss
67672ece-f89e-4cb1-b64d-70a03471a83b,f029e10a-9baf-4528-b950-2e10fb4d13ce,a83f0aec-4e5c-4467-a9ab-43634b46c1f6,2026-02-27,present,8,Viale monastir
2c8cb244-09bd-46b2-b5c1-168fd3ffc171,a78a69df-18f8-45b2-866f-214377a09e87,a83f0aec-4e5c-4467-a9ab-43634b46c1f6,2026-02-27,present,8,Via mestre
99fdd4fd-6cdf-40c2-b754-b701b428bed9,ed17502d-bd6a-418e-a321-b5c13b8979eb,a83f0aec-4e5c-4467-a9ab-43634b46c1f6,2026-02-27,present,8,Via mestre
35c15152-c70a-4bb5-909a-3f52364400b4,e29ef4e3-a2cd-4328-8cd5-5d17785f1a83,a83f0aec-4e5c-4467-a9ab-43634b46c1f6,2026-02-27,present,8,Viale monastir
7764a51a-c760-40a0-90d7-64296b739335,b8da2a0d-01f4-40e4-823f-d0e64c0d5a85,a83f0aec-4e5c-4467-a9ab-43634b46c1f6,2026-02-27,present,8,Viale monastir
56a70d86-334b-4e16-8f2c-29c60af4c5b8,55c515b0-f4e2-4b80-8d6f-e2755cb31866,a83f0aec-4e5c-4467-a9ab-43634b46c1f6,2026-02-27,present,8,Viale monastir
e27a681a-980c-440f-b4d5-2cdd63dd14ea,a335efe4-d86c-4f3f-a2a1-b4abc123d167,a83f0aec-4e5c-4467-a9ab-43634b46c1f6,2026-04-20,present,8,Via giotto
28240cc9-08fb-49a4-8936-5bea6d77c61e,42b77da1-31e4-4197-88a5-2679c57fac56,a83f0aec-4e5c-4467-a9ab-43634b46c1f6,2026-05-06,present,8,Via strauss
7df2b975-80f5-4881-af0e-35a7430f3a6b,bd23f301-51a8-4e05-a640-c66306e27ef6,a83f0aec-4e5c-4467-a9ab-43634b46c1f6,2026-03-05,present,8,Viale monastir
f39c5d0e-fbc0-49fe-a8ea-031a0b870ae7,b8da2a0d-01f4-40e4-823f-d0e64c0d5a85,a83f0aec-4e5c-4467-a9ab-43634b46c1f6,2026-03-04,holiday,0,""
ae703f34-5f51-4861-b935-e1db0f6ff5b9,bd23f301-51a8-4e05-a640-c66306e27ef6,a83f0aec-4e5c-4467-a9ab-43634b46c1f6,2026-03-06,present,8,Viale monastir
8ef0b849-ac63-41b0-8968-098b1705b02c,b8da2a0d-01f4-40e4-823f-d0e64c0d5a85,a83f0aec-4e5c-4467-a9ab-43634b46c1f6,2026-03-05,holiday,0,""
61582b3b-6b12-44d3-af65-fdcdc7844392,ed36110d-a2cf-4a88-91c7-0d23f758cd4c,a83f0aec-4e5c-4467-a9ab-43634b46c1f6,2026-03-09,holiday,0,""
fa1687f4-6726-48f1-817f-0e11650ec528,bd23f301-51a8-4e05-a640-c66306e27ef6,a83f0aec-4e5c-4467-a9ab-43634b46c1f6,2026-03-09,present,8,Viale monastir
654724e0-45f9-40ab-9c93-d5e440f3ba10,a335efe4-d86c-4f3f-a2a1-b4abc123d167,a83f0aec-4e5c-4467-a9ab-43634b46c1f6,2026-04-21,present,8,Via giotto
f74408d9-05dd-4dd0-a0fe-8821d888b049,a335efe4-d86c-4f3f-a2a1-b4abc123d167,a83f0aec-4e5c-4467-a9ab-43634b46c1f6,2026-03-01,holiday,0,""
a836eafa-da4a-46dd-9e12-3871e8d6f59c,0af3ee03-5ad8-4726-81bb-ba490b621682,a83f0aec-4e5c-4467-a9ab-43634b46c1f6,2026-03-02,present,8,Via mestre
0a648eec-4694-4290-bd80-f205557df434,0af3ee03-5ad8-4726-81bb-ba490b621682,a83f0aec-4e5c-4467-a9ab-43634b46c1f6,2026-03-03,present,8,Via mestre
aec6636c-2340-4408-a485-95a6680c01dc,1c0f2692-e1e4-40fe-907e-6023010d5f19,a83f0aec-4e5c-4467-a9ab-43634b46c1f6,2026-03-01,holiday,0,""
b48c2f01-b0e8-4398-88a6-a04b43f0efa7,1c0f2692-e1e4-40fe-907e-6023010d5f19,a83f0aec-4e5c-4467-a9ab-43634b46c1f6,2026-03-02,present,4,Viale monastir
b7680fcc-b152-4018-a556-feeda4ef5904,1c0f2692-e1e4-40fe-907e-6023010d5f19,a83f0aec-4e5c-4467-a9ab-43634b46c1f6,2026-03-03,present,4,Viale monastir
4ba51b3f-32ec-4f3f-97e9-ffb6016498fc,1c0f2692-e1e4-40fe-907e-6023010d5f19,a83f0aec-4e5c-4467-a9ab-43634b46c1f6,2026-03-04,present,4,Viale monastir
e0874c6b-87b8-49ca-9c7a-1b4444bdc656,0af3ee03-5ad8-4726-81bb-ba490b621682,a83f0aec-4e5c-4467-a9ab-43634b46c1f6,2026-03-04,present,8,Via mestre
39aba8ef-f99e-4fb9-8434-fdbec18e2ca3,0af3ee03-5ad8-4726-81bb-ba490b621682,a83f0aec-4e5c-4467-a9ab-43634b46c1f6,2026-03-05,present,8,Via mestre
f569e402-beea-40f9-84a1-c27b4ca3a93c,1c0f2692-e1e4-40fe-907e-6023010d5f19,a83f0aec-4e5c-4467-a9ab-43634b46c1f6,2026-03-05,present,4,Viale monastir
f74cfa7b-9958-4230-86dc-c681cff9b5b1,1c0f2692-e1e4-40fe-907e-6023010d5f19,a83f0aec-4e5c-4467-a9ab-43634b46c1f6,2026-03-06,present,4,Viale monastir
b63025e1-5535-46c6-983c-4b90131b12d2,1c0f2692-e1e4-40fe-907e-6023010d5f19,a83f0aec-4e5c-4467-a9ab-43634b46c1f6,2026-03-09,present,4,Viale monastir
01a3572d-74d4-49a4-bd3e-9ce62c1b69f7,bd23f301-51a8-4e05-a640-c66306e27ef6,a83f0aec-4e5c-4467-a9ab-43634b46c1f6,2026-03-02,present,8,Viale monastir
4eba132c-8757-4655-9891-7ff2af4827d9,bd23f301-51a8-4e05-a640-c66306e27ef6,a83f0aec-4e5c-4467-a9ab-43634b46c1f6,2026-03-03,present,8,Viale monastir
1e76ed1a-fb95-44b8-995c-51047188b861,0af3ee03-5ad8-4726-81bb-ba490b621682,a83f0aec-4e5c-4467-a9ab-43634b46c1f6,2026-03-06,present,8,Via mestre
420fd4b8-e109-4e31-bc7d-2ced4281405c,0af3ee03-5ad8-4726-81bb-ba490b621682,a83f0aec-4e5c-4467-a9ab-43634b46c1f6,2026-03-09,present,8,Via mestre
9b4a5e90-842b-4663-95c2-b13b77eef00a,42b77da1-31e4-4197-88a5-2679c57fac56,a83f0aec-4e5c-4467-a9ab-43634b46c1f6,2026-05-11,present,8,Via strauss
d2158520-901a-46a3-a821-bf4f04a77178,42b77da1-31e4-4197-88a5-2679c57fac56,a83f0aec-4e5c-4467-a9ab-43634b46c1f6,2026-05-20,present,8,Via strauss
62c03e68-7d49-4f11-9bc8-0a775c86019a,42b77da1-31e4-4197-88a5-2679c57fac56,a83f0aec-4e5c-4467-a9ab-43634b46c1f6,2026-05-25,present,8,Via strauss
0c304031-5cde-4cdf-9650-6c363bfbec27,2f76e93b-41a3-4e8b-8741-8b3e03d8db85,a83f0aec-4e5c-4467-a9ab-43634b46c1f6,2026-05-05,present,8,Via fadda/alghero
d9677e3c-ac70-45e4-9e9b-a1c921316ffb,f029e10a-9baf-4528-b950-2e10fb4d13ce,a83f0aec-4e5c-4467-a9ab-43634b46c1f6,2026-03-02,present,8,Viale monastir
f59d578a-2ce8-4edd-9e68-f20f1508125f,f029e10a-9baf-4528-b950-2e10fb4d13ce,a83f0aec-4e5c-4467-a9ab-43634b46c1f6,2026-03-03,present,8,Viale monastir
1d2fd4f7-a20b-42c7-805b-9786701ba4cc,f029e10a-9baf-4528-b950-2e10fb4d13ce,a83f0aec-4e5c-4467-a9ab-43634b46c1f6,2026-03-04,present,8,Viale monastir
aac75095-3f38-4ebd-bee7-b9b780ac6496,f029e10a-9baf-4528-b950-2e10fb4d13ce,a83f0aec-4e5c-4467-a9ab-43634b46c1f6,2026-03-05,present,8,Viale monastir
57140b53-12e1-4590-aa47-de993e396f7a,a78a69df-18f8-45b2-866f-214377a09e87,a83f0aec-4e5c-4467-a9ab-43634b46c1f6,2026-03-03,present,8,Via mestre
6f74743e-28a6-46d4-85fa-78617e242731,f029e10a-9baf-4528-b950-2e10fb4d13ce,a83f0aec-4e5c-4467-a9ab-43634b46c1f6,2026-03-06,present,8,Viale monastir
b6b20262-0708-462f-958c-ec4d51d325e7,f029e10a-9baf-4528-b950-2e10fb4d13ce,a83f0aec-4e5c-4467-a9ab-43634b46c1f6,2026-03-09,present,8,Viale monastir
9718b453-1d64-441c-a06f-a250b45e291b,a78a69df-18f8-45b2-866f-214377a09e87,a83f0aec-4e5c-4467-a9ab-43634b46c1f6,2026-03-02,present,8,Via mestre
5f30b5db-a01c-4145-96e2-10ed140fbb23,a78a69df-18f8-45b2-866f-214377a09e87,a83f0aec-4e5c-4467-a9ab-43634b46c1f6,2026-03-04,present,8,Via mestre
ad4dfb5e-299d-4944-a8e4-234b3796321c,a78a69df-18f8-45b2-866f-214377a09e87,a83f0aec-4e5c-4467-a9ab-43634b46c1f6,2026-03-05,present,8,Via mestre
e6fea1b5-1f01-4317-b0ce-f7fc5b24e08d,a78a69df-18f8-45b2-866f-214377a09e87,a83f0aec-4e5c-4467-a9ab-43634b46c1f6,2026-03-06,present,8,Via mestre
92e01697-1d40-4061-a310-55d860061ea2,a78a69df-18f8-45b2-866f-214377a09e87,a83f0aec-4e5c-4467-a9ab-43634b46c1f6,2026-03-09,present,8,Via mestre
47bdeb27-d63e-4302-81f6-9308db87e244,ed17502d-bd6a-418e-a321-b5c13b8979eb,a83f0aec-4e5c-4467-a9ab-43634b46c1f6,2026-03-02,present,8,Via mestre
fdf30f64-3149-4500-9efe-69efdab0d7c3,ed17502d-bd6a-418e-a321-b5c13b8979eb,a83f0aec-4e5c-4467-a9ab-43634b46c1f6,2026-03-03,present,8,Via mestre
1f9f2387-5584-416b-971a-9e546b6f42e8,ed17502d-bd6a-418e-a321-b5c13b8979eb,a83f0aec-4e5c-4467-a9ab-43634b46c1f6,2026-03-04,present,8,Via mestre
a02d7fa0-cc78-4105-8296-107da84cc8b6,2197b6fd-9cb2-4d34-8118-cf9f11b573d7,a83f0aec-4e5c-4467-a9ab-43634b46c1f6,2026-03-09,holiday,0,""
488d8e7d-38e5-4c18-b09b-7809e3e1d419,ed17502d-bd6a-418e-a321-b5c13b8979eb,a83f0aec-4e5c-4467-a9ab-43634b46c1f6,2026-03-05,present,8,Via mestre
35680664-a4b5-4521-a127-39fe74fbe8f6,ed17502d-bd6a-418e-a321-b5c13b8979eb,a83f0aec-4e5c-4467-a9ab-43634b46c1f6,2026-03-06,present,8,Via mestre
a7518965-f154-42e0-ae2e-22ff0123d99e,e29ef4e3-a2cd-4328-8cd5-5d17785f1a83,a83f0aec-4e5c-4467-a9ab-43634b46c1f6,2026-03-02,present,8,Via mestre
44d3532a-798c-4ca1-a3d5-52c2def4a09d,e29ef4e3-a2cd-4328-8cd5-5d17785f1a83,a83f0aec-4e5c-4467-a9ab-43634b46c1f6,2026-03-03,present,8,Via mestre
ab77e2a8-46f9-495f-a927-2c8294df9dfb,e29ef4e3-a2cd-4328-8cd5-5d17785f1a83,a83f0aec-4e5c-4467-a9ab-43634b46c1f6,2026-03-04,present,8,Via mestre
115b5a22-3069-4843-a0e2-b5c85bb22cf1,e29ef4e3-a2cd-4328-8cd5-5d17785f1a83,a83f0aec-4e5c-4467-a9ab-43634b46c1f6,2026-03-05,present,8,Via mestre
f9849722-df08-4d78-b17e-33c64f7d118c,b8da2a0d-01f4-40e4-823f-d0e64c0d5a85,a83f0aec-4e5c-4467-a9ab-43634b46c1f6,2026-03-02,present,8,Viale monastir
46892fe3-f430-45c4-9772-13fec8963594,a335efe4-d86c-4f3f-a2a1-b4abc123d167,a83f0aec-4e5c-4467-a9ab-43634b46c1f6,2026-04-23,present,8,Via giotto
b2cf1111-908a-4d7a-b1eb-026a6c26f296,b8da2a0d-01f4-40e4-823f-d0e64c0d5a85,a83f0aec-4e5c-4467-a9ab-43634b46c1f6,2026-03-03,present,8,Viale monastir
815f4a9b-5c1c-436d-8567-38ae7de7a20b,55c515b0-f4e2-4b80-8d6f-e2755cb31866,a83f0aec-4e5c-4467-a9ab-43634b46c1f6,2026-03-05,present,8,Viale monastir
4eb7a074-ea45-4ac6-b262-f278097e6463,55c515b0-f4e2-4b80-8d6f-e2755cb31866,a83f0aec-4e5c-4467-a9ab-43634b46c1f6,2026-03-06,present,8,Viale monastir
12f33f30-12b7-4e7f-b891-9a90e0731c91,a335efe4-d86c-4f3f-a2a1-b4abc123d167,a83f0aec-4e5c-4467-a9ab-43634b46c1f6,2026-04-24,present,8,Via giotto
2b033b87-eb95-422f-a65e-dc4a7d3d3395,cff16040-6983-48f2-b49c-1fa06f131879,a83f0aec-4e5c-4467-a9ab-43634b46c1f6,2026-04-15,present,8,Via fadda/alghero
9ad87a0f-b58a-4763-97ec-d49238886b90,cff16040-6983-48f2-b49c-1fa06f131879,a83f0aec-4e5c-4467-a9ab-43634b46c1f6,2026-04-16,present,8,Via fadda/alghero
4ceef4cf-819e-4c59-a158-8a5fda8870c8,cff16040-6983-48f2-b49c-1fa06f131879,a83f0aec-4e5c-4467-a9ab-43634b46c1f6,2026-04-17,present,8,Via fadda/alghero
f6834fe9-fea1-4525-8e10-c691bf140b24,cff16040-6983-48f2-b49c-1fa06f131879,a83f0aec-4e5c-4467-a9ab-43634b46c1f6,2026-04-20,present,8,Via fadda/alghero
ee1dd730-6bb9-4d43-91c3-ea2c5dffc184,cff16040-6983-48f2-b49c-1fa06f131879,a83f0aec-4e5c-4467-a9ab-43634b46c1f6,2026-04-21,present,8,Via fadda/alghero
62554fa5-f76d-4e57-8989-14e362e8adc5,be17adcf-4219-4796-958f-51e2b5e0cf92,a83f0aec-4e5c-4467-a9ab-43634b46c1f6,2026-04-24,present,8,Via monte grappa
08d3291c-1a63-47f0-94ca-d19f085deafc,cff16040-6983-48f2-b49c-1fa06f131879,a83f0aec-4e5c-4467-a9ab-43634b46c1f6,2026-04-23,present,8,Via fadda/alghero
79460a0e-00d2-47d7-ac63-ee392293c511,cff16040-6983-48f2-b49c-1fa06f131879,a83f0aec-4e5c-4467-a9ab-43634b46c1f6,2026-04-24,present,8,Via fadda/alghero
468b0667-5f06-456a-8eda-753ac1a4600b,cff16040-6983-48f2-b49c-1fa06f131879,a83f0aec-4e5c-4467-a9ab-43634b46c1f6,2026-04-27,present,8,Via fadda/alghero
5f487302-ed18-4dc8-b8b3-488367bd3186,0dd64ca9-1964-46eb-8f97-a71315c8b1ed,a83f0aec-4e5c-4467-a9ab-43634b46c1f6,2026-04-23,present,8,Via copernico
0cb479e9-77dd-405a-b240-f2ec26f71612,b667d9a9-f058-4fd7-90bf-62cdef8d5672,a83f0aec-4e5c-4467-a9ab-43634b46c1f6,2026-04-15,present,8,Via giotto
c76a15a2-dfb6-4d3b-a4ab-c307ee9c9c55,b667d9a9-f058-4fd7-90bf-62cdef8d5672,a83f0aec-4e5c-4467-a9ab-43634b46c1f6,2026-04-17,present,8,Via giotto
b409e4c8-200f-4e4a-b96b-cd650bbb58ca,b667d9a9-f058-4fd7-90bf-62cdef8d5672,a83f0aec-4e5c-4467-a9ab-43634b46c1f6,2026-04-20,present,8,Via giotto
2516f5cd-c12d-4688-a9ae-29655fb5a08b,b667d9a9-f058-4fd7-90bf-62cdef8d5672,a83f0aec-4e5c-4467-a9ab-43634b46c1f6,2026-04-21,present,8,Via giotto
5eae8d7d-f9e2-47a0-900c-93c88045122a,b667d9a9-f058-4fd7-90bf-62cdef8d5672,a83f0aec-4e5c-4467-a9ab-43634b46c1f6,2026-04-22,present,8,Via giotto
3f684602-a14b-4587-a885-e41643616eaa,b667d9a9-f058-4fd7-90bf-62cdef8d5672,a83f0aec-4e5c-4467-a9ab-43634b46c1f6,2026-04-23,present,8,Via giotto
21007cf2-29c5-4d0a-961d-b24682c1fc3c,07cba65e-e2f7-495c-8b24-2192173054a0,a83f0aec-4e5c-4467-a9ab-43634b46c1f6,2026-04-16,present,8,Via strauss
c1763472-2870-499a-b491-a75a33461e1d,07cba65e-e2f7-495c-8b24-2192173054a0,a83f0aec-4e5c-4467-a9ab-43634b46c1f6,2026-04-20,present,8,Via strauss
87a242c7-8d5c-406e-b8ad-ec55b61cfdca,07cba65e-e2f7-495c-8b24-2192173054a0,a83f0aec-4e5c-4467-a9ab-43634b46c1f6,2026-04-22,present,8,Via strauss
7aa27cf2-79d1-4d24-a489-9927f88d3733,07cba65e-e2f7-495c-8b24-2192173054a0,a83f0aec-4e5c-4467-a9ab-43634b46c1f6,2026-04-24,present,8,Via strauss
6c9431e0-8b0d-4eed-b418-17d8d92b710e,07cba65e-e2f7-495c-8b24-2192173054a0,a83f0aec-4e5c-4467-a9ab-43634b46c1f6,2026-04-27,present,8,Via strauss
402298be-08cc-4b9b-a8e6-120a342854d9,be17adcf-4219-4796-958f-51e2b5e0cf92,a83f0aec-4e5c-4467-a9ab-43634b46c1f6,2026-04-15,present,8,Via monte grappa
a37379d7-3851-4465-8b72-8fceac801058,be17adcf-4219-4796-958f-51e2b5e0cf92,a83f0aec-4e5c-4467-a9ab-43634b46c1f6,2026-04-16,present,8,Via monte grappa
d74f48c1-baeb-40d1-91b5-972500dbedbd,be17adcf-4219-4796-958f-51e2b5e0cf92,a83f0aec-4e5c-4467-a9ab-43634b46c1f6,2026-04-17,present,8,Via monte grappa
08fe830d-2d69-4e3b-8e94-87566d0eeea6,be17adcf-4219-4796-958f-51e2b5e0cf92,a83f0aec-4e5c-4467-a9ab-43634b46c1f6,2026-04-21,present,8,Via monte grappa
952bdfa2-5178-4e27-835f-dbe13ebb002f,be17adcf-4219-4796-958f-51e2b5e0cf92,a83f0aec-4e5c-4467-a9ab-43634b46c1f6,2026-04-23,present,8,Via monte grappa
b0b22659-e177-4e27-9821-ef4b675eac1d,be17adcf-4219-4796-958f-51e2b5e0cf92,a83f0aec-4e5c-4467-a9ab-43634b46c1f6,2026-04-27,present,8,Via monte grappa
b2f75fe7-e16a-434d-b5e2-2c94a2f992a1,42b77da1-31e4-4197-88a5-2679c57fac56,a83f0aec-4e5c-4467-a9ab-43634b46c1f6,2026-04-15,present,8,Via strauss
2a315bfc-e164-4a7a-bfe7-902c41126b2e,42b77da1-31e4-4197-88a5-2679c57fac56,a83f0aec-4e5c-4467-a9ab-43634b46c1f6,2026-04-16,present,8,Via strauss
4061e56f-a954-4dcc-8a97-eb41813be9ed,42b77da1-31e4-4197-88a5-2679c57fac56,a83f0aec-4e5c-4467-a9ab-43634b46c1f6,2026-04-20,present,8,Via strauss
6848682f-387e-4a9f-a968-dc7e30157066,42b77da1-31e4-4197-88a5-2679c57fac56,a83f0aec-4e5c-4467-a9ab-43634b46c1f6,2026-04-21,present,8,Via strauss
f5809ea6-96bf-43f3-8a62-dad7ef9a62bf,42b77da1-31e4-4197-88a5-2679c57fac56,a83f0aec-4e5c-4467-a9ab-43634b46c1f6,2026-04-22,present,8,Via strauss
ecba0c0e-3ea0-443c-84d7-509fbb705e6f,42b77da1-31e4-4197-88a5-2679c57fac56,a83f0aec-4e5c-4467-a9ab-43634b46c1f6,2026-05-18,present,8,Via strauss
13b76c90-87c7-4196-9c83-fbaf258b5f41,42b77da1-31e4-4197-88a5-2679c57fac56,a83f0aec-4e5c-4467-a9ab-43634b46c1f6,2026-04-23,present,8,Via strauss
27bd11e9-95df-4012-95c2-721fe5d3255a,42b77da1-31e4-4197-88a5-2679c57fac56,a83f0aec-4e5c-4467-a9ab-43634b46c1f6,2026-04-27,present,8,Via strauss
fe698481-c31e-4cef-a760-70153ab65f96,42b77da1-31e4-4197-88a5-2679c57fac56,a83f0aec-4e5c-4467-a9ab-43634b46c1f6,2026-05-21,present,8,Via strauss
be28a9b9-4f7e-46b8-9419-e8b95773ad5f,42b77da1-31e4-4197-88a5-2679c57fac56,a83f0aec-4e5c-4467-a9ab-43634b46c1f6,2026-05-22,present,8,Via strauss
be271f1a-ae32-4f7a-ba9e-75a897cda51e,42b77da1-31e4-4197-88a5-2679c57fac56,a83f0aec-4e5c-4467-a9ab-43634b46c1f6,2026-05-27,present,8,Via strauss
365f0d18-524c-465d-ace2-0bf4a4abfcb0,2f76e93b-41a3-4e8b-8741-8b3e03d8db85,a83f0aec-4e5c-4467-a9ab-43634b46c1f6,2026-05-06,present,8,Via fadda/alghero
bdf0e28f-ac04-444a-aaec-07c2eda22003,2f76e93b-41a3-4e8b-8741-8b3e03d8db85,a83f0aec-4e5c-4467-a9ab-43634b46c1f6,2026-05-13,present,8,Via fadda/alghero
41bd7a03-1051-4c5e-9752-33a339c5e1ac,2f76e93b-41a3-4e8b-8741-8b3e03d8db85,a83f0aec-4e5c-4467-a9ab-43634b46c1f6,2026-05-18,present,8,Via monte grappa
3c957f7b-736a-4fc3-aed0-511de2827164,2197b6fd-9cb2-4d34-8118-cf9f11b573d7,a83f0aec-4e5c-4467-a9ab-43634b46c1f6,2026-05-26,present,8,Via fadda/alghero
002e6ab6-8d6e-44a7-882b-55a57446c2ca,2f76e93b-41a3-4e8b-8741-8b3e03d8db85,a83f0aec-4e5c-4467-a9ab-43634b46c1f6,2026-05-28,present,8,Via monte grappa
25f45398-99cd-4a9f-bc19-1e16275ca8db,2197b6fd-9cb2-4d34-8118-cf9f11b573d7,a83f0aec-4e5c-4467-a9ab-43634b46c1f6,2026-05-07,present,8,Via fadda/alghero
5747da6f-f00c-418d-804d-e952a0e72d12,2197b6fd-9cb2-4d34-8118-cf9f11b573d7,a83f0aec-4e5c-4467-a9ab-43634b46c1f6,2026-05-11,present,8,Via fadda/alghero
6195d70b-a344-44e6-96b7-0e71e8a46bc6,2197b6fd-9cb2-4d34-8118-cf9f11b573d7,a83f0aec-4e5c-4467-a9ab-43634b46c1f6,2026-05-20,present,8,Via fadda/alghero
246a6dad-d9f5-4646-bfcd-6d1437d42bbb,2197b6fd-9cb2-4d34-8118-cf9f11b573d7,a83f0aec-4e5c-4467-a9ab-43634b46c1f6,2026-05-27,present,8,Via fadda/alghero
1432aa31-1ff0-43b1-b98c-2cc074e6c46f,ed36110d-a2cf-4a88-91c7-0d23f758cd4c,a83f0aec-4e5c-4467-a9ab-43634b46c1f6,2026-05-04,present,6,Via fadda/alghero
ab2e206e-9371-4257-a560-5dc5b5c4f45a,07cba65e-e2f7-495c-8b24-2192173054a0,a83f0aec-4e5c-4467-a9ab-43634b46c1f6,2026-08-13,holiday,0,""
a8d36960-7974-4a68-977f-029e4c10ce0a,ed36110d-a2cf-4a88-91c7-0d23f758cd4c,a83f0aec-4e5c-4467-a9ab-43634b46c1f6,2026-05-05,present,6,Via fadda/alghero
0962e686-d7e8-42b2-af99-260f38ec27a6,ed36110d-a2cf-4a88-91c7-0d23f758cd4c,a83f0aec-4e5c-4467-a9ab-43634b46c1f6,2026-05-11,present,6,Via fadda/alghero
7cec7f33-bb6f-4bfe-99a0-8ff5fbc97f07,ed36110d-a2cf-4a88-91c7-0d23f758cd4c,a83f0aec-4e5c-4467-a9ab-43634b46c1f6,2026-05-19,present,6,Via fadda/alghero
ff76e334-1f46-4bdb-b89e-44f5a34f39ba,ed36110d-a2cf-4a88-91c7-0d23f758cd4c,a83f0aec-4e5c-4467-a9ab-43634b46c1f6,2026-05-21,present,6,Via fadda/alghero
3bf3e4c8-a890-4148-9bff-e8e1858e2621,ed36110d-a2cf-4a88-91c7-0d23f758cd4c,a83f0aec-4e5c-4467-a9ab-43634b46c1f6,2026-05-22,present,6,Via fadda/alghero
d8f2d659-e8f3-47b2-9a2d-5957f6bda264,b667d9a9-f058-4fd7-90bf-62cdef8d5672,a83f0aec-4e5c-4467-a9ab-43634b46c1f6,2026-03-02,present,8,Via giotto
c7da5a4f-843d-4cda-8dea-767efe5413b7,ed17502d-bd6a-418e-a321-b5c13b8979eb,a83f0aec-4e5c-4467-a9ab-43634b46c1f6,2026-03-09,present,8,Via mestre
2cd40b0a-7f6b-411e-8378-1171cbf37ad8,e29ef4e3-a2cd-4328-8cd5-5d17785f1a83,a83f0aec-4e5c-4467-a9ab-43634b46c1f6,2026-03-06,present,8,Via mestre
5d787ec2-9f49-436b-806b-00c1bb20b106,e29ef4e3-a2cd-4328-8cd5-5d17785f1a83,a83f0aec-4e5c-4467-a9ab-43634b46c1f6,2026-03-09,present,8,Via mestre
e364dff9-5ced-485f-a7b8-161736efe4b2,b8da2a0d-01f4-40e4-823f-d0e64c0d5a85,a83f0aec-4e5c-4467-a9ab-43634b46c1f6,2026-03-06,present,8,Viale monastir
933a3725-ede1-4dc7-8ced-2e4b78512118,b8da2a0d-01f4-40e4-823f-d0e64c0d5a85,a83f0aec-4e5c-4467-a9ab-43634b46c1f6,2026-03-09,present,8,Viale monastir
0e79619c-8567-4829-8921-7f108fb0bb8a,55c515b0-f4e2-4b80-8d6f-e2755cb31866,a83f0aec-4e5c-4467-a9ab-43634b46c1f6,2026-03-02,present,8,Viale monastir
2e59b68a-0ca2-4120-bff7-128d6f301a93,55c515b0-f4e2-4b80-8d6f-e2755cb31866,a83f0aec-4e5c-4467-a9ab-43634b46c1f6,2026-03-03,present,8,Viale monastir
8dba843b-4649-4549-8a87-66d1657e255b,55c515b0-f4e2-4b80-8d6f-e2755cb31866,a83f0aec-4e5c-4467-a9ab-43634b46c1f6,2026-03-04,present,8,Viale monastir
b6e1c04b-791b-4327-a66c-8e58c3ceeda4,55c515b0-f4e2-4b80-8d6f-e2755cb31866,a83f0aec-4e5c-4467-a9ab-43634b46c1f6,2026-03-09,present,8,Viale monastir
5bed13e7-761a-43ae-8735-9f6de285d527,cff16040-6983-48f2-b49c-1fa06f131879,a83f0aec-4e5c-4467-a9ab-43634b46c1f6,2026-04-22,present,8,Via fadda/alghero
0b6cb043-e196-45f3-b4e0-cd3f4ff8abb2,0dd64ca9-1964-46eb-8f97-a71315c8b1ed,a83f0aec-4e5c-4467-a9ab-43634b46c1f6,2026-04-15,present,8,Via copernico
92b144e7-3c53-43a6-b4cc-69c43f9820fc,0dd64ca9-1964-46eb-8f97-a71315c8b1ed,a83f0aec-4e5c-4467-a9ab-43634b46c1f6,2026-04-16,present,8,Via copernico
611c8de5-e4c7-4da5-a132-e74a6cd09466,0dd64ca9-1964-46eb-8f97-a71315c8b1ed,a83f0aec-4e5c-4467-a9ab-43634b46c1f6,2026-04-17,present,8,Via copernico
5b4945ca-7da3-4c0c-9093-3a6bc3662d0e,0dd64ca9-1964-46eb-8f97-a71315c8b1ed,a83f0aec-4e5c-4467-a9ab-43634b46c1f6,2026-04-20,present,8,Via copernico
fc02ade3-ba23-4354-a9cf-1a19b1646907,a335efe4-d86c-4f3f-a2a1-b4abc123d167,a83f0aec-4e5c-4467-a9ab-43634b46c1f6,2026-03-02,present,8,Via bottego
3ec97802-582e-4d8a-a71c-9ed14b3494ef,a335efe4-d86c-4f3f-a2a1-b4abc123d167,a83f0aec-4e5c-4467-a9ab-43634b46c1f6,2026-03-03,present,8,Via bottego
58dea185-db5f-4f19-9a58-808fb39fe2e6,a335efe4-d86c-4f3f-a2a1-b4abc123d167,a83f0aec-4e5c-4467-a9ab-43634b46c1f6,2026-03-04,present,8,Via bottego
e15a7835-bf05-49b5-86db-da62ccf3cc92,a335efe4-d86c-4f3f-a2a1-b4abc123d167,a83f0aec-4e5c-4467-a9ab-43634b46c1f6,2026-03-05,present,8,Via bottego
91b7e057-87af-44a4-a920-9442193d1a23,a335efe4-d86c-4f3f-a2a1-b4abc123d167,a83f0aec-4e5c-4467-a9ab-43634b46c1f6,2026-03-06,present,8,Via bottego
2f0fd841-d23e-4d92-abdc-a882eae64a59,a335efe4-d86c-4f3f-a2a1-b4abc123d167,a83f0aec-4e5c-4467-a9ab-43634b46c1f6,2026-03-09,present,8,Via bottego
c2bb0231-6e4a-480f-bd96-e4d280d2f2b3,cff16040-6983-48f2-b49c-1fa06f131879,a83f0aec-4e5c-4467-a9ab-43634b46c1f6,2026-03-02,present,8,Via giotto
57279579-7f1b-49de-a6a9-44a0e48ab5a3,cff16040-6983-48f2-b49c-1fa06f131879,a83f0aec-4e5c-4467-a9ab-43634b46c1f6,2026-03-03,present,8,Via giotto
4834d944-a99b-4d4a-a899-16c4862b2f6d,cff16040-6983-48f2-b49c-1fa06f131879,a83f0aec-4e5c-4467-a9ab-43634b46c1f6,2026-03-04,present,8,Via giotto
33d177cb-6728-4e4a-b7c2-142b3913b54a,cff16040-6983-48f2-b49c-1fa06f131879,a83f0aec-4e5c-4467-a9ab-43634b46c1f6,2026-03-05,present,8,Via giotto
3ad57d1c-7ef8-474e-8795-94769cb35331,cff16040-6983-48f2-b49c-1fa06f131879,a83f0aec-4e5c-4467-a9ab-43634b46c1f6,2026-03-06,present,8,Via giotto
5e52e3ff-b5cd-4ac6-9088-e6bcb98d515b,cff16040-6983-48f2-b49c-1fa06f131879,a83f0aec-4e5c-4467-a9ab-43634b46c1f6,2026-03-09,present,8,Via giotto
26cc5bd8-293f-45d4-92e1-78e07bccd56d,0dd64ca9-1964-46eb-8f97-a71315c8b1ed,a83f0aec-4e5c-4467-a9ab-43634b46c1f6,2026-03-02,present,8,Via copernico
a48ebb69-93a6-46d4-94a0-e7654b5e3c3a,0dd64ca9-1964-46eb-8f97-a71315c8b1ed,a83f0aec-4e5c-4467-a9ab-43634b46c1f6,2026-03-03,present,8,Via copernico
59b639fd-6e76-4b53-b3b8-432149fc2384,0dd64ca9-1964-46eb-8f97-a71315c8b1ed,a83f0aec-4e5c-4467-a9ab-43634b46c1f6,2026-03-04,present,8,Via copernico
b3d40709-8c36-4ece-8d3b-b8c43c18b867,0dd64ca9-1964-46eb-8f97-a71315c8b1ed,a83f0aec-4e5c-4467-a9ab-43634b46c1f6,2026-03-05,present,8,Via copernico
b7877cda-91e0-4598-83e4-d6e8f67865df,0dd64ca9-1964-46eb-8f97-a71315c8b1ed,a83f0aec-4e5c-4467-a9ab-43634b46c1f6,2026-03-06,present,8,Via copernico
bd13a1e6-eadf-4c3e-b7c3-6d2fd08a32b1,0dd64ca9-1964-46eb-8f97-a71315c8b1ed,a83f0aec-4e5c-4467-a9ab-43634b46c1f6,2026-03-09,present,8,Via copernico
b3528823-410d-4152-8f4f-641e8a900e30,b667d9a9-f058-4fd7-90bf-62cdef8d5672,a83f0aec-4e5c-4467-a9ab-43634b46c1f6,2026-03-03,present,8,Via giotto
19c2a221-e40c-49f6-8d6e-9ceb5043d55d,b667d9a9-f058-4fd7-90bf-62cdef8d5672,a83f0aec-4e5c-4467-a9ab-43634b46c1f6,2026-03-04,present,8,Via giotto
61d532b3-fe35-4e65-82b8-5dade7671f1c,b667d9a9-f058-4fd7-90bf-62cdef8d5672,a83f0aec-4e5c-4467-a9ab-43634b46c1f6,2026-03-05,present,8,Via giotto
554e7daa-9ffe-40c3-84a4-af898ad6e1be,b667d9a9-f058-4fd7-90bf-62cdef8d5672,a83f0aec-4e5c-4467-a9ab-43634b46c1f6,2026-03-06,present,8,Via giotto
d4c66f45-4b6b-4446-ae83-6e365bebd6a1,b667d9a9-f058-4fd7-90bf-62cdef8d5672,a83f0aec-4e5c-4467-a9ab-43634b46c1f6,2026-03-09,present,8,Via giotto
b30656ae-d2c7-43f3-b72e-4317fd938989,07cba65e-e2f7-495c-8b24-2192173054a0,a83f0aec-4e5c-4467-a9ab-43634b46c1f6,2026-03-02,present,8,Via donoratico
5f26e777-09cd-43e3-b2fb-fe06208d85ed,07cba65e-e2f7-495c-8b24-2192173054a0,a83f0aec-4e5c-4467-a9ab-43634b46c1f6,2026-03-03,present,8,Via donoratico
4c89aba8-109a-4488-b94d-9a8fb5909775,07cba65e-e2f7-495c-8b24-2192173054a0,a83f0aec-4e5c-4467-a9ab-43634b46c1f6,2026-03-04,present,8,Via donoratico
69ef8db1-6480-44bf-a136-6e41cf6a1963,07cba65e-e2f7-495c-8b24-2192173054a0,a83f0aec-4e5c-4467-a9ab-43634b46c1f6,2026-03-05,present,8,Via donoratico
60ef5d61-da92-4722-b69f-7aedceb8f7b5,07cba65e-e2f7-495c-8b24-2192173054a0,a83f0aec-4e5c-4467-a9ab-43634b46c1f6,2026-03-06,present,8,Via donoratico
b31f2557-122d-4a67-8c81-a16a55acd401,07cba65e-e2f7-495c-8b24-2192173054a0,a83f0aec-4e5c-4467-a9ab-43634b46c1f6,2026-03-09,present,8,Via donoratico
4dd5df67-a402-4e8f-9008-7146b208f03b,be17adcf-4219-4796-958f-51e2b5e0cf92,a83f0aec-4e5c-4467-a9ab-43634b46c1f6,2026-03-02,present,8,Via bottego
4e03b148-406d-4507-a5cd-9cc6a28b29d3,be17adcf-4219-4796-958f-51e2b5e0cf92,a83f0aec-4e5c-4467-a9ab-43634b46c1f6,2026-03-03,present,8,Via bottego
3f9e7e22-7387-4d6d-abed-90ba9111f93b,be17adcf-4219-4796-958f-51e2b5e0cf92,a83f0aec-4e5c-4467-a9ab-43634b46c1f6,2026-03-04,present,8,Via bottego
81ed8ef4-95fe-4df1-a072-343469b90b5c,be17adcf-4219-4796-958f-51e2b5e0cf92,a83f0aec-4e5c-4467-a9ab-43634b46c1f6,2026-03-05,present,8,Via bottego
2336b4aa-bcfd-49a8-8da5-71593fbd616c,be17adcf-4219-4796-958f-51e2b5e0cf92,a83f0aec-4e5c-4467-a9ab-43634b46c1f6,2026-03-09,present,8,Via bottego
0de310ec-4752-4639-8083-9ea328ad157a,42b77da1-31e4-4197-88a5-2679c57fac56,a83f0aec-4e5c-4467-a9ab-43634b46c1f6,2026-03-02,present,8,Via donoratico
cd600595-a90a-4ab6-b6b7-5471eec7db02,42b77da1-31e4-4197-88a5-2679c57fac56,a83f0aec-4e5c-4467-a9ab-43634b46c1f6,2026-03-03,present,8,Via donoratico
540ca26e-c1fd-4789-b0c0-fdd612e6a6c6,42b77da1-31e4-4197-88a5-2679c57fac56,a83f0aec-4e5c-4467-a9ab-43634b46c1f6,2026-03-09,present,8,Via donoratico
794ad234-dd12-4d76-a5e9-1446e4771b9e,42b77da1-31e4-4197-88a5-2679c57fac56,a83f0aec-4e5c-4467-a9ab-43634b46c1f6,2026-03-04,present,8,Via donoratico
37a0de0b-c0e4-47cb-be01-fabf5f2ec23c,42b77da1-31e4-4197-88a5-2679c57fac56,a83f0aec-4e5c-4467-a9ab-43634b46c1f6,2026-03-05,present,8,Via donoratico
348f98c7-94aa-47f0-8ed7-f73daf514b9c,42b77da1-31e4-4197-88a5-2679c57fac56,a83f0aec-4e5c-4467-a9ab-43634b46c1f6,2026-03-06,present,8,Via donoratico
dc4b3714-a622-4e47-a92f-4cecc6431ad0,2f76e93b-41a3-4e8b-8741-8b3e03d8db85,a83f0aec-4e5c-4467-a9ab-43634b46c1f6,2026-03-02,present,8,Via corte d'appello
85d4f124-54b6-43d2-b1d5-3e2d274a2b4b,2f76e93b-41a3-4e8b-8741-8b3e03d8db85,a83f0aec-4e5c-4467-a9ab-43634b46c1f6,2026-03-03,present,8,Via corte d'appello
af9c35aa-e801-477a-90b5-fb18354620bf,2f76e93b-41a3-4e8b-8741-8b3e03d8db85,a83f0aec-4e5c-4467-a9ab-43634b46c1f6,2026-03-04,present,8,Via corte d'appello
0bfac944-d49c-464b-af02-27752605756e,2f76e93b-41a3-4e8b-8741-8b3e03d8db85,a83f0aec-4e5c-4467-a9ab-43634b46c1f6,2026-03-05,present,8,Via corte d'appello
89c03d18-e9a6-4dfe-beb4-2e0c0ad8704d,2f76e93b-41a3-4e8b-8741-8b3e03d8db85,a83f0aec-4e5c-4467-a9ab-43634b46c1f6,2026-03-06,present,8,Via corte d'appello
0e483a78-09d6-448d-ba69-10d0009fe843,2f76e93b-41a3-4e8b-8741-8b3e03d8db85,a83f0aec-4e5c-4467-a9ab-43634b46c1f6,2026-03-09,present,8,Via corte d'appello
8c6bf3a9-d4cd-4998-9e24-536a5f4f81b6,2197b6fd-9cb2-4d34-8118-cf9f11b573d7,a83f0aec-4e5c-4467-a9ab-43634b46c1f6,2026-03-02,present,8,Via corte d'appello
93014ab1-39f7-4c1b-89d7-9a73570883f9,2197b6fd-9cb2-4d34-8118-cf9f11b573d7,a83f0aec-4e5c-4467-a9ab-43634b46c1f6,2026-03-03,present,8,Via corte d'appello
03e0957a-f9fe-4ee5-ad66-97be38db2c5e,2197b6fd-9cb2-4d34-8118-cf9f11b573d7,a83f0aec-4e5c-4467-a9ab-43634b46c1f6,2026-03-04,present,8,Via corte d'appello
6774bee1-d483-411b-b620-41b1293b4024,2197b6fd-9cb2-4d34-8118-cf9f11b573d7,a83f0aec-4e5c-4467-a9ab-43634b46c1f6,2026-03-05,present,8,Via corte d'appello
3f2495fd-8229-431b-b536-3518f90e51c1,2197b6fd-9cb2-4d34-8118-cf9f11b573d7,a83f0aec-4e5c-4467-a9ab-43634b46c1f6,2026-03-06,present,8,Via corte d'appello
cdd308df-2e65-4171-ab82-d448bdc94bcd,ed36110d-a2cf-4a88-91c7-0d23f758cd4c,a83f0aec-4e5c-4467-a9ab-43634b46c1f6,2026-03-02,present,6,Via corte d'appello
a599997d-1b54-422b-a039-985b32bf038c,ed36110d-a2cf-4a88-91c7-0d23f758cd4c,a83f0aec-4e5c-4467-a9ab-43634b46c1f6,2026-03-05,present,6,Via corte d'appello
86d3848c-2b52-461a-b583-ebae209f91cc,0dd64ca9-1964-46eb-8f97-a71315c8b1ed,a83f0aec-4e5c-4467-a9ab-43634b46c1f6,2026-04-21,present,8,Via copernico
20c770b1-1c0d-4645-888d-eb5e56626b53,0dd64ca9-1964-46eb-8f97-a71315c8b1ed,a83f0aec-4e5c-4467-a9ab-43634b46c1f6,2026-04-22,present,8,Via copernico
79f0d133-2fa4-4067-a75c-80fe73999334,0dd64ca9-1964-46eb-8f97-a71315c8b1ed,a83f0aec-4e5c-4467-a9ab-43634b46c1f6,2026-04-24,present,8,Via copernico
2bf94e33-cf37-460b-a0d7-237e5217a899,0dd64ca9-1964-46eb-8f97-a71315c8b1ed,a83f0aec-4e5c-4467-a9ab-43634b46c1f6,2026-04-27,present,8,Via copernico
9b614fc3-80c7-4847-8097-61fbcee76687,b667d9a9-f058-4fd7-90bf-62cdef8d5672,a83f0aec-4e5c-4467-a9ab-43634b46c1f6,2026-04-16,present,8,Via giotto
162f4a7b-aa59-45a9-acbb-784a3287b7b7,b667d9a9-f058-4fd7-90bf-62cdef8d5672,a83f0aec-4e5c-4467-a9ab-43634b46c1f6,2026-04-24,present,8,Via giotto
f8778fc3-be51-450a-b7ba-9ac7cf621210,b667d9a9-f058-4fd7-90bf-62cdef8d5672,a83f0aec-4e5c-4467-a9ab-43634b46c1f6,2026-04-27,present,8,Via giotto
fb745981-ee94-4cda-81a0-313fc778cf92,07cba65e-e2f7-495c-8b24-2192173054a0,a83f0aec-4e5c-4467-a9ab-43634b46c1f6,2026-04-15,present,8,Via strauss
6d6449f9-4baa-4dca-9776-353b982c5c09,07cba65e-e2f7-495c-8b24-2192173054a0,a83f0aec-4e5c-4467-a9ab-43634b46c1f6,2026-04-17,present,8,Via strauss
f3511812-7075-4c4e-bede-ff5ac373e10b,07cba65e-e2f7-495c-8b24-2192173054a0,a83f0aec-4e5c-4467-a9ab-43634b46c1f6,2026-04-21,present,8,Via strauss
6417e80b-3a96-4d95-8b57-1bf5f740a60d,07cba65e-e2f7-495c-8b24-2192173054a0,a83f0aec-4e5c-4467-a9ab-43634b46c1f6,2026-04-23,present,8,Via strauss
e27b23ea-85f6-49e6-a872-0bddb2f7cdd6,be17adcf-4219-4796-958f-51e2b5e0cf92,a83f0aec-4e5c-4467-a9ab-43634b46c1f6,2026-04-20,present,8,Via monte grappa
c68300aa-3fff-407a-a6d5-60cf2e44b51a,be17adcf-4219-4796-958f-51e2b5e0cf92,a83f0aec-4e5c-4467-a9ab-43634b46c1f6,2026-04-22,present,8,Via monte grappa
98ab86eb-767b-4159-b2ad-e15f0dd89994,42b77da1-31e4-4197-88a5-2679c57fac56,a83f0aec-4e5c-4467-a9ab-43634b46c1f6,2026-04-17,present,8,Via strauss
157b0e71-45ee-4151-9adf-c334f89bd251,2f76e93b-41a3-4e8b-8741-8b3e03d8db85,a83f0aec-4e5c-4467-a9ab-43634b46c1f6,2026-05-08,present,8,Via fadda/alghero
14d692e1-96a5-4933-8d7e-5ed68580c5b6,42b77da1-31e4-4197-88a5-2679c57fac56,a83f0aec-4e5c-4467-a9ab-43634b46c1f6,2026-04-24,present,8,Via strauss
79a216e1-c0e1-4d50-b5a1-478c77175990,2f76e93b-41a3-4e8b-8741-8b3e03d8db85,a83f0aec-4e5c-4467-a9ab-43634b46c1f6,2026-05-12,present,8,Via fadda/alghero
3027affa-0500-4ef5-8233-c685d0badea3,2f76e93b-41a3-4e8b-8741-8b3e03d8db85,a83f0aec-4e5c-4467-a9ab-43634b46c1f6,2026-05-14,present,8,Via fadda/alghero
d347e154-7503-4276-8e48-0f23d8160af8,2f76e93b-41a3-4e8b-8741-8b3e03d8db85,a83f0aec-4e5c-4467-a9ab-43634b46c1f6,2026-05-15,present,8,Via fadda/alghero
43c25875-c994-4741-992d-2868c179c638,ed36110d-a2cf-4a88-91c7-0d23f758cd4c,a83f0aec-4e5c-4467-a9ab-43634b46c1f6,2026-05-13,present,6,Via fadda/alghero
961b4d18-6ad4-4647-b58a-f345d4fe480c,2f76e93b-41a3-4e8b-8741-8b3e03d8db85,a83f0aec-4e5c-4467-a9ab-43634b46c1f6,2026-05-19,present,8,Via monte grappa
88a10263-3a8e-4b36-924a-dafc118198ed,2f76e93b-41a3-4e8b-8741-8b3e03d8db85,a83f0aec-4e5c-4467-a9ab-43634b46c1f6,2026-05-22,present,8,Via monte grappa
d609cf7a-7c3c-4034-898b-a51a47150820,2f76e93b-41a3-4e8b-8741-8b3e03d8db85,a83f0aec-4e5c-4467-a9ab-43634b46c1f6,2026-05-27,present,8,Via monte grappa
2417aefd-0c0c-41fd-891a-92f9f4b4f6a2,2197b6fd-9cb2-4d34-8118-cf9f11b573d7,a83f0aec-4e5c-4467-a9ab-43634b46c1f6,2026-05-04,present,8,Via fadda/alghero
d6e51f09-a2af-4588-99fc-e1d180332d2b,2197b6fd-9cb2-4d34-8118-cf9f11b573d7,a83f0aec-4e5c-4467-a9ab-43634b46c1f6,2026-05-08,present,8,Via fadda/alghero
d4417030-c185-42ff-9d78-b0dbaf982b37,2197b6fd-9cb2-4d34-8118-cf9f11b573d7,a83f0aec-4e5c-4467-a9ab-43634b46c1f6,2026-05-12,present,8,Via fadda/alghero
13de6577-0330-48a7-ab03-2bf452952789,2197b6fd-9cb2-4d34-8118-cf9f11b573d7,a83f0aec-4e5c-4467-a9ab-43634b46c1f6,2026-05-15,present,8,Via fadda/alghero
6d367342-7993-4e1b-9821-a2fe686187de,2197b6fd-9cb2-4d34-8118-cf9f11b573d7,a83f0aec-4e5c-4467-a9ab-43634b46c1f6,2026-05-21,present,8,Via fadda/alghero
33e24d36-a504-44bb-8176-7b68b801d4d6,ed36110d-a2cf-4a88-91c7-0d23f758cd4c,a83f0aec-4e5c-4467-a9ab-43634b46c1f6,2026-05-12,present,6,Via fadda/alghero
9cf9e7f2-a4b1-47f4-ad14-a2efdc6435bb,2197b6fd-9cb2-4d34-8118-cf9f11b573d7,a83f0aec-4e5c-4467-a9ab-43634b46c1f6,2026-05-25,present,8,Via fadda/alghero
e2bc11d4-0d52-4d22-a89d-57b6b36848f1,2197b6fd-9cb2-4d34-8118-cf9f11b573d7,a83f0aec-4e5c-4467-a9ab-43634b46c1f6,2026-05-28,present,8,Via fadda/alghero
6ebec84e-09af-4586-8a13-f7068c3db621,ed36110d-a2cf-4a88-91c7-0d23f758cd4c,a83f0aec-4e5c-4467-a9ab-43634b46c1f6,2026-05-07,present,6,Via fadda/alghero
0fbc2701-99ad-4053-bc74-8c89ac015f41,cff16040-6983-48f2-b49c-1fa06f131879,a83f0aec-4e5c-4467-a9ab-43634b46c1f6,2026-06-10,present,8,via strauss
9170d845-2abb-4025-9675-c78b41760f5e,cff16040-6983-48f2-b49c-1fa06f131879,a83f0aec-4e5c-4467-a9ab-43634b46c1f6,2026-06-23,present,8,via strauss
d05ac045-5335-4d4c-9424-20819e9d7e6f,bd23f301-51a8-4e05-a640-c66306e27ef6,a83f0aec-4e5c-4467-a9ab-43634b46c1f6,2026-08-17,holiday,0,""
8ba27c28-a91f-4717-8d1b-e1077c3ce030,55c515b0-f4e2-4b80-8d6f-e2755cb31866,a83f0aec-4e5c-4467-a9ab-43634b46c1f6,2026-06-12,holiday,0,""
5a6eb804-b65a-47d8-a751-16aa5330dd7b,ed36110d-a2cf-4a88-91c7-0d23f758cd4c,a83f0aec-4e5c-4467-a9ab-43634b46c1f6,2026-05-28,present,6,Via fadda/alghero
3a2a6676-2008-4964-aa37-1f08e92e9cf9,ed36110d-a2cf-4a88-91c7-0d23f758cd4c,a83f0aec-4e5c-4467-a9ab-43634b46c1f6,2026-05-25,present,6,Via fadda/alghero
4ab16d41-97ef-476d-b77c-f2e92f099c4d,ed36110d-a2cf-4a88-91c7-0d23f758cd4c,a83f0aec-4e5c-4467-a9ab-43634b46c1f6,2026-05-14,present,6,Via fadda/alghero
4badfb45-0e17-4089-a24e-e94a1466b786,cff16040-6983-48f2-b49c-1fa06f131879,a83f0aec-4e5c-4467-a9ab-43634b46c1f6,2026-06-16,present,8,via strauss
d09a650e-071c-4f0c-9e38-20a075a96b8f,cff16040-6983-48f2-b49c-1fa06f131879,a83f0aec-4e5c-4467-a9ab-43634b46c1f6,2026-06-19,present,8,via strauss
3184c23f-815c-4f80-a1ec-3f0428db4856,cff16040-6983-48f2-b49c-1fa06f131879,a83f0aec-4e5c-4467-a9ab-43634b46c1f6,2026-06-29,present,8,via strauss
2e64c128-1564-4cfd-91a8-ad38b1757da2,cff16040-6983-48f2-b49c-1fa06f131879,a83f0aec-4e5c-4467-a9ab-43634b46c1f6,2026-06-05,present,8,via strauss
9642745d-9ce0-4f4b-b4bd-b58a3469576f,cff16040-6983-48f2-b49c-1fa06f131879,a83f0aec-4e5c-4467-a9ab-43634b46c1f6,2026-06-15,present,8,via strauss
e16e8e8f-49e3-48ae-99fd-4d2646816291,cff16040-6983-48f2-b49c-1fa06f131879,a83f0aec-4e5c-4467-a9ab-43634b46c1f6,2026-06-03,present,8,via strauss
bf131422-9151-4e33-a026-20e48129af45,cff16040-6983-48f2-b49c-1fa06f131879,a83f0aec-4e5c-4467-a9ab-43634b46c1f6,2026-06-30,present,8,via strauss
864d80bf-fc65-4786-995e-f87c85b751ea,0dd64ca9-1964-46eb-8f97-a71315c8b1ed,a83f0aec-4e5c-4467-a9ab-43634b46c1f6,2026-06-01,present,8,Via giotto
57b32dbf-a742-4c4d-990e-ec18e119996c,0dd64ca9-1964-46eb-8f97-a71315c8b1ed,a83f0aec-4e5c-4467-a9ab-43634b46c1f6,2026-06-03,present,8,Via giotto
9f0e803a-e0a2-4212-8a03-2bc29a64dfc0,0dd64ca9-1964-46eb-8f97-a71315c8b1ed,a83f0aec-4e5c-4467-a9ab-43634b46c1f6,2026-06-04,present,8,Via giotto
32595e23-b1b0-4879-b585-b8beb0c97f93,0dd64ca9-1964-46eb-8f97-a71315c8b1ed,a83f0aec-4e5c-4467-a9ab-43634b46c1f6,2026-06-10,present,8,Via giotto
6044649a-bdd8-45b3-9ae3-e239ef3fb1c0,0dd64ca9-1964-46eb-8f97-a71315c8b1ed,a83f0aec-4e5c-4467-a9ab-43634b46c1f6,2026-06-05,present,8,Via giotto
102bfa90-d49a-479b-958e-e14e8faa610a,0dd64ca9-1964-46eb-8f97-a71315c8b1ed,a83f0aec-4e5c-4467-a9ab-43634b46c1f6,2026-06-09,present,8,Via giotto
bb4e6f07-e553-4343-8daf-16edee0c1f0f,0dd64ca9-1964-46eb-8f97-a71315c8b1ed,a83f0aec-4e5c-4467-a9ab-43634b46c1f6,2026-06-17,present,8,Via giotto
a13d6ac0-6f93-4335-847d-4a35ba698bcf,0dd64ca9-1964-46eb-8f97-a71315c8b1ed,a83f0aec-4e5c-4467-a9ab-43634b46c1f6,2026-06-11,present,8,Via giotto
96864fac-e378-4eb2-ae97-c02482a100b0,0dd64ca9-1964-46eb-8f97-a71315c8b1ed,a83f0aec-4e5c-4467-a9ab-43634b46c1f6,2026-06-19,present,8,Via giotto
7c6e0375-6861-4006-ab87-a326d8d88ad2,0dd64ca9-1964-46eb-8f97-a71315c8b1ed,a83f0aec-4e5c-4467-a9ab-43634b46c1f6,2026-06-22,present,8,Via giotto
0fdc8f63-8777-4b44-a5f5-d144571df309,0dd64ca9-1964-46eb-8f97-a71315c8b1ed,a83f0aec-4e5c-4467-a9ab-43634b46c1f6,2026-06-23,present,8,Via giotto
c31129b4-5033-41c5-8162-c95d9a95df8d,0dd64ca9-1964-46eb-8f97-a71315c8b1ed,a83f0aec-4e5c-4467-a9ab-43634b46c1f6,2026-06-24,present,8,Via giotto
5da283f5-012c-421f-9eb5-134894f3399d,0dd64ca9-1964-46eb-8f97-a71315c8b1ed,a83f0aec-4e5c-4467-a9ab-43634b46c1f6,2026-06-25,present,8,Via giotto
98ef5499-b258-4777-a9e0-fa6011b61358,cff16040-6983-48f2-b49c-1fa06f131879,a83f0aec-4e5c-4467-a9ab-43634b46c1f6,2026-06-26,present,8,via strauss
080a4d69-f311-49f6-a5cd-5aabd6d0f8ae,0dd64ca9-1964-46eb-8f97-a71315c8b1ed,a83f0aec-4e5c-4467-a9ab-43634b46c1f6,2026-06-26,present,8,Via giotto
d2c9e8e7-28b5-4459-8380-e3f662a10798,cff16040-6983-48f2-b49c-1fa06f131879,a83f0aec-4e5c-4467-a9ab-43634b46c1f6,2026-06-18,present,8,via strauss
72b98fce-58cf-4824-b71f-79fdf70440a3,cff16040-6983-48f2-b49c-1fa06f131879,a83f0aec-4e5c-4467-a9ab-43634b46c1f6,2026-06-24,present,8,via strauss
82451c9b-365b-42ef-b47f-85b382a0c870,0dd64ca9-1964-46eb-8f97-a71315c8b1ed,a83f0aec-4e5c-4467-a9ab-43634b46c1f6,2026-03-16,present,8,Via copernico
ca8e0cb3-9014-4e1b-991b-ff65b410ee77,ed36110d-a2cf-4a88-91c7-0d23f758cd4c,a83f0aec-4e5c-4467-a9ab-43634b46c1f6,2026-03-03,present,6,Via corte d'appello
c77eaf0d-9f50-4ef8-a87a-4128272ae695,0dd64ca9-1964-46eb-8f97-a71315c8b1ed,a83f0aec-4e5c-4467-a9ab-43634b46c1f6,2026-03-17,present,8,Via copernico
294af059-d9cc-449c-b9eb-e4c24669d4ef,ed36110d-a2cf-4a88-91c7-0d23f758cd4c,a83f0aec-4e5c-4467-a9ab-43634b46c1f6,2026-03-04,present,6,Via corte d'appello
c783d184-670c-434c-9c70-2669cd627ebc,0dd64ca9-1964-46eb-8f97-a71315c8b1ed,a83f0aec-4e5c-4467-a9ab-43634b46c1f6,2026-03-18,present,8,Via copernico
ab55cd11-92e8-415a-a475-2f37157a8abf,ed36110d-a2cf-4a88-91c7-0d23f758cd4c,a83f0aec-4e5c-4467-a9ab-43634b46c1f6,2026-03-06,present,6,Via corte d'appello
97afd7ec-2f18-4bb7-8dc9-82b492778508,bd23f301-51a8-4e05-a640-c66306e27ef6,a83f0aec-4e5c-4467-a9ab-43634b46c1f6,2026-08-18,holiday,0,""
6b86007c-3f83-4c03-a426-2464524b3b20,bd23f301-51a8-4e05-a640-c66306e27ef6,a83f0aec-4e5c-4467-a9ab-43634b46c1f6,2026-08-19,holiday,0,""
ab1d96d3-1ee0-47ea-a448-23e952a461f8,bd23f301-51a8-4e05-a640-c66306e27ef6,a83f0aec-4e5c-4467-a9ab-43634b46c1f6,2026-08-20,holiday,0,""
48b4c402-646a-4518-b4b8-3cf840da7ba2,bd23f301-51a8-4e05-a640-c66306e27ef6,a83f0aec-4e5c-4467-a9ab-43634b46c1f6,2026-08-21,holiday,0,""
55dab3ea-723a-4805-8d06-e1a31ba47027,bd23f301-51a8-4e05-a640-c66306e27ef6,a83f0aec-4e5c-4467-a9ab-43634b46c1f6,2026-08-28,holiday,0,""
caab7d85-f019-4ce9-8de3-c57157df21af,a335efe4-d86c-4f3f-a2a1-b4abc123d167,a83f0aec-4e5c-4467-a9ab-43634b46c1f6,2026-03-10,present,8,Via bottego
8435bc6e-ca44-4fb8-bfcc-a952d24fe636,a335efe4-d86c-4f3f-a2a1-b4abc123d167,a83f0aec-4e5c-4467-a9ab-43634b46c1f6,2026-03-11,present,8,Via bottego
9b11b9d9-85c3-4243-b6e0-c780b1356232,a335efe4-d86c-4f3f-a2a1-b4abc123d167,a83f0aec-4e5c-4467-a9ab-43634b46c1f6,2026-03-12,present,8,Via bottego
74b27f77-9e0d-401e-9ac5-6fb746d48ba0,a335efe4-d86c-4f3f-a2a1-b4abc123d167,a83f0aec-4e5c-4467-a9ab-43634b46c1f6,2026-03-13,present,8,Via bottego
f835ca21-14b0-44c4-88ed-879b6c5b3dde,a335efe4-d86c-4f3f-a2a1-b4abc123d167,a83f0aec-4e5c-4467-a9ab-43634b46c1f6,2026-03-16,present,8,Via bottego
6f4574b1-3cd5-48fe-94ed-18556c3fed53,a335efe4-d86c-4f3f-a2a1-b4abc123d167,a83f0aec-4e5c-4467-a9ab-43634b46c1f6,2026-03-17,present,8,Via bottego
24a41cc6-af3c-4ebe-8677-af14168d7728,a335efe4-d86c-4f3f-a2a1-b4abc123d167,a83f0aec-4e5c-4467-a9ab-43634b46c1f6,2026-03-18,present,8,Via bottego
c1007e8c-5234-4838-874a-9ddf19c5a9d5,a335efe4-d86c-4f3f-a2a1-b4abc123d167,a83f0aec-4e5c-4467-a9ab-43634b46c1f6,2026-03-19,present,8,Via bottego
754c6798-e4a5-4cdb-8eeb-5c87a45a443e,a335efe4-d86c-4f3f-a2a1-b4abc123d167,a83f0aec-4e5c-4467-a9ab-43634b46c1f6,2026-03-20,present,8,Via bottego
152feacd-f2bc-41a7-8f70-d987f958c997,cff16040-6983-48f2-b49c-1fa06f131879,a83f0aec-4e5c-4467-a9ab-43634b46c1f6,2026-03-10,present,8,Via giotto
195d406c-1f23-4580-b862-c1712f67b38d,cff16040-6983-48f2-b49c-1fa06f131879,a83f0aec-4e5c-4467-a9ab-43634b46c1f6,2026-03-11,present,8,Via giotto
e148b1de-5ce0-4b0c-9fc5-cecc133f8761,cff16040-6983-48f2-b49c-1fa06f131879,a83f0aec-4e5c-4467-a9ab-43634b46c1f6,2026-03-12,present,8,Via giotto
b1c78797-e2b8-44c3-8cc9-4ef12088ac1d,07cba65e-e2f7-495c-8b24-2192173054a0,a83f0aec-4e5c-4467-a9ab-43634b46c1f6,2026-08-17,holiday,0,""
bcbf115d-d7ae-4bf4-a250-7aa184dce731,bb7725da-b5fc-4433-afd7-bad5e5179acb,a83f0aec-4e5c-4467-a9ab-43634b46c1f6,2026-07-31,holiday,0,""
16185d38-a73f-4dc3-a19f-0699581a9434,cff16040-6983-48f2-b49c-1fa06f131879,a83f0aec-4e5c-4467-a9ab-43634b46c1f6,2026-03-16,present,8,Via giotto
b0da9336-9ddb-4bb1-8d32-1799361048ae,cff16040-6983-48f2-b49c-1fa06f131879,a83f0aec-4e5c-4467-a9ab-43634b46c1f6,2026-03-17,present,8,Via giotto
2273b177-c19c-4d40-a15c-2bcc014aac38,cff16040-6983-48f2-b49c-1fa06f131879,a83f0aec-4e5c-4467-a9ab-43634b46c1f6,2026-03-18,present,8,Via giotto
917d8108-b3a0-4e24-a9cc-baa6b90813a3,cff16040-6983-48f2-b49c-1fa06f131879,a83f0aec-4e5c-4467-a9ab-43634b46c1f6,2026-03-19,present,8,Via giotto
48bbee11-1c03-41a3-80e7-08ef4c59375c,cff16040-6983-48f2-b49c-1fa06f131879,a83f0aec-4e5c-4467-a9ab-43634b46c1f6,2026-03-20,present,8,Via giotto
2b748fd1-38bd-4dcd-bd4a-9a400524fe66,0dd64ca9-1964-46eb-8f97-a71315c8b1ed,a83f0aec-4e5c-4467-a9ab-43634b46c1f6,2026-03-10,present,8,Via copernico
46dce197-62f2-44b6-9db9-d1d096ca40bd,0dd64ca9-1964-46eb-8f97-a71315c8b1ed,a83f0aec-4e5c-4467-a9ab-43634b46c1f6,2026-03-11,present,8,Via copernico
5187b930-6d02-46e7-8496-068bc8157ae0,0dd64ca9-1964-46eb-8f97-a71315c8b1ed,a83f0aec-4e5c-4467-a9ab-43634b46c1f6,2026-03-12,present,8,Via copernico
28238081-3d08-4f5f-9ede-6cb8b9c53999,0dd64ca9-1964-46eb-8f97-a71315c8b1ed,a83f0aec-4e5c-4467-a9ab-43634b46c1f6,2026-03-13,present,8,Via copernico
ff2ef5d3-963f-438c-9f67-75cf537b525f,0dd64ca9-1964-46eb-8f97-a71315c8b1ed,a83f0aec-4e5c-4467-a9ab-43634b46c1f6,2026-03-19,present,8,Via copernico
b67b7e54-3c4d-4953-a873-0cfee3f730f8,0dd64ca9-1964-46eb-8f97-a71315c8b1ed,a83f0aec-4e5c-4467-a9ab-43634b46c1f6,2026-03-20,present,8,Via copernico
c9b387db-db7b-4d31-af3e-487b2e04c4da,b667d9a9-f058-4fd7-90bf-62cdef8d5672,a83f0aec-4e5c-4467-a9ab-43634b46c1f6,2026-03-10,present,8,Via giotto
774646b2-6c07-4eed-bf68-3a826ea4cc5a,b667d9a9-f058-4fd7-90bf-62cdef8d5672,a83f0aec-4e5c-4467-a9ab-43634b46c1f6,2026-03-11,present,8,Via giotto
c2472aa9-1b65-4281-ba87-a04605f31cca,b667d9a9-f058-4fd7-90bf-62cdef8d5672,a83f0aec-4e5c-4467-a9ab-43634b46c1f6,2026-03-12,present,8,Via giotto
cc7232f6-bb62-4b78-9885-ff7b5228509e,b667d9a9-f058-4fd7-90bf-62cdef8d5672,a83f0aec-4e5c-4467-a9ab-43634b46c1f6,2026-03-13,present,8,Via giotto
0c7dbec4-752c-4c8b-bb40-3ea27c0bd37d,b667d9a9-f058-4fd7-90bf-62cdef8d5672,a83f0aec-4e5c-4467-a9ab-43634b46c1f6,2026-03-16,present,8,Via giotto
911474ac-8d86-4bed-ad52-ac0e15ef18c5,b667d9a9-f058-4fd7-90bf-62cdef8d5672,a83f0aec-4e5c-4467-a9ab-43634b46c1f6,2026-03-17,present,8,Via giotto
7b103808-5357-41de-9507-3d96dc4a5e28,b667d9a9-f058-4fd7-90bf-62cdef8d5672,a83f0aec-4e5c-4467-a9ab-43634b46c1f6,2026-03-18,present,8,Via giotto
4f8b686c-5e57-4c24-a746-c8f77bba7174,b667d9a9-f058-4fd7-90bf-62cdef8d5672,a83f0aec-4e5c-4467-a9ab-43634b46c1f6,2026-03-19,present,8,Via giotto
ef838773-82d3-4ea9-a17a-fbb269b23ad3,b667d9a9-f058-4fd7-90bf-62cdef8d5672,a83f0aec-4e5c-4467-a9ab-43634b46c1f6,2026-03-20,present,8,Via giotto
11cfaf34-7754-48d9-9b7f-153d56a9d2f4,07cba65e-e2f7-495c-8b24-2192173054a0,a83f0aec-4e5c-4467-a9ab-43634b46c1f6,2026-03-12,present,8,Via donoratico
597439cc-335c-49e0-8246-05ca9340f00b,07cba65e-e2f7-495c-8b24-2192173054a0,a83f0aec-4e5c-4467-a9ab-43634b46c1f6,2026-03-10,present,8,Via donoratico
906f1716-3d11-42a9-8b76-fe3ed358f397,07cba65e-e2f7-495c-8b24-2192173054a0,a83f0aec-4e5c-4467-a9ab-43634b46c1f6,2026-03-11,present,8,Via donoratico
f56b80ee-84c7-458b-9bb1-403a7222b8a3,be17adcf-4219-4796-958f-51e2b5e0cf92,a83f0aec-4e5c-4467-a9ab-43634b46c1f6,2026-03-11,present,8,Via bottego
4e6ff7ec-4dc4-4778-9d25-86ce35bcf754,07cba65e-e2f7-495c-8b24-2192173054a0,a83f0aec-4e5c-4467-a9ab-43634b46c1f6,2026-03-13,present,8,Via donoratico
c758461f-c450-4317-b02f-10e9c99d09af,07cba65e-e2f7-495c-8b24-2192173054a0,a83f0aec-4e5c-4467-a9ab-43634b46c1f6,2026-03-16,present,8,Via donoratico
5e8ba2be-a67c-4d27-86a0-8bef393b0ccf,07cba65e-e2f7-495c-8b24-2192173054a0,a83f0aec-4e5c-4467-a9ab-43634b46c1f6,2026-03-17,present,8,Via donoratico
86951181-3377-4a66-87ff-d29eedd7cf7c,07cba65e-e2f7-495c-8b24-2192173054a0,a83f0aec-4e5c-4467-a9ab-43634b46c1f6,2026-03-18,present,8,Via donoratico
44d5967f-c139-4fba-8409-b56571ab40c3,07cba65e-e2f7-495c-8b24-2192173054a0,a83f0aec-4e5c-4467-a9ab-43634b46c1f6,2026-03-19,present,8,Via donoratico
4ca2372d-2a64-49cb-a3d8-c71b233cb12b,07cba65e-e2f7-495c-8b24-2192173054a0,a83f0aec-4e5c-4467-a9ab-43634b46c1f6,2026-03-20,present,8,Via donoratico
af2a10e0-d9fd-445b-944e-6ec08176c716,be17adcf-4219-4796-958f-51e2b5e0cf92,a83f0aec-4e5c-4467-a9ab-43634b46c1f6,2026-03-10,present,8,Via bottego
7f1e2430-a30c-46ee-b8c6-a1e976059784,be17adcf-4219-4796-958f-51e2b5e0cf92,a83f0aec-4e5c-4467-a9ab-43634b46c1f6,2026-03-16,present,8,Via bottego
afed254f-d274-4fe4-830a-32df8d581d77,be17adcf-4219-4796-958f-51e2b5e0cf92,a83f0aec-4e5c-4467-a9ab-43634b46c1f6,2026-03-12,present,8,Via bottego
55bbb5cc-b9d2-4a50-959b-3970b28d5420,be17adcf-4219-4796-958f-51e2b5e0cf92,a83f0aec-4e5c-4467-a9ab-43634b46c1f6,2026-03-13,present,8,Via bottego
e01ebb86-0da9-4317-b708-2fcf61ced27c,be17adcf-4219-4796-958f-51e2b5e0cf92,a83f0aec-4e5c-4467-a9ab-43634b46c1f6,2026-03-18,present,8,Via bottego
73871dd2-ece8-47d2-9033-b00fbaed7286,be17adcf-4219-4796-958f-51e2b5e0cf92,a83f0aec-4e5c-4467-a9ab-43634b46c1f6,2026-03-17,present,8,Via bottego
a97ea4bb-c4ee-431a-b326-56885b874ee6,be17adcf-4219-4796-958f-51e2b5e0cf92,a83f0aec-4e5c-4467-a9ab-43634b46c1f6,2026-03-19,present,8,Via bottego
0ceef017-720c-45ef-82e9-b06e341e4437,be17adcf-4219-4796-958f-51e2b5e0cf92,a83f0aec-4e5c-4467-a9ab-43634b46c1f6,2026-03-20,present,8,Via bottego
1f477c8d-87b3-4cc3-81ad-79c396d952b1,42b77da1-31e4-4197-88a5-2679c57fac56,a83f0aec-4e5c-4467-a9ab-43634b46c1f6,2026-03-10,present,8,Via donoratico
956ab230-39bc-4ea3-9bf2-14d70bb77ac7,42b77da1-31e4-4197-88a5-2679c57fac56,a83f0aec-4e5c-4467-a9ab-43634b46c1f6,2026-03-11,present,8,Via donoratico
c2c8a3f7-6c95-456a-94da-50ca502a48dc,42b77da1-31e4-4197-88a5-2679c57fac56,a83f0aec-4e5c-4467-a9ab-43634b46c1f6,2026-03-12,present,8,Via donoratico
8d72715f-1924-485e-bd21-9a68271488d4,42b77da1-31e4-4197-88a5-2679c57fac56,a83f0aec-4e5c-4467-a9ab-43634b46c1f6,2026-03-13,present,8,Via donoratico
28202ab7-c9ae-4cb3-a03d-4d6ef08a104b,42b77da1-31e4-4197-88a5-2679c57fac56,a83f0aec-4e5c-4467-a9ab-43634b46c1f6,2026-03-16,present,8,Via donoratico
1ab9c8b1-d50c-4d29-a25a-a93cf0b47955,07cba65e-e2f7-495c-8b24-2192173054a0,a83f0aec-4e5c-4467-a9ab-43634b46c1f6,2026-08-19,holiday,0,""
c49eeb44-c34a-4bc5-9d4d-7bf544e8d594,42b77da1-31e4-4197-88a5-2679c57fac56,a83f0aec-4e5c-4467-a9ab-43634b46c1f6,2026-03-17,present,8,Via donoratico
2a12b5b9-cdc6-43f0-aa69-8e446eda9c75,42b77da1-31e4-4197-88a5-2679c57fac56,a83f0aec-4e5c-4467-a9ab-43634b46c1f6,2026-03-18,present,8,Via donoratico
0fd6ea8d-18cd-4eac-8434-37024a9a1b5b,42b77da1-31e4-4197-88a5-2679c57fac56,a83f0aec-4e5c-4467-a9ab-43634b46c1f6,2026-03-19,present,8,Via donoratico
5fff28dd-8851-48ae-9e21-52ab10a5e1dc,2f76e93b-41a3-4e8b-8741-8b3e03d8db85,a83f0aec-4e5c-4467-a9ab-43634b46c1f6,2026-04-15,present,8,Via fadda/alghero
08de288a-e74b-4dfc-bf1f-ab146e2faa8a,42b77da1-31e4-4197-88a5-2679c57fac56,a83f0aec-4e5c-4467-a9ab-43634b46c1f6,2026-03-20,present,8,Via donoratico
25ef4d34-611c-4835-bac5-dd0b7ab160ff,2f76e93b-41a3-4e8b-8741-8b3e03d8db85,a83f0aec-4e5c-4467-a9ab-43634b46c1f6,2026-03-11,present,8,Via corte d'appello
81aa1347-79e3-4ad6-8aa6-7b7f0e590ea4,2f76e93b-41a3-4e8b-8741-8b3e03d8db85,a83f0aec-4e5c-4467-a9ab-43634b46c1f6,2026-03-13,present,8,Via corte d'appello
ae0f48e5-8e41-4f54-a1f9-c474f15c7ec4,2f76e93b-41a3-4e8b-8741-8b3e03d8db85,a83f0aec-4e5c-4467-a9ab-43634b46c1f6,2026-03-16,present,8,Via corte d'appello
30137b05-6d91-4193-b5ac-bf1dfde021ed,2f76e93b-41a3-4e8b-8741-8b3e03d8db85,a83f0aec-4e5c-4467-a9ab-43634b46c1f6,2026-03-17,present,8,Via corte d'appello
782abab9-75d3-4a5e-8afa-7f3fbe34755c,2f76e93b-41a3-4e8b-8741-8b3e03d8db85,a83f0aec-4e5c-4467-a9ab-43634b46c1f6,2026-03-18,present,8,Via corte d'appello
39883aed-1813-4d00-903e-8ee73628fc43,2f76e93b-41a3-4e8b-8741-8b3e03d8db85,a83f0aec-4e5c-4467-a9ab-43634b46c1f6,2026-03-20,present,8,Via corte d'appello
890ced77-f3bd-4278-ad7b-d00014eb224d,2f76e93b-41a3-4e8b-8741-8b3e03d8db85,a83f0aec-4e5c-4467-a9ab-43634b46c1f6,2026-04-17,present,8,Via fadda/alghero
f45bd437-82f1-4104-8d79-da51ee8d3957,2f76e93b-41a3-4e8b-8741-8b3e03d8db85,a83f0aec-4e5c-4467-a9ab-43634b46c1f6,2026-04-20,present,8,Via fadda/alghero
3b1db901-8be9-428f-b754-b9068bae1d51,2f76e93b-41a3-4e8b-8741-8b3e03d8db85,a83f0aec-4e5c-4467-a9ab-43634b46c1f6,2026-04-23,present,8,Via fadda/alghero
aaf5eec6-645b-4aed-8b19-d336e39bbdb7,2197b6fd-9cb2-4d34-8118-cf9f11b573d7,a83f0aec-4e5c-4467-a9ab-43634b46c1f6,2026-04-21,present,8,Via giotto
e17fc985-53eb-44be-a4ab-31b6955e97cd,2197b6fd-9cb2-4d34-8118-cf9f11b573d7,a83f0aec-4e5c-4467-a9ab-43634b46c1f6,2026-04-24,present,8,Via giotto
9f2d6d05-0356-4b35-a5e2-2c4b35c28798,33872abe-802f-47d0-8614-f4d206fff08f,a83f0aec-4e5c-4467-a9ab-43634b46c1f6,2026-04-15,present,8,Via mestre
decf1ac2-d82f-4c3b-8a14-ca28fd06be27,33872abe-802f-47d0-8614-f4d206fff08f,a83f0aec-4e5c-4467-a9ab-43634b46c1f6,2026-04-16,present,8,Via mestre
b4cc63f8-15f9-4989-b48d-4f22e1b20d34,33872abe-802f-47d0-8614-f4d206fff08f,a83f0aec-4e5c-4467-a9ab-43634b46c1f6,2026-04-17,present,8,Via mestre
b7509942-baf2-4426-87a4-15190f4189f0,33872abe-802f-47d0-8614-f4d206fff08f,a83f0aec-4e5c-4467-a9ab-43634b46c1f6,2026-04-20,present,8,Via mestre
acb471cd-f2fa-42c8-8b94-bc2b1be19cec,ed36110d-a2cf-4a88-91c7-0d23f758cd4c,a83f0aec-4e5c-4467-a9ab-43634b46c1f6,2026-04-27,present,6,Via giotto
f84c6447-fb31-43f4-8009-1f1131aa553c,33872abe-802f-47d0-8614-f4d206fff08f,a83f0aec-4e5c-4467-a9ab-43634b46c1f6,2026-04-21,present,8,Via mestre
98d4ff57-2d98-44d8-8f18-2bcd29fd6fee,ed36110d-a2cf-4a88-91c7-0d23f758cd4c,a83f0aec-4e5c-4467-a9ab-43634b46c1f6,2026-04-23,present,6,Via giotto
37a5368b-2963-41c1-b80c-642ddd543ae4,ed36110d-a2cf-4a88-91c7-0d23f758cd4c,a83f0aec-4e5c-4467-a9ab-43634b46c1f6,2026-04-24,present,6,Via giotto
1e4b8e7c-3799-4d11-b405-932edac82427,ed36110d-a2cf-4a88-91c7-0d23f758cd4c,a83f0aec-4e5c-4467-a9ab-43634b46c1f6,2026-04-22,present,6,Via giotto
a0915523-29e2-45fc-b213-e86941822e1e,ed36110d-a2cf-4a88-91c7-0d23f758cd4c,a83f0aec-4e5c-4467-a9ab-43634b46c1f6,2026-04-21,present,6,Via giotto
15e1ef33-ca0b-4259-96a9-c4eee98e2518,ed36110d-a2cf-4a88-91c7-0d23f758cd4c,a83f0aec-4e5c-4467-a9ab-43634b46c1f6,2026-04-17,present,6,Via giotto
04373d4a-f772-4b7c-962d-05cdba62234c,ed36110d-a2cf-4a88-91c7-0d23f758cd4c,a83f0aec-4e5c-4467-a9ab-43634b46c1f6,2026-04-16,present,6,Via giotto
da92484b-4067-432d-bb64-d763827dcda5,ed36110d-a2cf-4a88-91c7-0d23f758cd4c,a83f0aec-4e5c-4467-a9ab-43634b46c1f6,2026-04-15,present,6,Via giotto
ac457b94-ca7c-40da-9f3a-9d193306c885,bd23f301-51a8-4e05-a640-c66306e27ef6,a83f0aec-4e5c-4467-a9ab-43634b46c1f6,2026-08-26,present,8,Via mandrolisai
e404b5ed-e32c-4317-875f-6bf88c7f6a2b,9fc12cbc-5f92-485a-84d9-a7f2413e2cfb,a83f0aec-4e5c-4467-a9ab-43634b46c1f6,2026-04-15,present,8,Via fadda/alghero
bfa14c92-1d0c-4e59-ad75-0f9fbb6c1f09,9fc12cbc-5f92-485a-84d9-a7f2413e2cfb,a83f0aec-4e5c-4467-a9ab-43634b46c1f6,2026-04-16,present,8,Via fadda/alghero
32dca32e-648e-48f8-8d8a-470e476f334a,9fc12cbc-5f92-485a-84d9-a7f2413e2cfb,a83f0aec-4e5c-4467-a9ab-43634b46c1f6,2026-04-17,present,8,Via fadda/alghero
e9d58dea-34a1-4f53-83e8-4fbd9d56bdb5,9fc12cbc-5f92-485a-84d9-a7f2413e2cfb,a83f0aec-4e5c-4467-a9ab-43634b46c1f6,2026-04-20,present,8,Via fadda/alghero
8b16cdb8-2894-40ee-ab3c-00e8a73763fd,9fc12cbc-5f92-485a-84d9-a7f2413e2cfb,a83f0aec-4e5c-4467-a9ab-43634b46c1f6,2026-04-24,present,8,Via fadda/alghero
90925f6c-638d-4d56-bd87-fd8d7b49a7bd,9fc12cbc-5f92-485a-84d9-a7f2413e2cfb,a83f0aec-4e5c-4467-a9ab-43634b46c1f6,2026-04-27,present,8,Via fadda/alghero
a5281f10-6431-46e0-8561-a7803270dd90,33872abe-802f-47d0-8614-f4d206fff08f,a83f0aec-4e5c-4467-a9ab-43634b46c1f6,2026-04-22,present,8,Via mestre
a5a29927-6275-4a21-adfc-9f2164af7c3d,33872abe-802f-47d0-8614-f4d206fff08f,a83f0aec-4e5c-4467-a9ab-43634b46c1f6,2026-04-27,present,8,Via mestre
feec6d3d-1185-46e6-b50d-425fab40ba34,bd23f301-51a8-4e05-a640-c66306e27ef6,a83f0aec-4e5c-4467-a9ab-43634b46c1f6,2026-04-15,present,8,Via mestre
20fa98a7-0b7d-43fc-b255-a10773867ffa,bd23f301-51a8-4e05-a640-c66306e27ef6,a83f0aec-4e5c-4467-a9ab-43634b46c1f6,2026-04-22,present,8,Via mestre
3b1c3f41-24a9-4e04-92d8-95ed452f1b13,bd23f301-51a8-4e05-a640-c66306e27ef6,a83f0aec-4e5c-4467-a9ab-43634b46c1f6,2026-04-23,present,8,Via mestre
0938f825-7542-4a99-bf35-01523203a15e,bd23f301-51a8-4e05-a640-c66306e27ef6,a83f0aec-4e5c-4467-a9ab-43634b46c1f6,2026-04-27,present,8,Via mestre
a8e6bd6e-4119-4a3d-98ab-665136675da3,1c0f2692-e1e4-40fe-907e-6023010d5f19,a83f0aec-4e5c-4467-a9ab-43634b46c1f6,2026-04-27,present,4,Viale monastir
1bf3610d-189b-4f7c-8ccd-e726e7955008,1c0f2692-e1e4-40fe-907e-6023010d5f19,a83f0aec-4e5c-4467-a9ab-43634b46c1f6,2026-04-22,present,4,Viale monastir
5549399c-d9dc-4824-8a36-a6cbdbded38e,1c0f2692-e1e4-40fe-907e-6023010d5f19,a83f0aec-4e5c-4467-a9ab-43634b46c1f6,2026-04-21,present,4,Viale monastir
2620ec81-e654-4aac-bf37-36edf4a4a062,1c0f2692-e1e4-40fe-907e-6023010d5f19,a83f0aec-4e5c-4467-a9ab-43634b46c1f6,2026-04-20,present,4,Viale monastir
d8d7b637-1bc0-4e0d-9d20-3925c8f9eceb,1c0f2692-e1e4-40fe-907e-6023010d5f19,a83f0aec-4e5c-4467-a9ab-43634b46c1f6,2026-04-16,present,4,Viale monastir
1019ad70-4940-4169-b6a9-e8b6c2096443,0af3ee03-5ad8-4726-81bb-ba490b621682,a83f0aec-4e5c-4467-a9ab-43634b46c1f6,2026-04-16,present,8,Via mestre
0de52786-5f66-4834-8205-83151f158e3d,0af3ee03-5ad8-4726-81bb-ba490b621682,a83f0aec-4e5c-4467-a9ab-43634b46c1f6,2026-04-20,present,8,Via mestre
34dd4e19-fe1f-4039-aa92-c72ab0fd6f49,0af3ee03-5ad8-4726-81bb-ba490b621682,a83f0aec-4e5c-4467-a9ab-43634b46c1f6,2026-04-23,present,8,Via mestre
c9f45c4f-c5ba-4741-ba25-3279d90e4422,9fc12cbc-5f92-485a-84d9-a7f2413e2cfb,a83f0aec-4e5c-4467-a9ab-43634b46c1f6,2026-05-25,present,8,Via copernico
3864228e-b70b-4930-af82-80c10e8304ca,9fc12cbc-5f92-485a-84d9-a7f2413e2cfb,a83f0aec-4e5c-4467-a9ab-43634b46c1f6,2026-05-04,present,8,Via copernico
e8aefa8f-125a-4385-8e8c-50cbe120a09b,f029e10a-9baf-4528-b950-2e10fb4d13ce,a83f0aec-4e5c-4467-a9ab-43634b46c1f6,2026-04-17,present,8,Via dante
9828f624-a27e-4fb2-aa8b-0e0631444da1,f029e10a-9baf-4528-b950-2e10fb4d13ce,a83f0aec-4e5c-4467-a9ab-43634b46c1f6,2026-04-15,present,8,Via dante
c50b5f9c-700c-4c6f-a53e-c304ddd68146,f029e10a-9baf-4528-b950-2e10fb4d13ce,a83f0aec-4e5c-4467-a9ab-43634b46c1f6,2026-04-16,present,8,Via dante
01a4e0ce-c524-4d73-ba60-6bc535e7c26f,9fc12cbc-5f92-485a-84d9-a7f2413e2cfb,a83f0aec-4e5c-4467-a9ab-43634b46c1f6,2026-05-07,present,8,Via copernico
4cd2eacb-9aa9-4a7d-b9f0-3da1a60d52ec,9fc12cbc-5f92-485a-84d9-a7f2413e2cfb,a83f0aec-4e5c-4467-a9ab-43634b46c1f6,2026-05-12,present,8,Via copernico
4375bef9-44b2-423c-b82c-def679c87c01,9fc12cbc-5f92-485a-84d9-a7f2413e2cfb,a83f0aec-4e5c-4467-a9ab-43634b46c1f6,2026-05-14,present,8,Via copernico
376aab90-851f-47d8-963b-21332504c5de,9fc12cbc-5f92-485a-84d9-a7f2413e2cfb,a83f0aec-4e5c-4467-a9ab-43634b46c1f6,2026-05-22,present,8,Via copernico
c87e9caf-9ab4-4a09-b4ef-7c0613857dab,9fc12cbc-5f92-485a-84d9-a7f2413e2cfb,a83f0aec-4e5c-4467-a9ab-43634b46c1f6,2026-05-19,present,8,Via copernico
5dcda186-c623-4822-9d46-7aa998cab779,a1126a85-fd22-4cb7-af46-19697bfc7079,a83f0aec-4e5c-4467-a9ab-43634b46c1f6,2026-05-11,present,8,Via giotto
5b9c535c-427e-4e94-93ff-72d41679aca0,ed36110d-a2cf-4a88-91c7-0d23f758cd4c,a83f0aec-4e5c-4467-a9ab-43634b46c1f6,2026-05-26,present,6,Via fadda/alghero
93275fda-d2e4-40bf-b54e-a60bf9df7c36,ed17502d-bd6a-418e-a321-b5c13b8979eb,a83f0aec-4e5c-4467-a9ab-43634b46c1f6,2026-06-12,present,8,via mestre
24a0fcda-5c63-45f4-880e-c25cd50f9921,cff16040-6983-48f2-b49c-1fa06f131879,a83f0aec-4e5c-4467-a9ab-43634b46c1f6,2026-06-06,holiday,0,""
d9faf233-24e2-4e67-8941-f21ec45049b3,cff16040-6983-48f2-b49c-1fa06f131879,a83f0aec-4e5c-4467-a9ab-43634b46c1f6,2026-06-04,present,8,via strauss
233bf41b-51b7-4eb4-892a-19d9402c0dd5,2f76e93b-41a3-4e8b-8741-8b3e03d8db85,a83f0aec-4e5c-4467-a9ab-43634b46c1f6,2026-03-10,present,8,Via corte d'appello
49b457e0-497c-472d-807c-27eb5b61df96,2f76e93b-41a3-4e8b-8741-8b3e03d8db85,a83f0aec-4e5c-4467-a9ab-43634b46c1f6,2026-03-12,present,8,Via corte d'appello
8b28dca5-cbc7-4bde-b673-d5d9392dcaee,2f76e93b-41a3-4e8b-8741-8b3e03d8db85,a83f0aec-4e5c-4467-a9ab-43634b46c1f6,2026-03-19,present,8,Via corte d'appello
ce29c3b2-c56a-443a-929e-172d97ebc0bc,2197b6fd-9cb2-4d34-8118-cf9f11b573d7,a83f0aec-4e5c-4467-a9ab-43634b46c1f6,2026-03-10,present,8,Via corte d'appello
8d07afc5-f779-401b-8168-2f8dc661e4d5,2197b6fd-9cb2-4d34-8118-cf9f11b573d7,a83f0aec-4e5c-4467-a9ab-43634b46c1f6,2026-03-11,present,8,Via corte d'appello
36befac8-3295-4265-bbb1-7a5c54865234,2197b6fd-9cb2-4d34-8118-cf9f11b573d7,a83f0aec-4e5c-4467-a9ab-43634b46c1f6,2026-03-12,present,8,Via corte d'appello
3e8156a0-44f0-4f79-82eb-70fda74ed398,2197b6fd-9cb2-4d34-8118-cf9f11b573d7,a83f0aec-4e5c-4467-a9ab-43634b46c1f6,2026-03-13,present,8,Via corte d'appello
7af62730-dc36-4418-bf62-baea52805b2d,2197b6fd-9cb2-4d34-8118-cf9f11b573d7,a83f0aec-4e5c-4467-a9ab-43634b46c1f6,2026-03-16,present,8,Via corte d'appello
2bad93fe-6734-4c96-99c5-44aae36d840c,2197b6fd-9cb2-4d34-8118-cf9f11b573d7,a83f0aec-4e5c-4467-a9ab-43634b46c1f6,2026-03-17,present,8,Via corte d'appello
939604f0-4116-4597-a3e7-d9d6f13d163d,2197b6fd-9cb2-4d34-8118-cf9f11b573d7,a83f0aec-4e5c-4467-a9ab-43634b46c1f6,2026-03-18,present,8,Via corte d'appello
e9c09c16-ab7f-4eb9-867a-2c6f68b64610,2197b6fd-9cb2-4d34-8118-cf9f11b573d7,a83f0aec-4e5c-4467-a9ab-43634b46c1f6,2026-03-19,present,8,Via corte d'appello
7eb169a3-fb39-4e2a-94f5-7555f38007fb,2197b6fd-9cb2-4d34-8118-cf9f11b573d7,a83f0aec-4e5c-4467-a9ab-43634b46c1f6,2026-03-20,present,8,Via corte d'appello
f95d37c3-d3ca-499e-b060-37aacd6970e1,bd23f301-51a8-4e05-a640-c66306e27ef6,a83f0aec-4e5c-4467-a9ab-43634b46c1f6,2026-03-20,present,8,Viale monastir
e4d9e53b-bca5-43a0-b092-4c17fb272c0c,ed36110d-a2cf-4a88-91c7-0d23f758cd4c,a83f0aec-4e5c-4467-a9ab-43634b46c1f6,2026-03-10,present,6,Via corte d'appello
f517389c-0d14-4cfa-96ee-6f82652420aa,0af3ee03-5ad8-4726-81bb-ba490b621682,a83f0aec-4e5c-4467-a9ab-43634b46c1f6,2026-08-10,holiday,0,""
993af34d-d3a9-4a9e-ae27-e9a1d0ed0b64,bd23f301-51a8-4e05-a640-c66306e27ef6,a83f0aec-4e5c-4467-a9ab-43634b46c1f6,2026-08-25,present,8,Via mandrolisai
438d96ac-a6e9-4223-9579-6023804143b6,0af3ee03-5ad8-4726-81bb-ba490b621682,a83f0aec-4e5c-4467-a9ab-43634b46c1f6,2026-08-11,holiday,0,""
e652ec49-8ae6-4002-96b8-109b28cfb954,ed36110d-a2cf-4a88-91c7-0d23f758cd4c,a83f0aec-4e5c-4467-a9ab-43634b46c1f6,2026-03-20,present,6,Via corte d'appello
e418aa33-10d1-480d-908b-d877b9bdcd4d,ed36110d-a2cf-4a88-91c7-0d23f758cd4c,a83f0aec-4e5c-4467-a9ab-43634b46c1f6,2026-03-19,present,6,Via corte d'appello
e9cf3e14-0029-432c-a5c1-547bb3413302,ed36110d-a2cf-4a88-91c7-0d23f758cd4c,a83f0aec-4e5c-4467-a9ab-43634b46c1f6,2026-03-18,present,6,Via corte d'appello
0008974d-8ec3-439c-9e23-82c77ecd93b0,ed36110d-a2cf-4a88-91c7-0d23f758cd4c,a83f0aec-4e5c-4467-a9ab-43634b46c1f6,2026-03-17,present,6,Via corte d'appello
e2c143ae-3c95-4fa2-8834-824d22e501c2,ed36110d-a2cf-4a88-91c7-0d23f758cd4c,a83f0aec-4e5c-4467-a9ab-43634b46c1f6,2026-03-16,present,6,Via corte d'appello
07acb29b-00bf-483d-b08c-5842a74882e8,ed36110d-a2cf-4a88-91c7-0d23f758cd4c,a83f0aec-4e5c-4467-a9ab-43634b46c1f6,2026-03-13,present,6,Via corte d'appello
407d2593-77b5-4640-8614-dee234a81a73,ed36110d-a2cf-4a88-91c7-0d23f758cd4c,a83f0aec-4e5c-4467-a9ab-43634b46c1f6,2026-03-12,present,6,Via corte d'appello
4ec99a0d-dd74-4026-8794-bdd2f3fb78d3,ed36110d-a2cf-4a88-91c7-0d23f758cd4c,a83f0aec-4e5c-4467-a9ab-43634b46c1f6,2026-03-11,present,6,Via corte d'appello
dfa480eb-2fdf-47e8-bf97-57e3a6a805fc,0af3ee03-5ad8-4726-81bb-ba490b621682,a83f0aec-4e5c-4467-a9ab-43634b46c1f6,2026-08-12,holiday,0,""
6753e66f-1dcc-4821-9519-90c97a1d9947,07cba65e-e2f7-495c-8b24-2192173054a0,a83f0aec-4e5c-4467-a9ab-43634b46c1f6,2026-08-21,holiday,0,""
df9ef1c1-eb75-41fd-94f5-d045e9e8484f,07cba65e-e2f7-495c-8b24-2192173054a0,a83f0aec-4e5c-4467-a9ab-43634b46c1f6,2026-08-25,holiday,0,""
ee5d1ad1-e561-48cf-8c9a-71b0c2e28cca,07cba65e-e2f7-495c-8b24-2192173054a0,a83f0aec-4e5c-4467-a9ab-43634b46c1f6,2026-08-27,holiday,0,""
6eeaddf4-0440-491a-94ee-5b82926e52c6,2f76e93b-41a3-4e8b-8741-8b3e03d8db85,a83f0aec-4e5c-4467-a9ab-43634b46c1f6,2026-08-10,present,8,Via copernico
353fc035-a3c1-4257-afd0-09733fe932dd,2f76e93b-41a3-4e8b-8741-8b3e03d8db85,a83f0aec-4e5c-4467-a9ab-43634b46c1f6,2026-08-11,present,8,Via copernico
f412b97d-4fa2-4ea6-9b17-a57872d1fb79,bd23f301-51a8-4e05-a640-c66306e27ef6,a83f0aec-4e5c-4467-a9ab-43634b46c1f6,2026-03-12,present,8,Viale monastir
b19c9fa1-89e4-4050-b53f-f0427ca809e3,bd23f301-51a8-4e05-a640-c66306e27ef6,a83f0aec-4e5c-4467-a9ab-43634b46c1f6,2026-03-13,present,8,Viale monastir
4d935de3-b66f-4142-9572-00e0bf86468f,1c0f2692-e1e4-40fe-907e-6023010d5f19,a83f0aec-4e5c-4467-a9ab-43634b46c1f6,2026-03-21,holiday,0,""
b923f5a2-7ef3-4d35-8658-582c87db6de7,1c0f2692-e1e4-40fe-907e-6023010d5f19,a83f0aec-4e5c-4467-a9ab-43634b46c1f6,2026-03-20,present,4,Viale monastir
3510cfe6-5f8c-4c20-ac08-fcd247ccfc74,bd23f301-51a8-4e05-a640-c66306e27ef6,a83f0aec-4e5c-4467-a9ab-43634b46c1f6,2026-03-14,holiday,0,""
caf36160-11d8-4bae-9cac-b232b9dc473d,1c0f2692-e1e4-40fe-907e-6023010d5f19,a83f0aec-4e5c-4467-a9ab-43634b46c1f6,2026-03-19,present,4,Viale monastir
9c4f6b8a-41e4-4ac8-9268-b454f822c985,1c0f2692-e1e4-40fe-907e-6023010d5f19,a83f0aec-4e5c-4467-a9ab-43634b46c1f6,2026-03-10,present,4,Viale monastir
864cc280-d1d4-457c-b7ba-307704bcaeb3,1c0f2692-e1e4-40fe-907e-6023010d5f19,a83f0aec-4e5c-4467-a9ab-43634b46c1f6,2026-03-18,present,4,Viale monastir
455718fb-21bc-48ef-b431-201ecddf0616,1c0f2692-e1e4-40fe-907e-6023010d5f19,a83f0aec-4e5c-4467-a9ab-43634b46c1f6,2026-03-11,present,4,Viale monastir
dfd6ec80-e8d1-4ccb-adbc-d87074ee4016,0af3ee03-5ad8-4726-81bb-ba490b621682,a83f0aec-4e5c-4467-a9ab-43634b46c1f6,2026-03-10,present,8,Via mestre
d9cb731c-c56e-4045-8888-d1c3574193b7,1c0f2692-e1e4-40fe-907e-6023010d5f19,a83f0aec-4e5c-4467-a9ab-43634b46c1f6,2026-03-12,present,4,Viale monastir
306332fc-d995-45d5-a8b6-99a92e3953ed,1c0f2692-e1e4-40fe-907e-6023010d5f19,a83f0aec-4e5c-4467-a9ab-43634b46c1f6,2026-03-17,present,4,Viale monastir
70df7a97-e4f9-4c38-b309-ee5a5c061e70,1c0f2692-e1e4-40fe-907e-6023010d5f19,a83f0aec-4e5c-4467-a9ab-43634b46c1f6,2026-03-13,present,4,Viale monastir
516a3641-ec61-4f12-a692-e46b640d1d01,1c0f2692-e1e4-40fe-907e-6023010d5f19,a83f0aec-4e5c-4467-a9ab-43634b46c1f6,2026-03-14,holiday,0,""
d0fbab58-5b57-45e0-952e-91c8ac5d6426,1c0f2692-e1e4-40fe-907e-6023010d5f19,a83f0aec-4e5c-4467-a9ab-43634b46c1f6,2026-03-16,present,4,Viale monastir
445ddad1-8277-4e4f-a8ae-e634d8f5c96d,1c0f2692-e1e4-40fe-907e-6023010d5f19,a83f0aec-4e5c-4467-a9ab-43634b46c1f6,2026-03-15,holiday,0,""
434e320d-cdbb-465e-a05e-5c741887288b,bd23f301-51a8-4e05-a640-c66306e27ef6,a83f0aec-4e5c-4467-a9ab-43634b46c1f6,2026-03-10,present,8,Viale monastir
b55f434a-2c60-4873-ba62-089259c9d7bf,bd23f301-51a8-4e05-a640-c66306e27ef6,a83f0aec-4e5c-4467-a9ab-43634b46c1f6,2026-03-11,present,8,Viale monastir
10de98a4-481f-44f8-84ac-418cb041d889,bd23f301-51a8-4e05-a640-c66306e27ef6,a83f0aec-4e5c-4467-a9ab-43634b46c1f6,2026-03-16,present,8,Viale monastir
5a470693-cf1a-4878-b5de-ac98f0501aa0,bd23f301-51a8-4e05-a640-c66306e27ef6,a83f0aec-4e5c-4467-a9ab-43634b46c1f6,2026-03-17,present,8,Viale monastir
b9496c86-3b1a-4f75-9f9e-c90aae794336,bd23f301-51a8-4e05-a640-c66306e27ef6,a83f0aec-4e5c-4467-a9ab-43634b46c1f6,2026-03-18,present,8,Viale monastir
96d8c4f0-20ae-45a2-9f62-1e0c81ce179d,bd23f301-51a8-4e05-a640-c66306e27ef6,a83f0aec-4e5c-4467-a9ab-43634b46c1f6,2026-03-19,present,8,Viale monastir
ba0238f4-9d41-4930-bea2-b960606c47ba,0af3ee03-5ad8-4726-81bb-ba490b621682,a83f0aec-4e5c-4467-a9ab-43634b46c1f6,2026-03-13,present,8,Via mestre
179b8c2b-661e-4152-91d3-00bbe97cfedd,0af3ee03-5ad8-4726-81bb-ba490b621682,a83f0aec-4e5c-4467-a9ab-43634b46c1f6,2026-03-11,present,8,Via mestre
af0ae45e-3d9c-46db-8459-8bf1add0eca5,0af3ee03-5ad8-4726-81bb-ba490b621682,a83f0aec-4e5c-4467-a9ab-43634b46c1f6,2026-03-12,present,8,Via mestre
5c54f24e-cd31-4861-944a-a32490f8e132,0af3ee03-5ad8-4726-81bb-ba490b621682,a83f0aec-4e5c-4467-a9ab-43634b46c1f6,2026-03-16,present,8,Via mestre
60289d0e-1960-47fa-976b-7dc0746e608b,0af3ee03-5ad8-4726-81bb-ba490b621682,a83f0aec-4e5c-4467-a9ab-43634b46c1f6,2026-03-19,present,8,Via mestre
a898b933-b5b8-4eb9-967f-e110904677f0,0af3ee03-5ad8-4726-81bb-ba490b621682,a83f0aec-4e5c-4467-a9ab-43634b46c1f6,2026-03-17,present,8,Via mestre
e8334ed0-29a0-4fe1-b50b-8a77367cf9c8,0af3ee03-5ad8-4726-81bb-ba490b621682,a83f0aec-4e5c-4467-a9ab-43634b46c1f6,2026-03-18,present,8,Via mestre
8637a50c-5d83-4e5e-b2f3-399a5211495b,0af3ee03-5ad8-4726-81bb-ba490b621682,a83f0aec-4e5c-4467-a9ab-43634b46c1f6,2026-03-20,present,8,Via mestre
19757633-d2e4-4f45-bb80-a6b045d73253,9fc12cbc-5f92-485a-84d9-a7f2413e2cfb,a83f0aec-4e5c-4467-a9ab-43634b46c1f6,2026-05-05,present,8,Via copernico
03860534-d11b-4a61-8cd8-6efc16b8107c,9fc12cbc-5f92-485a-84d9-a7f2413e2cfb,a83f0aec-4e5c-4467-a9ab-43634b46c1f6,2026-05-06,present,8,Via copernico
a0ff11e2-d3b6-401a-ae90-fa71f354f588,9fc12cbc-5f92-485a-84d9-a7f2413e2cfb,a83f0aec-4e5c-4467-a9ab-43634b46c1f6,2026-05-11,present,8,Via copernico
17785e63-59e5-4f01-8e2d-57d2cfe587f9,9fc12cbc-5f92-485a-84d9-a7f2413e2cfb,a83f0aec-4e5c-4467-a9ab-43634b46c1f6,2026-05-21,present,8,Via copernico
ca02b36a-e268-4789-8afe-3ceaa9d7f462,9fc12cbc-5f92-485a-84d9-a7f2413e2cfb,a83f0aec-4e5c-4467-a9ab-43634b46c1f6,2026-05-18,present,8,Via copernico
02f4d554-7938-48f4-aaa9-d566e24b53bb,a1126a85-fd22-4cb7-af46-19697bfc7079,a83f0aec-4e5c-4467-a9ab-43634b46c1f6,2026-05-08,present,8,Via giotto
fb06c9e8-1de2-435c-ad66-faea7d7c013c,9fc12cbc-5f92-485a-84d9-a7f2413e2cfb,a83f0aec-4e5c-4467-a9ab-43634b46c1f6,2026-05-26,present,8,Via copernico
8a973fa2-97b8-4a68-b189-5f9d6f054e63,f029e10a-9baf-4528-b950-2e10fb4d13ce,a83f0aec-4e5c-4467-a9ab-43634b46c1f6,2026-03-10,present,8,Via mestre
a7d0af44-6f71-499d-9ff1-4b339aa67f83,f029e10a-9baf-4528-b950-2e10fb4d13ce,a83f0aec-4e5c-4467-a9ab-43634b46c1f6,2026-03-14,holiday,0,""
76b12ffc-8279-4409-98ac-39c20c4e2051,f029e10a-9baf-4528-b950-2e10fb4d13ce,a83f0aec-4e5c-4467-a9ab-43634b46c1f6,2026-03-16,present,8,Via mestre
bcb34b6c-8c5d-4d1f-87b3-9d1e57dc42da,f029e10a-9baf-4528-b950-2e10fb4d13ce,a83f0aec-4e5c-4467-a9ab-43634b46c1f6,2026-03-20,present,8,Via mestre
6ec42101-5ccb-490f-a9d5-6cafb51d71e9,f029e10a-9baf-4528-b950-2e10fb4d13ce,a83f0aec-4e5c-4467-a9ab-43634b46c1f6,2026-03-22,holiday,0,""
0103bf34-f304-420c-95f1-ae62f3217cb5,2f76e93b-41a3-4e8b-8741-8b3e03d8db85,a83f0aec-4e5c-4467-a9ab-43634b46c1f6,2026-04-16,present,8,Via fadda/alghero
df1f621d-8fbe-477d-bbc4-da489f6799fc,a78a69df-18f8-45b2-866f-214377a09e87,a83f0aec-4e5c-4467-a9ab-43634b46c1f6,2026-03-11,present,8,Via mestre
582f2c66-749f-4ed3-bfcf-23d421be97df,a78a69df-18f8-45b2-866f-214377a09e87,a83f0aec-4e5c-4467-a9ab-43634b46c1f6,2026-03-12,present,8,Via mestre
27dcc2ad-e4f6-40f3-b653-b25e64f34a6a,a78a69df-18f8-45b2-866f-214377a09e87,a83f0aec-4e5c-4467-a9ab-43634b46c1f6,2026-03-13,present,8,Via mestre
649232bc-8ee2-4656-adf9-c8f45195f256,a78a69df-18f8-45b2-866f-214377a09e87,a83f0aec-4e5c-4467-a9ab-43634b46c1f6,2026-03-17,present,8,Via mestre
061fbc72-ff54-4a20-a422-494273ce0b08,a78a69df-18f8-45b2-866f-214377a09e87,a83f0aec-4e5c-4467-a9ab-43634b46c1f6,2026-03-19,present,8,Via mestre
f516e3db-6553-4a29-a001-d234e38d024c,2f76e93b-41a3-4e8b-8741-8b3e03d8db85,a83f0aec-4e5c-4467-a9ab-43634b46c1f6,2026-04-21,present,8,Via fadda/alghero
c3c38e40-c65d-4c22-8cc5-74516025fbcd,2f76e93b-41a3-4e8b-8741-8b3e03d8db85,a83f0aec-4e5c-4467-a9ab-43634b46c1f6,2026-04-22,present,8,Via fadda/alghero
3b9beeb2-4457-464d-8035-94e6a9251693,2f76e93b-41a3-4e8b-8741-8b3e03d8db85,a83f0aec-4e5c-4467-a9ab-43634b46c1f6,2026-04-24,present,8,Via fadda/alghero
c10a182d-d936-4556-bf56-88bfe7f00afb,2f76e93b-41a3-4e8b-8741-8b3e03d8db85,a83f0aec-4e5c-4467-a9ab-43634b46c1f6,2026-04-27,present,8,Via fadda/alghero
8a92e03f-a7c8-4db5-9bc6-61c693dc5132,0af3ee03-5ad8-4726-81bb-ba490b621682,a83f0aec-4e5c-4467-a9ab-43634b46c1f6,2026-04-17,present,8,Via mestre
5e0115e8-6bbe-4c84-8689-ec0fd86e7aef,2197b6fd-9cb2-4d34-8118-cf9f11b573d7,a83f0aec-4e5c-4467-a9ab-43634b46c1f6,2026-04-15,present,8,Via giotto
a6f9ebf9-a392-4e7b-95f7-250f375c5bcb,2197b6fd-9cb2-4d34-8118-cf9f11b573d7,a83f0aec-4e5c-4467-a9ab-43634b46c1f6,2026-04-16,present,8,Via giotto
ea738037-9444-442c-8f5d-3dad6cb426fb,2197b6fd-9cb2-4d34-8118-cf9f11b573d7,a83f0aec-4e5c-4467-a9ab-43634b46c1f6,2026-04-17,present,8,Via giotto
27f8d372-b7ee-4da3-a328-c480bc9c6d63,2197b6fd-9cb2-4d34-8118-cf9f11b573d7,a83f0aec-4e5c-4467-a9ab-43634b46c1f6,2026-04-20,present,8,Via giotto
f2fb0b5f-98c1-40d0-978e-f1391357225b,2197b6fd-9cb2-4d34-8118-cf9f11b573d7,a83f0aec-4e5c-4467-a9ab-43634b46c1f6,2026-04-22,present,8,Via giotto
9cd93cab-92c7-44e6-9049-c9f6b5bcaefd,2197b6fd-9cb2-4d34-8118-cf9f11b573d7,a83f0aec-4e5c-4467-a9ab-43634b46c1f6,2026-04-23,present,8,Via giotto
d4829786-e159-4742-a8db-76476d2584af,2197b6fd-9cb2-4d34-8118-cf9f11b573d7,a83f0aec-4e5c-4467-a9ab-43634b46c1f6,2026-04-27,present,8,Via giotto
19766c12-e632-4f45-afbd-ca5e1c8ca358,0af3ee03-5ad8-4726-81bb-ba490b621682,a83f0aec-4e5c-4467-a9ab-43634b46c1f6,2026-08-28,holiday,0,""
06793036-692e-4537-8b72-520d01ee3de6,0af3ee03-5ad8-4726-81bb-ba490b621682,a83f0aec-4e5c-4467-a9ab-43634b46c1f6,2026-08-13,holiday,0,""
95314689-285e-43f6-a30c-cd21beb53460,0af3ee03-5ad8-4726-81bb-ba490b621682,a83f0aec-4e5c-4467-a9ab-43634b46c1f6,2026-08-18,holiday,0,""
6d38a72f-0403-4dbb-9760-8ae047eb4f70,0af3ee03-5ad8-4726-81bb-ba490b621682,a83f0aec-4e5c-4467-a9ab-43634b46c1f6,2026-08-19,holiday,0,""
254d0acc-9355-4eb1-8125-9a8c31cc701f,0af3ee03-5ad8-4726-81bb-ba490b621682,a83f0aec-4e5c-4467-a9ab-43634b46c1f6,2026-08-14,holiday,0,""
c41c3051-a610-43e5-8f24-ee04b5633584,0af3ee03-5ad8-4726-81bb-ba490b621682,a83f0aec-4e5c-4467-a9ab-43634b46c1f6,2026-08-20,holiday,0,""
01d1f744-a613-46d6-9dc8-3e7f074874c7,0af3ee03-5ad8-4726-81bb-ba490b621682,a83f0aec-4e5c-4467-a9ab-43634b46c1f6,2026-08-21,holiday,0,""
b50daaac-f6dc-4575-a11c-9309965ee586,0af3ee03-5ad8-4726-81bb-ba490b621682,a83f0aec-4e5c-4467-a9ab-43634b46c1f6,2026-08-17,holiday,0,""
80953897-7cd1-40eb-bbeb-6173e057d260,0af3ee03-5ad8-4726-81bb-ba490b621682,a83f0aec-4e5c-4467-a9ab-43634b46c1f6,2026-08-24,holiday,0,""
ac2ede1c-a2c1-4865-9706-385689c08408,9fc12cbc-5f92-485a-84d9-a7f2413e2cfb,a83f0aec-4e5c-4467-a9ab-43634b46c1f6,2026-04-21,present,8,Via fadda/alghero
92c18139-aa65-40fc-a1ec-b387ddd32dad,9fc12cbc-5f92-485a-84d9-a7f2413e2cfb,a83f0aec-4e5c-4467-a9ab-43634b46c1f6,2026-04-22,present,8,Via fadda/alghero
9c49840d-f3f1-456e-aa7c-327f8e73c7d8,9fc12cbc-5f92-485a-84d9-a7f2413e2cfb,a83f0aec-4e5c-4467-a9ab-43634b46c1f6,2026-04-23,present,8,Via fadda/alghero
5e6e7e8d-0bf5-463f-ab08-4afee39db58b,33872abe-802f-47d0-8614-f4d206fff08f,a83f0aec-4e5c-4467-a9ab-43634b46c1f6,2026-04-23,present,8,Via mestre
19971e44-b34d-4135-b55d-30c76af67013,33872abe-802f-47d0-8614-f4d206fff08f,a83f0aec-4e5c-4467-a9ab-43634b46c1f6,2026-04-24,present,8,Via mestre
2ec8aaff-587c-4f1c-ae36-c4af05dfbc20,0af3ee03-5ad8-4726-81bb-ba490b621682,a83f0aec-4e5c-4467-a9ab-43634b46c1f6,2026-04-21,present,8,Via mestre
8bfa43e4-8014-4696-9a00-35c0268814f9,0af3ee03-5ad8-4726-81bb-ba490b621682,a83f0aec-4e5c-4467-a9ab-43634b46c1f6,2026-04-22,present,8,Via mestre
f4ab0c2e-cc21-4741-a3fb-68940762ba1e,1c0f2692-e1e4-40fe-907e-6023010d5f19,a83f0aec-4e5c-4467-a9ab-43634b46c1f6,2026-04-24,present,4,Viale monastir
dcad37eb-05f5-4d6e-a7a5-b063d4079b19,1c0f2692-e1e4-40fe-907e-6023010d5f19,a83f0aec-4e5c-4467-a9ab-43634b46c1f6,2026-04-23,present,4,Viale monastir
8c9d7a86-f1ef-4e30-9923-fed3c0eaa5bc,1c0f2692-e1e4-40fe-907e-6023010d5f19,a83f0aec-4e5c-4467-a9ab-43634b46c1f6,2026-04-17,present,4,Viale monastir
a98bc17f-36e0-4cb2-8355-36c481034acd,1c0f2692-e1e4-40fe-907e-6023010d5f19,a83f0aec-4e5c-4467-a9ab-43634b46c1f6,2026-04-15,present,4,Viale monastir
a1b48398-f418-49ec-b7c0-d2044335ba79,bd23f301-51a8-4e05-a640-c66306e27ef6,a83f0aec-4e5c-4467-a9ab-43634b46c1f6,2026-04-16,present,8,Via mestre
23e25e21-641a-4bd3-892e-c3147966d68f,bd23f301-51a8-4e05-a640-c66306e27ef6,a83f0aec-4e5c-4467-a9ab-43634b46c1f6,2026-04-17,present,8,Via mestre
bf72c97c-fa7a-4baf-b623-65b8a33f4c42,bd23f301-51a8-4e05-a640-c66306e27ef6,a83f0aec-4e5c-4467-a9ab-43634b46c1f6,2026-04-20,present,8,Via mestre
b305d767-7a05-4530-9107-bcf5b492cc40,bd23f301-51a8-4e05-a640-c66306e27ef6,a83f0aec-4e5c-4467-a9ab-43634b46c1f6,2026-04-21,present,8,Via mestre
1b8d0714-a8f8-4987-bd15-58f99e830680,bd23f301-51a8-4e05-a640-c66306e27ef6,a83f0aec-4e5c-4467-a9ab-43634b46c1f6,2026-04-24,present,8,Via mestre
faf5e821-db8f-4200-be82-3b12494cd57f,0af3ee03-5ad8-4726-81bb-ba490b621682,a83f0aec-4e5c-4467-a9ab-43634b46c1f6,2026-04-15,present,8,Via mestre
e25dbdc8-860f-4493-8f89-5cfb0336f0a5,0af3ee03-5ad8-4726-81bb-ba490b621682,a83f0aec-4e5c-4467-a9ab-43634b46c1f6,2026-04-24,present,8,Via mestre
99fb3065-ceab-4dd7-bfa8-086ed7f6054d,0af3ee03-5ad8-4726-81bb-ba490b621682,a83f0aec-4e5c-4467-a9ab-43634b46c1f6,2026-04-27,present,8,Via mestre
a92257a0-226b-42b2-a358-dfa8bf545608,0af3ee03-5ad8-4726-81bb-ba490b621682,a83f0aec-4e5c-4467-a9ab-43634b46c1f6,2026-08-25,holiday,0,""
17b995d0-b7fa-4a05-9678-ef5e4bda90d1,9fc12cbc-5f92-485a-84d9-a7f2413e2cfb,a83f0aec-4e5c-4467-a9ab-43634b46c1f6,2026-05-20,present,8,Via copernico
5c3ce899-ec24-45fe-8f40-a99b99754c19,9fc12cbc-5f92-485a-84d9-a7f2413e2cfb,a83f0aec-4e5c-4467-a9ab-43634b46c1f6,2026-05-15,present,8,Via copernico
a743c011-fdb1-4f74-91b0-50c3b898d5ef,9fc12cbc-5f92-485a-84d9-a7f2413e2cfb,a83f0aec-4e5c-4467-a9ab-43634b46c1f6,2026-05-13,present,8,Via copernico
a3c4cb40-4b7c-4548-9061-552d76b356af,9fc12cbc-5f92-485a-84d9-a7f2413e2cfb,a83f0aec-4e5c-4467-a9ab-43634b46c1f6,2026-05-08,present,8,Via copernico
6c7de52e-5298-4eb9-8871-fb5fdf8ef0ff,9fc12cbc-5f92-485a-84d9-a7f2413e2cfb,a83f0aec-4e5c-4467-a9ab-43634b46c1f6,2026-05-27,present,8,Via copernico
bb20531a-d08d-49a6-9461-cae96769e47b,a1126a85-fd22-4cb7-af46-19697bfc7079,a83f0aec-4e5c-4467-a9ab-43634b46c1f6,2026-05-01,holiday,0,""
f52633bd-c518-491b-a692-072bcf788076,a1126a85-fd22-4cb7-af46-19697bfc7079,a83f0aec-4e5c-4467-a9ab-43634b46c1f6,2026-05-05,present,8,Via giotto
b1342461-9b72-403f-8b21-ddccd979e087,0af3ee03-5ad8-4726-81bb-ba490b621682,a83f0aec-4e5c-4467-a9ab-43634b46c1f6,2026-08-26,holiday,0,""
af2f9e12-fd3c-4060-89cf-404ff899f78b,0af3ee03-5ad8-4726-81bb-ba490b621682,a83f0aec-4e5c-4467-a9ab-43634b46c1f6,2026-08-27,holiday,0,""
8d88c399-8a7b-4bd3-954e-f7480dd6ffae,a78a69df-18f8-45b2-866f-214377a09e87,a83f0aec-4e5c-4467-a9ab-43634b46c1f6,2026-08-10,holiday,0,""
239d7720-11a7-4b2d-8052-2ec0e8807ee7,a78a69df-18f8-45b2-866f-214377a09e87,a83f0aec-4e5c-4467-a9ab-43634b46c1f6,2026-08-11,holiday,0,""
fa4cd6de-6122-46bc-84fe-8cf296940f74,a78a69df-18f8-45b2-866f-214377a09e87,a83f0aec-4e5c-4467-a9ab-43634b46c1f6,2026-08-12,holiday,0,""
81a7644f-c2f8-40cf-be82-9def7765a5d9,a78a69df-18f8-45b2-866f-214377a09e87,a83f0aec-4e5c-4467-a9ab-43634b46c1f6,2026-08-13,holiday,0,""
8ebf4d08-52a8-4f8a-b0a5-ad562d219bf3,a78a69df-18f8-45b2-866f-214377a09e87,a83f0aec-4e5c-4467-a9ab-43634b46c1f6,2026-08-14,holiday,0,""
0f6f31f3-16ab-4989-a021-c3028e71c3c9,a78a69df-18f8-45b2-866f-214377a09e87,a83f0aec-4e5c-4467-a9ab-43634b46c1f6,2026-08-17,holiday,0,""
7b755c8d-072a-4f90-b6bd-83c8285c6e24,a78a69df-18f8-45b2-866f-214377a09e87,a83f0aec-4e5c-4467-a9ab-43634b46c1f6,2026-08-18,holiday,0,""
b811e45d-8e59-4199-af10-852f2bfb412a,55c515b0-f4e2-4b80-8d6f-e2755cb31866,a83f0aec-4e5c-4467-a9ab-43634b46c1f6,2026-03-13,present,8,Viale monastir
d7ae1d1a-a659-4b2c-878d-0326ca07006a,9fc12cbc-5f92-485a-84d9-a7f2413e2cfb,a83f0aec-4e5c-4467-a9ab-43634b46c1f6,2026-05-28,present,8,Via copernico
17cf75d2-f7d2-4df1-8e2c-5e620f656044,a1126a85-fd22-4cb7-af46-19697bfc7079,a83f0aec-4e5c-4467-a9ab-43634b46c1f6,2026-05-04,present,8,Via giotto
c71fa650-b9b0-46fb-9c82-8b3777434da3,e29ef4e3-a2cd-4328-8cd5-5d17785f1a83,a83f0aec-4e5c-4467-a9ab-43634b46c1f6,2026-03-18,present,8,Via mestre
0dae0cb9-66b5-45ab-89e9-d9aa0a1f751a,f029e10a-9baf-4528-b950-2e10fb4d13ce,a83f0aec-4e5c-4467-a9ab-43634b46c1f6,2026-03-11,present,8,Via mestre
a34ef605-fdc6-4792-979d-fd18e9f7ab2e,f029e10a-9baf-4528-b950-2e10fb4d13ce,a83f0aec-4e5c-4467-a9ab-43634b46c1f6,2026-03-12,present,8,Via mestre
1c379f39-6efc-4b88-9095-a934935e634d,f029e10a-9baf-4528-b950-2e10fb4d13ce,a83f0aec-4e5c-4467-a9ab-43634b46c1f6,2026-03-13,present,8,Via mestre
9b42d7a6-419d-4bc6-8aec-77b6840efe5a,f029e10a-9baf-4528-b950-2e10fb4d13ce,a83f0aec-4e5c-4467-a9ab-43634b46c1f6,2026-03-17,present,8,Via mestre
da045da8-5266-4e07-9a9d-b4efa068d86f,f029e10a-9baf-4528-b950-2e10fb4d13ce,a83f0aec-4e5c-4467-a9ab-43634b46c1f6,2026-03-18,present,8,Via mestre
99316e96-3bdc-4888-a982-fb106e48f7c2,f029e10a-9baf-4528-b950-2e10fb4d13ce,a83f0aec-4e5c-4467-a9ab-43634b46c1f6,2026-03-19,present,8,Via mestre
7c48c513-546e-476a-84e0-556200318685,55c515b0-f4e2-4b80-8d6f-e2755cb31866,a83f0aec-4e5c-4467-a9ab-43634b46c1f6,2026-03-16,present,8,Viale monastir
e0b79046-3945-45cd-b05e-c8a52b1dee91,e29ef4e3-a2cd-4328-8cd5-5d17785f1a83,a83f0aec-4e5c-4467-a9ab-43634b46c1f6,2026-03-19,present,8,Via mestre
e3f24cc4-971c-4eac-97cf-64c766cd72ca,e29ef4e3-a2cd-4328-8cd5-5d17785f1a83,a83f0aec-4e5c-4467-a9ab-43634b46c1f6,2026-03-20,present,8,Via mestre
7a077bbe-7efa-4e76-aea3-d471de0e899e,f029e10a-9baf-4528-b950-2e10fb4d13ce,a83f0aec-4e5c-4467-a9ab-43634b46c1f6,2026-03-23,present,8,Via mestre
cc5c97eb-46e5-45bd-b5b9-ca63d0a75061,b8da2a0d-01f4-40e4-823f-d0e64c0d5a85,a83f0aec-4e5c-4467-a9ab-43634b46c1f6,2026-03-10,present,8,Viale monastir
45d1ab8f-9bf8-4e8b-a6da-f560e8b2f725,a78a69df-18f8-45b2-866f-214377a09e87,a83f0aec-4e5c-4467-a9ab-43634b46c1f6,2026-03-10,present,8,Via mestre
01b1fa9c-a400-43c9-9cf6-b71d301111ed,a78a69df-18f8-45b2-866f-214377a09e87,a83f0aec-4e5c-4467-a9ab-43634b46c1f6,2026-03-16,present,8,Via mestre
37c3d4b4-2ac2-4c53-8d61-ca8134fa74f7,a78a69df-18f8-45b2-866f-214377a09e87,a83f0aec-4e5c-4467-a9ab-43634b46c1f6,2026-03-18,present,8,Via mestre
141c6e10-119f-4af6-a67d-479ae17fb354,a78a69df-18f8-45b2-866f-214377a09e87,a83f0aec-4e5c-4467-a9ab-43634b46c1f6,2026-03-20,present,8,Via mestre
52fbe209-aa0b-413c-a28f-ea06c9b52878,ed17502d-bd6a-418e-a321-b5c13b8979eb,a83f0aec-4e5c-4467-a9ab-43634b46c1f6,2026-03-10,present,8,Via mestre
e82644e9-e9e5-4fdd-9d12-e3ba09f2abc3,ed17502d-bd6a-418e-a321-b5c13b8979eb,a83f0aec-4e5c-4467-a9ab-43634b46c1f6,2026-03-11,present,8,Via mestre
2a3e6e43-e6ca-4e83-b008-6c10e374e12f,ed17502d-bd6a-418e-a321-b5c13b8979eb,a83f0aec-4e5c-4467-a9ab-43634b46c1f6,2026-03-12,present,8,Via mestre
7ba85e17-6636-4717-82dc-f0e54709efd2,ed17502d-bd6a-418e-a321-b5c13b8979eb,a83f0aec-4e5c-4467-a9ab-43634b46c1f6,2026-03-13,present,8,Via mestre
1a50031d-0368-4f84-b434-93df20551b0e,ed17502d-bd6a-418e-a321-b5c13b8979eb,a83f0aec-4e5c-4467-a9ab-43634b46c1f6,2026-03-16,present,8,Via mestre
edc9c054-6f37-4bf1-b62a-f431f7351355,ed17502d-bd6a-418e-a321-b5c13b8979eb,a83f0aec-4e5c-4467-a9ab-43634b46c1f6,2026-03-17,present,8,Via mestre
e39b48ba-97b3-4ef4-9790-ba0b16fb5fae,ed17502d-bd6a-418e-a321-b5c13b8979eb,a83f0aec-4e5c-4467-a9ab-43634b46c1f6,2026-03-18,present,8,Via mestre
74cbca46-b258-48d3-81a1-3fad6d671d67,ed17502d-bd6a-418e-a321-b5c13b8979eb,a83f0aec-4e5c-4467-a9ab-43634b46c1f6,2026-03-19,present,8,Via mestre
27afc0f2-831f-4d2b-b1be-e0925b61a5ae,ed17502d-bd6a-418e-a321-b5c13b8979eb,a83f0aec-4e5c-4467-a9ab-43634b46c1f6,2026-03-20,present,8,Via mestre
07f9d498-57a7-44ed-a016-05f476f2651f,e29ef4e3-a2cd-4328-8cd5-5d17785f1a83,a83f0aec-4e5c-4467-a9ab-43634b46c1f6,2026-03-10,present,8,Via mestre
c9e1391d-a5f3-4b93-b1a0-df751618fb83,e29ef4e3-a2cd-4328-8cd5-5d17785f1a83,a83f0aec-4e5c-4467-a9ab-43634b46c1f6,2026-03-11,present,8,Via mestre
ac558154-a9a3-4dd8-a65b-c0a228d6e3f8,e29ef4e3-a2cd-4328-8cd5-5d17785f1a83,a83f0aec-4e5c-4467-a9ab-43634b46c1f6,2026-03-12,present,8,Via mestre
75e451a9-bf61-41ed-b677-6180958c3ec1,e29ef4e3-a2cd-4328-8cd5-5d17785f1a83,a83f0aec-4e5c-4467-a9ab-43634b46c1f6,2026-03-13,present,8,Via mestre
bb6a843c-8f3a-4d4e-9f09-23ab522c6a8a,e29ef4e3-a2cd-4328-8cd5-5d17785f1a83,a83f0aec-4e5c-4467-a9ab-43634b46c1f6,2026-03-16,present,8,Via mestre
b29a82a9-6a9a-424e-bc48-bae5daa0fe0f,b8da2a0d-01f4-40e4-823f-d0e64c0d5a85,a83f0aec-4e5c-4467-a9ab-43634b46c1f6,2026-03-11,present,8,Viale monastir
0396ff09-bbc3-46a0-8590-94bd9df5e1e6,e29ef4e3-a2cd-4328-8cd5-5d17785f1a83,a83f0aec-4e5c-4467-a9ab-43634b46c1f6,2026-03-17,present,8,Via mestre
fda1b89c-5e1f-4ad1-b73f-bdebb05d0c28,b8da2a0d-01f4-40e4-823f-d0e64c0d5a85,a83f0aec-4e5c-4467-a9ab-43634b46c1f6,2026-03-12,present,8,Viale monastir
4d3d9ac1-dd0a-4d07-b49e-f81e1f86c0a2,b8da2a0d-01f4-40e4-823f-d0e64c0d5a85,a83f0aec-4e5c-4467-a9ab-43634b46c1f6,2026-03-13,present,8,Viale monastir
7f6614db-13b4-4e37-9154-2562a3c01e37,b8da2a0d-01f4-40e4-823f-d0e64c0d5a85,a83f0aec-4e5c-4467-a9ab-43634b46c1f6,2026-03-14,holiday,0,""
11caa3fb-1836-4125-9a9d-7942694020d6,b8da2a0d-01f4-40e4-823f-d0e64c0d5a85,a83f0aec-4e5c-4467-a9ab-43634b46c1f6,2026-03-16,present,8,Viale monastir
51765f02-83bd-4c77-ba62-f16fe8f6b37c,b8da2a0d-01f4-40e4-823f-d0e64c0d5a85,a83f0aec-4e5c-4467-a9ab-43634b46c1f6,2026-03-17,present,8,Viale monastir
8210b966-7c78-447e-aea1-33f634340dbb,b8da2a0d-01f4-40e4-823f-d0e64c0d5a85,a83f0aec-4e5c-4467-a9ab-43634b46c1f6,2026-03-18,present,8,Viale monastir
1e1ee213-d9b7-4d26-9bca-de78c0d61f7a,b8da2a0d-01f4-40e4-823f-d0e64c0d5a85,a83f0aec-4e5c-4467-a9ab-43634b46c1f6,2026-03-19,present,8,Viale monastir
c129d34f-e98f-43fa-a572-2559481fddea,b8da2a0d-01f4-40e4-823f-d0e64c0d5a85,a83f0aec-4e5c-4467-a9ab-43634b46c1f6,2026-03-20,present,8,Viale monastir
bc298a0c-3017-4aa1-812f-238d4ad28bb0,55c515b0-f4e2-4b80-8d6f-e2755cb31866,a83f0aec-4e5c-4467-a9ab-43634b46c1f6,2026-03-10,present,8,Viale monastir
af059df0-1b0a-4377-b28a-cc3463d5605b,55c515b0-f4e2-4b80-8d6f-e2755cb31866,a83f0aec-4e5c-4467-a9ab-43634b46c1f6,2026-03-17,present,8,Viale monastir
1cf3b5ea-6394-4906-8c63-698a56c6d604,55c515b0-f4e2-4b80-8d6f-e2755cb31866,a83f0aec-4e5c-4467-a9ab-43634b46c1f6,2026-03-11,present,8,Viale monastir
6007b169-70b4-4a4f-bc51-daf828a28fdf,55c515b0-f4e2-4b80-8d6f-e2755cb31866,a83f0aec-4e5c-4467-a9ab-43634b46c1f6,2026-03-12,present,8,Viale monastir
20205678-b1ef-4e6b-8813-221014a83529,55c515b0-f4e2-4b80-8d6f-e2755cb31866,a83f0aec-4e5c-4467-a9ab-43634b46c1f6,2026-03-18,present,8,Viale monastir
70e859aa-eb92-437f-bd5e-e72ea76487c7,f029e10a-9baf-4528-b950-2e10fb4d13ce,a83f0aec-4e5c-4467-a9ab-43634b46c1f6,2026-04-20,present,8,Via dante
63a659d1-8db0-4694-a2f2-dadb75cc0bb8,55c515b0-f4e2-4b80-8d6f-e2755cb31866,a83f0aec-4e5c-4467-a9ab-43634b46c1f6,2026-03-19,present,8,Viale monastir
3d0179a5-2822-4fd1-94ec-1e0a03cb921d,55c515b0-f4e2-4b80-8d6f-e2755cb31866,a83f0aec-4e5c-4467-a9ab-43634b46c1f6,2026-03-20,present,8,Viale monastir
aecf47de-7f11-4d6a-8652-efd77a9b8f78,f029e10a-9baf-4528-b950-2e10fb4d13ce,a83f0aec-4e5c-4467-a9ab-43634b46c1f6,2026-04-27,present,8,Via dante
8e22eccc-897d-43c9-9d81-8dbdf9e693d1,a78a69df-18f8-45b2-866f-214377a09e87,a83f0aec-4e5c-4467-a9ab-43634b46c1f6,2026-04-17,present,8,Viale monastir
c6e8c2f6-0860-446f-8547-b20aea1e5596,ed17502d-bd6a-418e-a321-b5c13b8979eb,a83f0aec-4e5c-4467-a9ab-43634b46c1f6,2026-04-15,present,8,Via dante
12a4a309-2243-485c-9388-bf51abecbdc2,a78a69df-18f8-45b2-866f-214377a09e87,a83f0aec-4e5c-4467-a9ab-43634b46c1f6,2026-04-16,present,8,Viale monastir
d647d5a3-88ec-4b03-ac41-a2712fc3eb91,a78a69df-18f8-45b2-866f-214377a09e87,a83f0aec-4e5c-4467-a9ab-43634b46c1f6,2026-04-21,present,8,""
c874d94a-f951-47b3-a950-122029629939,a78a69df-18f8-45b2-866f-214377a09e87,a83f0aec-4e5c-4467-a9ab-43634b46c1f6,2026-04-23,present,8,""
0eb21732-7e75-4ae5-bc9b-4efb134b96dc,a78a69df-18f8-45b2-866f-214377a09e87,a83f0aec-4e5c-4467-a9ab-43634b46c1f6,2026-04-27,present,8,""
bedfed5f-b41f-4039-bf3f-f6f82f37b399,ed17502d-bd6a-418e-a321-b5c13b8979eb,a83f0aec-4e5c-4467-a9ab-43634b46c1f6,2026-04-20,present,8,""
6086271a-ca6f-4fd2-8ab4-f30a34cf44b7,ed17502d-bd6a-418e-a321-b5c13b8979eb,a83f0aec-4e5c-4467-a9ab-43634b46c1f6,2026-04-22,present,8,""
d4a59297-d519-4362-8917-2b32dfe4ed40,a78a69df-18f8-45b2-866f-214377a09e87,a83f0aec-4e5c-4467-a9ab-43634b46c1f6,2026-08-19,holiday,0,""
c4e1fbff-2c1f-47cf-a7c2-afb5c2c552ee,a335efe4-d86c-4f3f-a2a1-b4abc123d167,a83f0aec-4e5c-4467-a9ab-43634b46c1f6,2026-03-23,present,8,Via bottego
f9cfdf28-c085-4fb6-9a2f-5fe498150e76,cff16040-6983-48f2-b49c-1fa06f131879,a83f0aec-4e5c-4467-a9ab-43634b46c1f6,2026-03-13,present,8,Via giotto
77b52c12-7614-41be-9550-de1a1fa7ce02,cff16040-6983-48f2-b49c-1fa06f131879,a83f0aec-4e5c-4467-a9ab-43634b46c1f6,2026-03-23,present,8,Via giotto
9bbc90a7-c069-4b99-81cb-8202f4913f63,be17adcf-4219-4796-958f-51e2b5e0cf92,a83f0aec-4e5c-4467-a9ab-43634b46c1f6,2026-03-23,present,8,Via bottego
b945066b-dd8a-4138-8a95-ec03101b14c7,0dd64ca9-1964-46eb-8f97-a71315c8b1ed,a83f0aec-4e5c-4467-a9ab-43634b46c1f6,2026-03-23,present,8,Via copernico
454646f5-c652-479d-aeb7-eb40c7a1bb98,b667d9a9-f058-4fd7-90bf-62cdef8d5672,a83f0aec-4e5c-4467-a9ab-43634b46c1f6,2026-03-23,present,8,Via giotto
da093119-0b71-49b9-9c5d-c055a71685c3,07cba65e-e2f7-495c-8b24-2192173054a0,a83f0aec-4e5c-4467-a9ab-43634b46c1f6,2026-03-23,present,6,Via donoratico
3557aa13-7be9-4e9f-81c2-479d813ca8c2,f029e10a-9baf-4528-b950-2e10fb4d13ce,a83f0aec-4e5c-4467-a9ab-43634b46c1f6,2026-04-21,present,8,Via dante
7a6ff4bc-515a-45e9-89da-769446241423,2197b6fd-9cb2-4d34-8118-cf9f11b573d7,a83f0aec-4e5c-4467-a9ab-43634b46c1f6,2026-03-23,present,8,Via corte d'appello
f3211953-ff82-4618-b516-74470d4226d7,ed36110d-a2cf-4a88-91c7-0d23f758cd4c,a83f0aec-4e5c-4467-a9ab-43634b46c1f6,2026-03-23,present,6,Via corte d'appello
ae69fa91-6056-406a-a43b-0e91b4130da6,1c0f2692-e1e4-40fe-907e-6023010d5f19,a83f0aec-4e5c-4467-a9ab-43634b46c1f6,2026-03-23,present,4,Viale monastir
9fc1f6ec-7968-44ba-b2da-f0ccc669379b,a1126a85-fd22-4cb7-af46-19697bfc7079,a83f0aec-4e5c-4467-a9ab-43634b46c1f6,2026-05-06,present,8,Via giotto
891b5adc-ce6c-4450-a051-0dc900fa1d14,42b77da1-31e4-4197-88a5-2679c57fac56,a83f0aec-4e5c-4467-a9ab-43634b46c1f6,2026-03-23,present,8,Via donoratico
fe7af62f-8a20-476e-82b6-3fd0b0362a92,f029e10a-9baf-4528-b950-2e10fb4d13ce,a83f0aec-4e5c-4467-a9ab-43634b46c1f6,2026-04-22,present,8,Via dante
ad19bfb9-8502-4cf6-8be3-534560e81bf9,f029e10a-9baf-4528-b950-2e10fb4d13ce,a83f0aec-4e5c-4467-a9ab-43634b46c1f6,2026-04-23,present,8,Via dante
f970727e-8829-4a80-abe3-9df9988ed53b,f029e10a-9baf-4528-b950-2e10fb4d13ce,a83f0aec-4e5c-4467-a9ab-43634b46c1f6,2026-04-24,present,8,Via dante
132c8d3d-a4ff-428d-afd9-0b934d674dd4,a78a69df-18f8-45b2-866f-214377a09e87,a83f0aec-4e5c-4467-a9ab-43634b46c1f6,2026-04-15,present,8,Viale monastir
2e953075-8f1f-47aa-bc8d-0887eb8fe3c2,a78a69df-18f8-45b2-866f-214377a09e87,a83f0aec-4e5c-4467-a9ab-43634b46c1f6,2026-04-20,present,8,""
d13c11b4-899a-4c13-aa2a-1f0279ee52db,a78a69df-18f8-45b2-866f-214377a09e87,a83f0aec-4e5c-4467-a9ab-43634b46c1f6,2026-04-22,present,8,""
fbf801a0-e1b9-4d8e-8a43-cf84c6f3ea85,a78a69df-18f8-45b2-866f-214377a09e87,a83f0aec-4e5c-4467-a9ab-43634b46c1f6,2026-04-24,present,8,""
34e837b5-160b-4b63-a1f5-097a6c317cce,ed17502d-bd6a-418e-a321-b5c13b8979eb,a83f0aec-4e5c-4467-a9ab-43634b46c1f6,2026-04-17,present,8,Via dante
31063850-e746-41a0-a458-0655db048036,ed17502d-bd6a-418e-a321-b5c13b8979eb,a83f0aec-4e5c-4467-a9ab-43634b46c1f6,2026-04-21,present,8,""
eb3c454d-d72c-41d3-a52a-0cf0bf438112,ed17502d-bd6a-418e-a321-b5c13b8979eb,a83f0aec-4e5c-4467-a9ab-43634b46c1f6,2026-04-23,present,8,""
91f8f3dc-58ba-4e1b-b8a8-9a532791c325,ed17502d-bd6a-418e-a321-b5c13b8979eb,a83f0aec-4e5c-4467-a9ab-43634b46c1f6,2026-04-25,holiday,0,""
6bd67184-b576-4049-bd9c-76554e29b116,ed17502d-bd6a-418e-a321-b5c13b8979eb,a83f0aec-4e5c-4467-a9ab-43634b46c1f6,2026-04-27,present,8,""
4fc4eefa-70f4-4730-8a29-13b59142bf40,a1126a85-fd22-4cb7-af46-19697bfc7079,a83f0aec-4e5c-4467-a9ab-43634b46c1f6,2026-05-07,present,8,Via giotto
906c0440-27e3-4caa-89c7-1cda9aafd1fc,a1126a85-fd22-4cb7-af46-19697bfc7079,a83f0aec-4e5c-4467-a9ab-43634b46c1f6,2026-05-12,present,8,Via giotto
cd794d25-d94b-4649-9961-4058b211edff,a78a69df-18f8-45b2-866f-214377a09e87,a83f0aec-4e5c-4467-a9ab-43634b46c1f6,2026-08-20,holiday,0,""
289b7b3f-abca-4efa-aab7-9a10e65dfaf2,e29ef4e3-a2cd-4328-8cd5-5d17785f1a83,a83f0aec-4e5c-4467-a9ab-43634b46c1f6,2026-04-16,present,8,Via dante
10eaabfa-73c5-4afb-baf2-f19f3d5bda74,e29ef4e3-a2cd-4328-8cd5-5d17785f1a83,a83f0aec-4e5c-4467-a9ab-43634b46c1f6,2026-04-17,present,8,Via dante
f8a12ae8-aeb1-4c9e-9731-97d4c6d92641,e29ef4e3-a2cd-4328-8cd5-5d17785f1a83,a83f0aec-4e5c-4467-a9ab-43634b46c1f6,2026-04-20,present,8,""
9205addc-6164-4566-b528-e0fa0726498f,e29ef4e3-a2cd-4328-8cd5-5d17785f1a83,a83f0aec-4e5c-4467-a9ab-43634b46c1f6,2026-04-22,present,8,""
5a12e704-fb14-4ada-a7c6-12a8fa03f32a,b8da2a0d-01f4-40e4-823f-d0e64c0d5a85,a83f0aec-4e5c-4467-a9ab-43634b46c1f6,2026-04-15,present,8,Via dante
5ccc6ee5-d8ed-4620-aa81-2f76183d0d96,b8da2a0d-01f4-40e4-823f-d0e64c0d5a85,a83f0aec-4e5c-4467-a9ab-43634b46c1f6,2026-04-16,present,8,Via dante
2490d642-680e-4503-8d44-f63ccd327c30,a78a69df-18f8-45b2-866f-214377a09e87,a83f0aec-4e5c-4467-a9ab-43634b46c1f6,2026-08-21,holiday,0,""
5a967407-dad8-455b-a47a-d1a0c9120a3e,a78a69df-18f8-45b2-866f-214377a09e87,a83f0aec-4e5c-4467-a9ab-43634b46c1f6,2026-08-24,holiday,0,""
b525cea3-e1e0-47de-95d0-1ef32a9eb16a,b8da2a0d-01f4-40e4-823f-d0e64c0d5a85,a83f0aec-4e5c-4467-a9ab-43634b46c1f6,2026-04-17,present,8,Via dante
3b000c64-3bfb-4fdd-9816-d4991a0bf572,b8da2a0d-01f4-40e4-823f-d0e64c0d5a85,a83f0aec-4e5c-4467-a9ab-43634b46c1f6,2026-04-20,present,8,""
41e84d33-373d-4621-ac31-de116702c287,b8da2a0d-01f4-40e4-823f-d0e64c0d5a85,a83f0aec-4e5c-4467-a9ab-43634b46c1f6,2026-04-22,present,8,""
d47dc78c-6123-453d-87a0-5dca7ceec123,b8da2a0d-01f4-40e4-823f-d0e64c0d5a85,a83f0aec-4e5c-4467-a9ab-43634b46c1f6,2026-04-24,present,8,""
b4cbb96a-30c0-4fdb-9d8a-c3fc856f712e,55c515b0-f4e2-4b80-8d6f-e2755cb31866,a83f0aec-4e5c-4467-a9ab-43634b46c1f6,2026-04-16,present,8,Via dante
3e3ea8ef-6294-44df-8e0a-92c8c6cb9a92,55c515b0-f4e2-4b80-8d6f-e2755cb31866,a83f0aec-4e5c-4467-a9ab-43634b46c1f6,2026-04-20,present,8,""
793a43f2-2f67-4e1f-9bb9-9318f3757a66,55c515b0-f4e2-4b80-8d6f-e2755cb31866,a83f0aec-4e5c-4467-a9ab-43634b46c1f6,2026-04-21,present,8,""
c1705e9b-3d03-4a09-80a7-cee0b0d2de43,55c515b0-f4e2-4b80-8d6f-e2755cb31866,a83f0aec-4e5c-4467-a9ab-43634b46c1f6,2026-04-23,present,8,""
6fb67bd5-7895-42d7-9fb2-25d071eac669,55c515b0-f4e2-4b80-8d6f-e2755cb31866,a83f0aec-4e5c-4467-a9ab-43634b46c1f6,2026-04-27,present,8,""
4ad57e1f-e7b2-4f51-bd91-af69974082b9,a78a69df-18f8-45b2-866f-214377a09e87,a83f0aec-4e5c-4467-a9ab-43634b46c1f6,2026-04-28,present,8,""
901adb3a-544c-4655-9001-e768552519bd,a78a69df-18f8-45b2-866f-214377a09e87,a83f0aec-4e5c-4467-a9ab-43634b46c1f6,2026-08-25,holiday,0,""
bb6986d0-4a75-4032-8961-e164e1ff1da6,a78a69df-18f8-45b2-866f-214377a09e87,a83f0aec-4e5c-4467-a9ab-43634b46c1f6,2026-08-26,holiday,0,""
86404b6c-a7ac-4b0b-bb48-9ee2f9040bc8,cff16040-6983-48f2-b49c-1fa06f131879,a83f0aec-4e5c-4467-a9ab-43634b46c1f6,2026-06-12,present,8,via strauss
f4c31c73-0983-44a0-bb47-17e38b2bd22c,a78a69df-18f8-45b2-866f-214377a09e87,a83f0aec-4e5c-4467-a9ab-43634b46c1f6,2026-08-27,holiday,0,""
bae3e7e2-a61e-4a44-9a70-6cad7fb6be50,a78a69df-18f8-45b2-866f-214377a09e87,a83f0aec-4e5c-4467-a9ab-43634b46c1f6,2026-08-28,holiday,0,""
cb789a77-c97c-4160-974d-279258275e04,55c515b0-f4e2-4b80-8d6f-e2755cb31866,a83f0aec-4e5c-4467-a9ab-43634b46c1f6,2026-08-10,holiday,0,""
9d99f951-98aa-47c9-bf92-2edc44d559ff,55c515b0-f4e2-4b80-8d6f-e2755cb31866,a83f0aec-4e5c-4467-a9ab-43634b46c1f6,2026-08-11,holiday,0,""
b5e4920e-a395-416c-be3b-78a85cb0f7fd,55c515b0-f4e2-4b80-8d6f-e2755cb31866,a83f0aec-4e5c-4467-a9ab-43634b46c1f6,2026-08-12,holiday,0,""
c2879775-16fc-42a0-8907-968643f42b3d,55c515b0-f4e2-4b80-8d6f-e2755cb31866,a83f0aec-4e5c-4467-a9ab-43634b46c1f6,2026-08-13,holiday,0,""
e9ae379d-5ec5-40fe-a8f2-b0df5458431e,55c515b0-f4e2-4b80-8d6f-e2755cb31866,a83f0aec-4e5c-4467-a9ab-43634b46c1f6,2026-08-14,holiday,0,""
dab86ce1-802e-405b-ba7b-08fca1922659,55c515b0-f4e2-4b80-8d6f-e2755cb31866,a83f0aec-4e5c-4467-a9ab-43634b46c1f6,2026-08-17,holiday,0,""
ba92b8f5-e7cc-4336-a4e6-a6eb7e1a652e,0dd64ca9-1964-46eb-8f97-a71315c8b1ed,a83f0aec-4e5c-4467-a9ab-43634b46c1f6,2026-06-18,present,8,Via giotto
1dbd71e6-6c8b-404f-8654-27f944c2d3c6,0dd64ca9-1964-46eb-8f97-a71315c8b1ed,a83f0aec-4e5c-4467-a9ab-43634b46c1f6,2026-06-08,present,8,Via giotto
76cac8b2-1371-476d-a1cb-147c0c91b2ad,cff16040-6983-48f2-b49c-1fa06f131879,a83f0aec-4e5c-4467-a9ab-43634b46c1f6,2026-06-22,present,8,via strauss
55de9de9-b424-49ef-8568-65e5d064df9a,0dd64ca9-1964-46eb-8f97-a71315c8b1ed,a83f0aec-4e5c-4467-a9ab-43634b46c1f6,2026-06-12,present,8,Via giotto
77355e25-981e-461d-a827-4a9333e9d71c,cff16040-6983-48f2-b49c-1fa06f131879,a83f0aec-4e5c-4467-a9ab-43634b46c1f6,2026-06-09,present,8,via strauss
d8c844f6-3395-4240-b4b6-90e56b2f5fc8,cff16040-6983-48f2-b49c-1fa06f131879,a83f0aec-4e5c-4467-a9ab-43634b46c1f6,2026-06-25,present,8,via strauss
776ed0cc-6988-438f-a388-0f46b150000c,0dd64ca9-1964-46eb-8f97-a71315c8b1ed,a83f0aec-4e5c-4467-a9ab-43634b46c1f6,2026-06-29,present,8,Via giotto
50aedc3d-5c43-4a5b-b7bd-666ec3a0b5c9,0dd64ca9-1964-46eb-8f97-a71315c8b1ed,a83f0aec-4e5c-4467-a9ab-43634b46c1f6,2026-06-15,present,8,Via giotto
d11ccbfa-9957-4ae1-aea9-d47713b1d815,0dd64ca9-1964-46eb-8f97-a71315c8b1ed,a83f0aec-4e5c-4467-a9ab-43634b46c1f6,2026-06-16,present,8,Via giotto
28d54d4d-9918-4ff9-b447-258d8180f52c,0dd64ca9-1964-46eb-8f97-a71315c8b1ed,a83f0aec-4e5c-4467-a9ab-43634b46c1f6,2026-06-30,present,8,Via giotto
3a8c4d8a-55af-4680-98a6-9c63f231755e,b667d9a9-f058-4fd7-90bf-62cdef8d5672,a83f0aec-4e5c-4467-a9ab-43634b46c1f6,2026-06-01,present,8,Via copernico
274de01c-9bdd-4cd1-9049-f7a2e8778af8,b667d9a9-f058-4fd7-90bf-62cdef8d5672,a83f0aec-4e5c-4467-a9ab-43634b46c1f6,2026-06-03,present,8,Via copernico
0e1095dd-c070-4b40-aa50-aca456c648c7,b667d9a9-f058-4fd7-90bf-62cdef8d5672,a83f0aec-4e5c-4467-a9ab-43634b46c1f6,2026-06-04,present,8,Via copernico
736a962b-b4a5-4fd4-aa2f-b63b1f0da600,b667d9a9-f058-4fd7-90bf-62cdef8d5672,a83f0aec-4e5c-4467-a9ab-43634b46c1f6,2026-06-05,present,8,Via copernico
d048f2ca-06b6-4d2d-9aef-ded38f308383,b667d9a9-f058-4fd7-90bf-62cdef8d5672,a83f0aec-4e5c-4467-a9ab-43634b46c1f6,2026-06-08,present,8,Via copernico
14c3801b-f77b-4efc-9394-d80ef3e4a018,b667d9a9-f058-4fd7-90bf-62cdef8d5672,a83f0aec-4e5c-4467-a9ab-43634b46c1f6,2026-06-09,present,8,Via copernico
4e378e80-0a20-4f56-8f80-2ab824de3a17,b667d9a9-f058-4fd7-90bf-62cdef8d5672,a83f0aec-4e5c-4467-a9ab-43634b46c1f6,2026-06-18,present,8,Via copernico
771a44b5-a3ad-4e8d-bc1b-8fc61b45f1c3,b667d9a9-f058-4fd7-90bf-62cdef8d5672,a83f0aec-4e5c-4467-a9ab-43634b46c1f6,2026-06-10,present,8,Via copernico
2a163391-353b-453c-b6e5-997c7a01770d,b667d9a9-f058-4fd7-90bf-62cdef8d5672,a83f0aec-4e5c-4467-a9ab-43634b46c1f6,2026-06-22,present,8,Via copernico
8a7f4d73-8094-433f-81a7-44050386cd8c,b667d9a9-f058-4fd7-90bf-62cdef8d5672,a83f0aec-4e5c-4467-a9ab-43634b46c1f6,2026-06-25,present,8,Via copernico
a5f8372f-22d8-45af-9952-1be02292c9bd,cff16040-6983-48f2-b49c-1fa06f131879,a83f0aec-4e5c-4467-a9ab-43634b46c1f6,2026-06-11,present,8,via strauss
f3203956-08d2-43ef-a0a9-236cc298565b,b8da2a0d-01f4-40e4-823f-d0e64c0d5a85,a83f0aec-4e5c-4467-a9ab-43634b46c1f6,2026-03-25,present,8,Viale monastir
65e83143-fa0e-421e-afff-c144d856c5ee,2f76e93b-41a3-4e8b-8741-8b3e03d8db85,a83f0aec-4e5c-4467-a9ab-43634b46c1f6,2026-03-23,present,6,Via corte d'appello
43819575-cd62-4022-ba82-2901d6973a5b,55c515b0-f4e2-4b80-8d6f-e2755cb31866,a83f0aec-4e5c-4467-a9ab-43634b46c1f6,2026-08-18,holiday,0,""
69060304-944e-4012-a38f-cfe3edbaf1ba,55c515b0-f4e2-4b80-8d6f-e2755cb31866,a83f0aec-4e5c-4467-a9ab-43634b46c1f6,2026-08-19,holiday,0,""
381fcd3c-3f0e-467c-96b3-448fed59e50a,bd23f301-51a8-4e05-a640-c66306e27ef6,a83f0aec-4e5c-4467-a9ab-43634b46c1f6,2026-03-23,present,8,Viale monastir
cb28ca66-be3e-4f3c-936f-e138ba144d5b,55c515b0-f4e2-4b80-8d6f-e2755cb31866,a83f0aec-4e5c-4467-a9ab-43634b46c1f6,2026-03-24,present,8,Viale monastir
3fe03acd-5d5c-4be8-b1c5-1b5cda9a0ec3,0af3ee03-5ad8-4726-81bb-ba490b621682,a83f0aec-4e5c-4467-a9ab-43634b46c1f6,2026-03-23,present,6,Via mestre
8757f5b6-a43f-4904-925d-5af7e24e14cc,a78a69df-18f8-45b2-866f-214377a09e87,a83f0aec-4e5c-4467-a9ab-43634b46c1f6,2026-03-23,present,6,Via mestre
1331babe-9e7b-4204-aed3-25290531e51c,55c515b0-f4e2-4b80-8d6f-e2755cb31866,a83f0aec-4e5c-4467-a9ab-43634b46c1f6,2026-03-25,present,8,Viale monastir
f5e8a084-a5f0-411d-96db-d15f6f897940,ed17502d-bd6a-418e-a321-b5c13b8979eb,a83f0aec-4e5c-4467-a9ab-43634b46c1f6,2026-03-23,present,8,Via mestre
d40cfaaa-a08a-4c22-9083-fcd309fa29a9,ed17502d-bd6a-418e-a321-b5c13b8979eb,a83f0aec-4e5c-4467-a9ab-43634b46c1f6,2026-04-24,present,8,""
edac6513-2b46-41d0-bc1f-20b205d1e9b9,ed17502d-bd6a-418e-a321-b5c13b8979eb,a83f0aec-4e5c-4467-a9ab-43634b46c1f6,2026-03-24,present,5,Via mestre
7e683290-9799-4836-b21e-3879f4a58970,e29ef4e3-a2cd-4328-8cd5-5d17785f1a83,a83f0aec-4e5c-4467-a9ab-43634b46c1f6,2026-03-23,present,6,Via mestre
2dc1a5de-1cb5-4104-8dad-959b7efb04aa,b8da2a0d-01f4-40e4-823f-d0e64c0d5a85,a83f0aec-4e5c-4467-a9ab-43634b46c1f6,2026-03-23,present,8,Viale monastir
b271305e-0c56-49ef-ba51-c44b6f92557b,e29ef4e3-a2cd-4328-8cd5-5d17785f1a83,a83f0aec-4e5c-4467-a9ab-43634b46c1f6,2026-04-15,present,8,Via dante
27fc7f97-fa92-48ab-b82a-8471a63386d0,55c515b0-f4e2-4b80-8d6f-e2755cb31866,a83f0aec-4e5c-4467-a9ab-43634b46c1f6,2026-03-23,present,6,Viale monastir
786178fd-2d63-4c8e-99d6-fc561a121960,e29ef4e3-a2cd-4328-8cd5-5d17785f1a83,a83f0aec-4e5c-4467-a9ab-43634b46c1f6,2026-04-21,present,8,""
b67dbcc3-317c-48e3-8c09-fae015839b57,e29ef4e3-a2cd-4328-8cd5-5d17785f1a83,a83f0aec-4e5c-4467-a9ab-43634b46c1f6,2026-04-23,present,8,""
f73e500b-5943-44c7-921b-98cc3092f149,1c0f2692-e1e4-40fe-907e-6023010d5f19,a83f0aec-4e5c-4467-a9ab-43634b46c1f6,2026-03-24,present,4,Viale monastir
22abc559-28ee-4401-88b8-e4949b5d64af,a335efe4-d86c-4f3f-a2a1-b4abc123d167,a83f0aec-4e5c-4467-a9ab-43634b46c1f6,2026-03-24,present,8,Via bottego
13b43b99-5610-461d-bb82-60cda400ec25,1c0f2692-e1e4-40fe-907e-6023010d5f19,a83f0aec-4e5c-4467-a9ab-43634b46c1f6,2026-03-25,present,4,Viale monastir
7cce1725-a58b-45a2-b739-eaeb02dd80c4,bd23f301-51a8-4e05-a640-c66306e27ef6,a83f0aec-4e5c-4467-a9ab-43634b46c1f6,2026-03-24,present,8,Viale monastir
f98fb188-76d3-43ab-87b6-443219be3cab,bd23f301-51a8-4e05-a640-c66306e27ef6,a83f0aec-4e5c-4467-a9ab-43634b46c1f6,2026-03-25,present,8,Viale monastir
43b57dcc-a196-4b40-9741-8a026bd883fc,0af3ee03-5ad8-4726-81bb-ba490b621682,a83f0aec-4e5c-4467-a9ab-43634b46c1f6,2026-03-24,present,8,Via mestre
d1958234-5012-434a-be27-11c399d980b5,0af3ee03-5ad8-4726-81bb-ba490b621682,a83f0aec-4e5c-4467-a9ab-43634b46c1f6,2026-03-25,present,8,Via mestre
c20aaa40-427a-4541-a163-a66557d91e5e,a1126a85-fd22-4cb7-af46-19697bfc7079,a83f0aec-4e5c-4467-a9ab-43634b46c1f6,2026-05-13,present,8,Via giotto
b6dc1102-1406-402e-bfe5-e12aed8faefd,55c515b0-f4e2-4b80-8d6f-e2755cb31866,a83f0aec-4e5c-4467-a9ab-43634b46c1f6,2026-08-20,holiday,0,""
426a09a5-2268-48b7-9a84-e89d87cbdd4e,55c515b0-f4e2-4b80-8d6f-e2755cb31866,a83f0aec-4e5c-4467-a9ab-43634b46c1f6,2026-08-21,holiday,0,""
8144a03d-147f-4299-be70-42a8b4045f58,f029e10a-9baf-4528-b950-2e10fb4d13ce,a83f0aec-4e5c-4467-a9ab-43634b46c1f6,2026-03-24,present,8,Via mestre
04eda6c0-a5b6-4b44-bc47-a004bfebfceb,f029e10a-9baf-4528-b950-2e10fb4d13ce,a83f0aec-4e5c-4467-a9ab-43634b46c1f6,2026-03-25,present,8,Via mestre
5b8e01df-0342-4b48-a5d4-5e914ff8f2f5,a78a69df-18f8-45b2-866f-214377a09e87,a83f0aec-4e5c-4467-a9ab-43634b46c1f6,2026-03-24,present,8,Via mestre
56fd2d52-1deb-4e09-b856-cf20a5ef12ce,a78a69df-18f8-45b2-866f-214377a09e87,a83f0aec-4e5c-4467-a9ab-43634b46c1f6,2026-03-25,present,8,Via mestre
bd3414bb-0791-41d8-8a7b-a72207067fce,ed17502d-bd6a-418e-a321-b5c13b8979eb,a83f0aec-4e5c-4467-a9ab-43634b46c1f6,2026-03-25,present,8,Via mestre
d0722caa-faee-4705-8da7-19f9bb30b990,e29ef4e3-a2cd-4328-8cd5-5d17785f1a83,a83f0aec-4e5c-4467-a9ab-43634b46c1f6,2026-03-24,present,8,Via mestre
88029828-9dc8-4c76-8827-0bd7ed92a3c4,e29ef4e3-a2cd-4328-8cd5-5d17785f1a83,a83f0aec-4e5c-4467-a9ab-43634b46c1f6,2026-03-25,present,8,Via mestre
777f7b39-135c-4b40-9cab-435d3d3063da,b8da2a0d-01f4-40e4-823f-d0e64c0d5a85,a83f0aec-4e5c-4467-a9ab-43634b46c1f6,2026-03-24,present,8,Viale monastir
c2986f77-55e7-4620-8550-abb70aa1da9a,a335efe4-d86c-4f3f-a2a1-b4abc123d167,a83f0aec-4e5c-4467-a9ab-43634b46c1f6,2026-03-25,present,8,Via bottego
d4f3de10-c47d-4355-89e3-abe581ea8c60,cff16040-6983-48f2-b49c-1fa06f131879,a83f0aec-4e5c-4467-a9ab-43634b46c1f6,2026-03-24,present,8,Via giotto
e98dfb59-87ae-4e81-89a4-61b12e7370d3,cff16040-6983-48f2-b49c-1fa06f131879,a83f0aec-4e5c-4467-a9ab-43634b46c1f6,2026-03-25,present,8,Via giotto
5863a6c8-e1cb-472d-b5d8-2681d88a2387,42b77da1-31e4-4197-88a5-2679c57fac56,a83f0aec-4e5c-4467-a9ab-43634b46c1f6,2026-03-24,present,8,Via donoratico
3739a27d-2f40-42ad-ba8c-838beded0e64,0dd64ca9-1964-46eb-8f97-a71315c8b1ed,a83f0aec-4e5c-4467-a9ab-43634b46c1f6,2026-03-24,present,8,Via copernico
4f0f5de8-e7e4-4456-885f-ae58c051a5c1,0dd64ca9-1964-46eb-8f97-a71315c8b1ed,a83f0aec-4e5c-4467-a9ab-43634b46c1f6,2026-03-25,present,8,Via copernico
1fb4cc95-7a6a-4ef1-a272-924773617839,b667d9a9-f058-4fd7-90bf-62cdef8d5672,a83f0aec-4e5c-4467-a9ab-43634b46c1f6,2026-03-24,present,8,Via giotto
38463a02-f3e4-4501-b6d9-a3207102a338,b667d9a9-f058-4fd7-90bf-62cdef8d5672,a83f0aec-4e5c-4467-a9ab-43634b46c1f6,2026-03-25,present,8,Via giotto
9fd4bfdc-cb09-44fb-9559-8e7ad166d62f,07cba65e-e2f7-495c-8b24-2192173054a0,a83f0aec-4e5c-4467-a9ab-43634b46c1f6,2026-03-24,present,8,Via donoratico
d0ca12a2-f485-4055-9d8b-1bf0f4910dcc,07cba65e-e2f7-495c-8b24-2192173054a0,a83f0aec-4e5c-4467-a9ab-43634b46c1f6,2026-03-25,present,8,Via donoratico
631d07d0-63cb-4805-8cf7-b0f3156aea74,be17adcf-4219-4796-958f-51e2b5e0cf92,a83f0aec-4e5c-4467-a9ab-43634b46c1f6,2026-03-24,present,8,Via bottego
3322cc1c-2dab-4718-a633-67431c0cd0bd,be17adcf-4219-4796-958f-51e2b5e0cf92,a83f0aec-4e5c-4467-a9ab-43634b46c1f6,2026-03-25,present,8,Via bottego
b3623a3a-fef3-4e66-8013-930dd8ece540,42b77da1-31e4-4197-88a5-2679c57fac56,a83f0aec-4e5c-4467-a9ab-43634b46c1f6,2026-03-25,present,8,Via donoratico
9480a064-b59d-4dfc-986d-b569838c45a4,2f76e93b-41a3-4e8b-8741-8b3e03d8db85,a83f0aec-4e5c-4467-a9ab-43634b46c1f6,2026-03-24,present,8,Via corte d'appello
726f1041-6007-4b27-8325-5cee7a5b75ca,2f76e93b-41a3-4e8b-8741-8b3e03d8db85,a83f0aec-4e5c-4467-a9ab-43634b46c1f6,2026-03-25,present,8,Via corte d'appello
6dd420f3-24f1-4b4a-b2ee-343acbe13fd7,2197b6fd-9cb2-4d34-8118-cf9f11b573d7,a83f0aec-4e5c-4467-a9ab-43634b46c1f6,2026-03-24,present,8,Via corte d'appello
cd8af68a-c5b5-4a44-a8d8-1b749b163ebf,2197b6fd-9cb2-4d34-8118-cf9f11b573d7,a83f0aec-4e5c-4467-a9ab-43634b46c1f6,2026-03-25,present,8,Via corte d'appello
c0cdbe77-be59-426a-a012-c1a01cccb395,55c515b0-f4e2-4b80-8d6f-e2755cb31866,a83f0aec-4e5c-4467-a9ab-43634b46c1f6,2026-08-24,holiday,0,""
7b6e6d62-10e9-4952-8bc0-f800353fa7d9,ed36110d-a2cf-4a88-91c7-0d23f758cd4c,a83f0aec-4e5c-4467-a9ab-43634b46c1f6,2026-03-24,present,6,Via corte d'appello
39ace0c2-5e6f-4d6c-893e-519158e303c5,a335efe4-d86c-4f3f-a2a1-b4abc123d167,a83f0aec-4e5c-4467-a9ab-43634b46c1f6,2026-03-26,present,8,Via bottego
4f72963f-9c0a-4a01-8f43-4f40049c0381,cff16040-6983-48f2-b49c-1fa06f131879,a83f0aec-4e5c-4467-a9ab-43634b46c1f6,2026-03-27,present,8,Via giotto
1088ed9f-44a7-4d53-a4c7-660cb6f53773,a335efe4-d86c-4f3f-a2a1-b4abc123d167,a83f0aec-4e5c-4467-a9ab-43634b46c1f6,2026-03-27,present,5,Via bottego
12fe8d22-7d12-4cbf-a412-9616bcd0b381,cff16040-6983-48f2-b49c-1fa06f131879,a83f0aec-4e5c-4467-a9ab-43634b46c1f6,2026-03-26,present,8,Via giotto
ed046a76-f99d-4ec7-b7c2-8361e052f164,0dd64ca9-1964-46eb-8f97-a71315c8b1ed,a83f0aec-4e5c-4467-a9ab-43634b46c1f6,2026-03-26,present,8,Via copernico
f65e2d2a-0b54-44be-a45f-8c989d0d8077,0dd64ca9-1964-46eb-8f97-a71315c8b1ed,a83f0aec-4e5c-4467-a9ab-43634b46c1f6,2026-03-27,present,8,Via copernico
aa720183-3ef3-4259-9b2c-e5bdf20451bb,b667d9a9-f058-4fd7-90bf-62cdef8d5672,a83f0aec-4e5c-4467-a9ab-43634b46c1f6,2026-03-27,present,8,Via giotto
d1634cd4-f086-4140-9c1d-8264e34dc77a,b667d9a9-f058-4fd7-90bf-62cdef8d5672,a83f0aec-4e5c-4467-a9ab-43634b46c1f6,2026-03-26,present,8,Via giotto
dff79343-9151-49e0-98b3-6ebad3373628,07cba65e-e2f7-495c-8b24-2192173054a0,a83f0aec-4e5c-4467-a9ab-43634b46c1f6,2026-03-26,present,8,Via donoratico
a1f2a2fb-d602-4698-9db4-dcad2dc71495,be17adcf-4219-4796-958f-51e2b5e0cf92,a83f0aec-4e5c-4467-a9ab-43634b46c1f6,2026-03-26,present,8,Via bottego
180e863a-d9c0-4d42-96dc-5aec7ceed9ad,07cba65e-e2f7-495c-8b24-2192173054a0,a83f0aec-4e5c-4467-a9ab-43634b46c1f6,2026-03-27,present,5,Via donoratico
44b439d4-bc39-47ae-8dcf-8e6e8e81cb3d,ed36110d-a2cf-4a88-91c7-0d23f758cd4c,a83f0aec-4e5c-4467-a9ab-43634b46c1f6,2026-03-25,present,6,Via corte d'appello
119d4ee4-b1c6-47ce-9166-c689b8e05c7c,be17adcf-4219-4796-958f-51e2b5e0cf92,a83f0aec-4e5c-4467-a9ab-43634b46c1f6,2026-03-27,present,5,Via bottego
f909e089-7bfc-4540-9719-b169c5a1e41a,42b77da1-31e4-4197-88a5-2679c57fac56,a83f0aec-4e5c-4467-a9ab-43634b46c1f6,2026-03-26,present,8,Via donoratico
3a84e462-af9b-4d8e-b6ee-bdb8d0d67a0a,e29ef4e3-a2cd-4328-8cd5-5d17785f1a83,a83f0aec-4e5c-4467-a9ab-43634b46c1f6,2026-04-24,present,8,""
7dfe8259-d91d-4820-b4f3-e4ed1271f4f9,e29ef4e3-a2cd-4328-8cd5-5d17785f1a83,a83f0aec-4e5c-4467-a9ab-43634b46c1f6,2026-04-27,present,8,""
c73de346-4143-4824-acc5-4939322c29e3,ed36110d-a2cf-4a88-91c7-0d23f758cd4c,a83f0aec-4e5c-4467-a9ab-43634b46c1f6,2026-03-26,present,6,Via corte d'appello
fd2d7472-60dc-44d8-b5ad-c55af591b42d,42b77da1-31e4-4197-88a5-2679c57fac56,a83f0aec-4e5c-4467-a9ab-43634b46c1f6,2026-03-27,present,8,Via donoratico
dbaae24c-64c9-4970-b5d9-605588e38de8,b8da2a0d-01f4-40e4-823f-d0e64c0d5a85,a83f0aec-4e5c-4467-a9ab-43634b46c1f6,2026-04-21,present,8,""
6a027256-1483-475b-b336-ee3acc37ca1f,b8da2a0d-01f4-40e4-823f-d0e64c0d5a85,a83f0aec-4e5c-4467-a9ab-43634b46c1f6,2026-04-23,present,8,""
2dbab3be-ba3f-4ac8-8a15-5401213b51f8,b8da2a0d-01f4-40e4-823f-d0e64c0d5a85,a83f0aec-4e5c-4467-a9ab-43634b46c1f6,2026-04-27,present,8,""
79ce83f6-41d7-41c7-a3ea-9957a3627caa,55c515b0-f4e2-4b80-8d6f-e2755cb31866,a83f0aec-4e5c-4467-a9ab-43634b46c1f6,2026-04-15,present,8,Via dante
22788295-a268-418d-84b4-2af946a04214,55c515b0-f4e2-4b80-8d6f-e2755cb31866,a83f0aec-4e5c-4467-a9ab-43634b46c1f6,2026-04-17,present,8,Via dante
4a2c6400-1884-44fe-80a7-2e6a337534f0,55c515b0-f4e2-4b80-8d6f-e2755cb31866,a83f0aec-4e5c-4467-a9ab-43634b46c1f6,2026-04-22,present,8,""
e49e0b88-7845-46e0-9846-c8e081842750,55c515b0-f4e2-4b80-8d6f-e2755cb31866,a83f0aec-4e5c-4467-a9ab-43634b46c1f6,2026-04-24,present,8,""
c1277b2f-1b29-49b4-90b7-d26dba289024,a1126a85-fd22-4cb7-af46-19697bfc7079,a83f0aec-4e5c-4467-a9ab-43634b46c1f6,2026-05-14,present,8,Via giotto
800f6be6-4d69-44dc-8c63-cf2d412cfd7f,a1126a85-fd22-4cb7-af46-19697bfc7079,a83f0aec-4e5c-4467-a9ab-43634b46c1f6,2026-05-15,present,8,Via giotto
dc4aa209-9715-4f09-8a49-64680720178c,a1126a85-fd22-4cb7-af46-19697bfc7079,a83f0aec-4e5c-4467-a9ab-43634b46c1f6,2026-05-18,present,8,Via giotto
0a9513d3-6e70-465f-8d30-27e606209bbb,a1126a85-fd22-4cb7-af46-19697bfc7079,a83f0aec-4e5c-4467-a9ab-43634b46c1f6,2026-05-20,present,8,Via giotto
1fe6c3cb-78d7-4b4f-8d75-0954345d300d,a1126a85-fd22-4cb7-af46-19697bfc7079,a83f0aec-4e5c-4467-a9ab-43634b46c1f6,2026-05-21,present,8,Via giotto
d54cb122-81c7-43d9-ae2a-a39bcb6bb1bf,a1126a85-fd22-4cb7-af46-19697bfc7079,a83f0aec-4e5c-4467-a9ab-43634b46c1f6,2026-05-28,present,8,Via giotto
98c389b9-2cfb-4d01-ab13-49cc5a2e9570,55c515b0-f4e2-4b80-8d6f-e2755cb31866,a83f0aec-4e5c-4467-a9ab-43634b46c1f6,2026-08-25,holiday,0,""
6b9ca745-a665-48a6-b2df-b2d648fbd3fb,55c515b0-f4e2-4b80-8d6f-e2755cb31866,a83f0aec-4e5c-4467-a9ab-43634b46c1f6,2026-08-26,holiday,0,""
aecdef1a-d1be-4559-b808-985a0183ed6c,55c515b0-f4e2-4b80-8d6f-e2755cb31866,a83f0aec-4e5c-4467-a9ab-43634b46c1f6,2026-08-27,holiday,0,""
c4c6795f-1b65-4743-a1b2-dfc0324f7c12,07cba65e-e2f7-495c-8b24-2192173054a0,a83f0aec-4e5c-4467-a9ab-43634b46c1f6,2026-06-08,present,8,Via copernico
1b3f9cbc-5aaf-461e-8391-3ea177e1884b,55c515b0-f4e2-4b80-8d6f-e2755cb31866,a83f0aec-4e5c-4467-a9ab-43634b46c1f6,2026-08-28,holiday,0,""
3630977d-2317-4a80-a948-f139aaaf4ccf,845c647c-e807-4025-b13a-608280392d8d,a83f0aec-4e5c-4467-a9ab-43634b46c1f6,2026-08-07,present,8,Via mandrolisai
47af6353-92ce-4c67-a22c-6f5edb803ad1,845c647c-e807-4025-b13a-608280392d8d,a83f0aec-4e5c-4467-a9ab-43634b46c1f6,2026-08-06,present,8,Via mandrolisai
4bc1500c-8904-4dfa-82c8-c082a7f4b703,845c647c-e807-4025-b13a-608280392d8d,a83f0aec-4e5c-4467-a9ab-43634b46c1f6,2026-08-10,holiday,0,""
65b6426f-01d6-4d21-8af7-900815ce5029,845c647c-e807-4025-b13a-608280392d8d,a83f0aec-4e5c-4467-a9ab-43634b46c1f6,2026-08-11,holiday,0,""
fbd9759f-3aa8-45ca-a819-c151625c79ab,845c647c-e807-4025-b13a-608280392d8d,a83f0aec-4e5c-4467-a9ab-43634b46c1f6,2026-08-12,holiday,0,""
6a07fa66-b71c-4d50-92a3-38081c769a74,07cba65e-e2f7-495c-8b24-2192173054a0,a83f0aec-4e5c-4467-a9ab-43634b46c1f6,2026-06-10,present,8,Via copernico
ff35d027-cb36-49c4-b986-50caccb4067e,b667d9a9-f058-4fd7-90bf-62cdef8d5672,a83f0aec-4e5c-4467-a9ab-43634b46c1f6,2026-06-11,present,8,Via copernico
5006c08a-5e89-42e2-aa2c-b331cb4dc88b,b667d9a9-f058-4fd7-90bf-62cdef8d5672,a83f0aec-4e5c-4467-a9ab-43634b46c1f6,2026-06-12,present,8,Via copernico
96561ba1-cb81-4fd4-a7d7-6b8e3182af16,b667d9a9-f058-4fd7-90bf-62cdef8d5672,a83f0aec-4e5c-4467-a9ab-43634b46c1f6,2026-06-15,present,8,Via copernico
205bbfdd-cda6-4103-8b93-4b01871a1f6d,b667d9a9-f058-4fd7-90bf-62cdef8d5672,a83f0aec-4e5c-4467-a9ab-43634b46c1f6,2026-06-16,present,8,Via copernico
d0da6bc9-69e5-4e60-978f-7800e99bb705,b667d9a9-f058-4fd7-90bf-62cdef8d5672,a83f0aec-4e5c-4467-a9ab-43634b46c1f6,2026-06-17,present,8,Via copernico
0eca37fe-4c0c-4132-a687-c86ec6b1c809,b667d9a9-f058-4fd7-90bf-62cdef8d5672,a83f0aec-4e5c-4467-a9ab-43634b46c1f6,2026-06-19,present,8,Via copernico
c0d02653-0639-4ef3-9618-72b573b3c19a,b667d9a9-f058-4fd7-90bf-62cdef8d5672,a83f0aec-4e5c-4467-a9ab-43634b46c1f6,2026-06-23,present,8,Via copernico
332f3174-5fb7-466d-8bde-b24f0cc87692,b667d9a9-f058-4fd7-90bf-62cdef8d5672,a83f0aec-4e5c-4467-a9ab-43634b46c1f6,2026-06-24,present,8,Via copernico
c5aa7d99-a7f2-4a04-ba07-31c2b422d119,b667d9a9-f058-4fd7-90bf-62cdef8d5672,a83f0aec-4e5c-4467-a9ab-43634b46c1f6,2026-06-26,present,8,Via copernico
c56280fb-20f8-4dc0-862d-c38a8f21a92a,b667d9a9-f058-4fd7-90bf-62cdef8d5672,a83f0aec-4e5c-4467-a9ab-43634b46c1f6,2026-06-29,present,8,Via copernico
7d34ae44-0498-4d8e-8e83-ea5797fabd01,07cba65e-e2f7-495c-8b24-2192173054a0,a83f0aec-4e5c-4467-a9ab-43634b46c1f6,2026-06-04,present,8,Via copernico
641dac27-bd4e-4a1e-aa20-c5e88fedf1b8,07cba65e-e2f7-495c-8b24-2192173054a0,a83f0aec-4e5c-4467-a9ab-43634b46c1f6,2026-06-11,present,8,Via copernico
1a06a7b4-34a3-4489-b6c2-2dff54cf45a0,07cba65e-e2f7-495c-8b24-2192173054a0,a83f0aec-4e5c-4467-a9ab-43634b46c1f6,2026-06-18,present,8,Via copernico
dda17fc8-e5dd-43bd-adf0-34d6bde0b4cc,07cba65e-e2f7-495c-8b24-2192173054a0,a83f0aec-4e5c-4467-a9ab-43634b46c1f6,2026-06-19,present,8,Via copernico
4f4898f3-a6bb-482f-87e0-0adf8d303ce3,07cba65e-e2f7-495c-8b24-2192173054a0,a83f0aec-4e5c-4467-a9ab-43634b46c1f6,2026-06-22,present,8,Via copernico
c396efd9-e474-4283-a152-20b25b5aa5a3,07cba65e-e2f7-495c-8b24-2192173054a0,a83f0aec-4e5c-4467-a9ab-43634b46c1f6,2026-06-24,present,8,Via copernico
b0445e70-8110-4527-acb7-15acbfd7e2a7,07cba65e-e2f7-495c-8b24-2192173054a0,a83f0aec-4e5c-4467-a9ab-43634b46c1f6,2026-06-25,present,8,Via copernico
ce7cdeaa-fa54-402d-b7de-38a73e86709b,be17adcf-4219-4796-958f-51e2b5e0cf92,a83f0aec-4e5c-4467-a9ab-43634b46c1f6,2026-06-30,present,8,via copernico
eaf76989-2cf3-4a4e-98ba-b44bfb6fedc4,be17adcf-4219-4796-958f-51e2b5e0cf92,a83f0aec-4e5c-4467-a9ab-43634b46c1f6,2026-06-18,present,8,via copernico
198264fc-c827-4095-a6c2-74b27199db32,be17adcf-4219-4796-958f-51e2b5e0cf92,a83f0aec-4e5c-4467-a9ab-43634b46c1f6,2026-06-29,present,8,via copernico
9a26292c-4a5f-4a0b-a89f-88958318e092,be17adcf-4219-4796-958f-51e2b5e0cf92,a83f0aec-4e5c-4467-a9ab-43634b46c1f6,2026-06-05,present,8,via copernico
083e5530-409b-46b4-a774-f157054038d7,be17adcf-4219-4796-958f-51e2b5e0cf92,a83f0aec-4e5c-4467-a9ab-43634b46c1f6,2026-06-04,present,8,via copernico
4c5e29aa-b735-476a-804e-dc7ac24a8a52,be17adcf-4219-4796-958f-51e2b5e0cf92,a83f0aec-4e5c-4467-a9ab-43634b46c1f6,2026-06-19,present,8,via copernico
f0abcc0c-333e-4377-b457-f21f2c036fd6,be17adcf-4219-4796-958f-51e2b5e0cf92,a83f0aec-4e5c-4467-a9ab-43634b46c1f6,2026-06-15,present,8,via copernico
584562e6-0cee-4a71-a183-4025683ba86b,42b77da1-31e4-4197-88a5-2679c57fac56,a83f0aec-4e5c-4467-a9ab-43634b46c1f6,2026-06-01,present,8,Via strauss
d0a03849-f667-4ac8-9554-c9e88d0e0f35,42b77da1-31e4-4197-88a5-2679c57fac56,a83f0aec-4e5c-4467-a9ab-43634b46c1f6,2026-06-03,present,8,Via strauss
cde65581-3363-48d3-bc8a-62bac6bd5527,42b77da1-31e4-4197-88a5-2679c57fac56,a83f0aec-4e5c-4467-a9ab-43634b46c1f6,2026-06-04,present,8,Via strauss
a737c451-f5a2-4bf2-8d15-955e98195955,42b77da1-31e4-4197-88a5-2679c57fac56,a83f0aec-4e5c-4467-a9ab-43634b46c1f6,2026-06-05,present,8,Via strauss
25fcb1fc-5543-4cce-a697-0eec8da4da89,42b77da1-31e4-4197-88a5-2679c57fac56,a83f0aec-4e5c-4467-a9ab-43634b46c1f6,2026-06-08,present,8,Via strauss
d59c8c2a-171f-4fb2-a32e-94a0e67717e1,be17adcf-4219-4796-958f-51e2b5e0cf92,a83f0aec-4e5c-4467-a9ab-43634b46c1f6,2026-06-23,present,8,via copernico
6024f44f-d797-4cf8-8511-ef7ac39c66ed,be17adcf-4219-4796-958f-51e2b5e0cf92,a83f0aec-4e5c-4467-a9ab-43634b46c1f6,2026-06-08,present,8,via copernico
0734e5b3-7c19-4e24-b514-7c45da1fccc9,33872abe-802f-47d0-8614-f4d206fff08f,a83f0aec-4e5c-4467-a9ab-43634b46c1f6,2026-06-16,present,8,Via mandrolisai
833eefa7-e96d-490a-addb-83da243bf76e,33872abe-802f-47d0-8614-f4d206fff08f,a83f0aec-4e5c-4467-a9ab-43634b46c1f6,2026-06-17,present,8,Via mandrolisai
535801f8-e6b9-4684-9936-4af4d000e6a8,33872abe-802f-47d0-8614-f4d206fff08f,a83f0aec-4e5c-4467-a9ab-43634b46c1f6,2026-06-23,present,8,Via mandrolisai
2314654c-c2c5-4b10-89b8-56e3971b7ec1,33872abe-802f-47d0-8614-f4d206fff08f,a83f0aec-4e5c-4467-a9ab-43634b46c1f6,2026-06-26,present,8,Via mandrolisai
95a8e24f-18d2-43c2-abe3-defa7738f7a5,33872abe-802f-47d0-8614-f4d206fff08f,a83f0aec-4e5c-4467-a9ab-43634b46c1f6,2026-06-30,present,8,Via mandrolisai
2296397a-cc95-4b45-9f9b-5cfc6016956c,be17adcf-4219-4796-958f-51e2b5e0cf92,a83f0aec-4e5c-4467-a9ab-43634b46c1f6,2026-06-25,present,8,via copernico
e4286781-7878-48b6-ae75-1cfe60b856e0,33872abe-802f-47d0-8614-f4d206fff08f,a83f0aec-4e5c-4467-a9ab-43634b46c1f6,2026-07-01,present,8,Via mandrolisai
04b1e61e-0dae-4571-bdc8-f4c325316fed,33872abe-802f-47d0-8614-f4d206fff08f,a83f0aec-4e5c-4467-a9ab-43634b46c1f6,2026-07-02,present,8,Via mandrolisai
04ffc206-bdde-4d6f-838d-7faf1c53b603,2f76e93b-41a3-4e8b-8741-8b3e03d8db85,a83f0aec-4e5c-4467-a9ab-43634b46c1f6,2026-03-26,present,8,Via corte d'appello
15838fd2-c4d7-40a7-a197-1b5473750164,55c515b0-f4e2-4b80-8d6f-e2755cb31866,a83f0aec-4e5c-4467-a9ab-43634b46c1f6,2026-03-27,present,5,Viale monastir
3cadb090-521e-49c4-8e67-69adc242f769,2f76e93b-41a3-4e8b-8741-8b3e03d8db85,a83f0aec-4e5c-4467-a9ab-43634b46c1f6,2026-03-27,present,5,Via corte d'appello
0ca6caca-33e6-44c0-81d0-548d1352f07f,2197b6fd-9cb2-4d34-8118-cf9f11b573d7,a83f0aec-4e5c-4467-a9ab-43634b46c1f6,2026-03-26,present,8,Via corte d'appello
4eea8af5-9e08-44f3-bfcc-95223bc666a8,2197b6fd-9cb2-4d34-8118-cf9f11b573d7,a83f0aec-4e5c-4467-a9ab-43634b46c1f6,2026-03-27,present,8,Via corte d'appello
1bc2404d-c8cb-4fe7-aaf7-761fec1f440e,ed36110d-a2cf-4a88-91c7-0d23f758cd4c,a83f0aec-4e5c-4467-a9ab-43634b46c1f6,2026-03-27,present,6,Via corte d'appello
2a83731e-8ff3-49c1-900a-a824f9dbe5c2,845c647c-e807-4025-b13a-608280392d8d,a83f0aec-4e5c-4467-a9ab-43634b46c1f6,2026-08-13,holiday,0,""
e10bb3cc-d644-4794-a22b-045522866d99,a335efe4-d86c-4f3f-a2a1-b4abc123d167,a83f0aec-4e5c-4467-a9ab-43634b46c1f6,2026-04-28,holiday,0,""
c41538af-4a0a-45ef-b5c4-05ff09d114dd,845c647c-e807-4025-b13a-608280392d8d,a83f0aec-4e5c-4467-a9ab-43634b46c1f6,2026-08-14,holiday,0,""
e21b96f3-0e9c-4181-937d-d794681685fe,845c647c-e807-4025-b13a-608280392d8d,a83f0aec-4e5c-4467-a9ab-43634b46c1f6,2026-08-17,holiday,0,""
aff0d80c-d639-4236-a419-b6d69c08d739,a1126a85-fd22-4cb7-af46-19697bfc7079,a83f0aec-4e5c-4467-a9ab-43634b46c1f6,2026-05-19,present,8,Via giotto
e26fbc08-ae16-4628-bf61-9d34838be42d,845c647c-e807-4025-b13a-608280392d8d,a83f0aec-4e5c-4467-a9ab-43634b46c1f6,2026-08-18,holiday,0,""
3b87f5a7-0465-47e2-bc99-301bc5e6cef0,1c0f2692-e1e4-40fe-907e-6023010d5f19,a83f0aec-4e5c-4467-a9ab-43634b46c1f6,2026-03-26,present,4,Viale monastir
1975badc-d5ee-4059-9995-e46783894321,1c0f2692-e1e4-40fe-907e-6023010d5f19,a83f0aec-4e5c-4467-a9ab-43634b46c1f6,2026-03-27,present,4,Viale monastir
03bd81a2-4dc0-4e90-9ce2-20f10e9f91d5,bd23f301-51a8-4e05-a640-c66306e27ef6,a83f0aec-4e5c-4467-a9ab-43634b46c1f6,2026-03-26,present,8,Viale monastir
cbf6ac1e-5e7b-41c8-a441-6a6d4b732513,bd23f301-51a8-4e05-a640-c66306e27ef6,a83f0aec-4e5c-4467-a9ab-43634b46c1f6,2026-03-27,present,8,Viale monastir
52087330-3737-46bb-a3fd-8cc2f3f35785,0af3ee03-5ad8-4726-81bb-ba490b621682,a83f0aec-4e5c-4467-a9ab-43634b46c1f6,2026-03-26,present,8,Via mestre
5ffeab02-1d7f-4012-9031-d4d942ad2b6e,0af3ee03-5ad8-4726-81bb-ba490b621682,a83f0aec-4e5c-4467-a9ab-43634b46c1f6,2026-03-27,present,5,Via mestre
c5125ccf-604f-4628-874c-606ef7c71898,a1126a85-fd22-4cb7-af46-19697bfc7079,a83f0aec-4e5c-4467-a9ab-43634b46c1f6,2026-05-22,present,8,Via giotto
03a00242-c4ba-4fce-998e-7dcea3bb4197,a1126a85-fd22-4cb7-af46-19697bfc7079,a83f0aec-4e5c-4467-a9ab-43634b46c1f6,2026-05-25,present,8,Via giotto
723a3886-9d72-400e-818a-9103c3481878,0af3ee03-5ad8-4726-81bb-ba490b621682,a83f0aec-4e5c-4467-a9ab-43634b46c1f6,2026-03-30,present,8,Via mestre
c5e8ad1c-044d-48e5-8556-cfdc60a063aa,f029e10a-9baf-4528-b950-2e10fb4d13ce,a83f0aec-4e5c-4467-a9ab-43634b46c1f6,2026-03-26,present,8,Via mestre
db36ddbc-ea87-455d-818d-a5d1473578e2,f029e10a-9baf-4528-b950-2e10fb4d13ce,a83f0aec-4e5c-4467-a9ab-43634b46c1f6,2026-03-27,present,2,Via mestre
f2998b81-7232-4c37-be1d-4298823b14d4,a78a69df-18f8-45b2-866f-214377a09e87,a83f0aec-4e5c-4467-a9ab-43634b46c1f6,2026-03-26,present,8,Via mestre
22c0696a-2eda-4619-8447-8f0a40fa1ef0,a78a69df-18f8-45b2-866f-214377a09e87,a83f0aec-4e5c-4467-a9ab-43634b46c1f6,2026-03-27,present,8,Via mestre
d9ddee6f-3057-45f3-aa7c-96f60fb3a633,ed17502d-bd6a-418e-a321-b5c13b8979eb,a83f0aec-4e5c-4467-a9ab-43634b46c1f6,2026-03-26,present,8,Via mestre
5a2a0945-b01b-406e-8535-91b33e1daaf2,be17adcf-4219-4796-958f-51e2b5e0cf92,a83f0aec-4e5c-4467-a9ab-43634b46c1f6,2026-03-30,holiday,0,""
74694da9-e22f-40b8-a4d4-82a7cd313c86,ed17502d-bd6a-418e-a321-b5c13b8979eb,a83f0aec-4e5c-4467-a9ab-43634b46c1f6,2026-03-27,present,2,Via mestre
35041d4a-1f06-4718-aa90-63442a8bcdc3,e29ef4e3-a2cd-4328-8cd5-5d17785f1a83,a83f0aec-4e5c-4467-a9ab-43634b46c1f6,2026-03-26,present,8,Via mestre
a3ce4dbc-d156-44bd-a88c-cb63910d7695,e29ef4e3-a2cd-4328-8cd5-5d17785f1a83,a83f0aec-4e5c-4467-a9ab-43634b46c1f6,2026-03-27,present,8,Via mestre
d7be9cf3-2fd3-4039-9762-78362c31842f,b8da2a0d-01f4-40e4-823f-d0e64c0d5a85,a83f0aec-4e5c-4467-a9ab-43634b46c1f6,2026-03-26,present,8,Viale monastir
9a717d92-5f2e-48c9-93e3-1d37ec2343dc,b8da2a0d-01f4-40e4-823f-d0e64c0d5a85,a83f0aec-4e5c-4467-a9ab-43634b46c1f6,2026-03-27,present,5,Viale monastir
81dfbd16-8223-46ec-9783-10eac3cee5d6,55c515b0-f4e2-4b80-8d6f-e2755cb31866,a83f0aec-4e5c-4467-a9ab-43634b46c1f6,2026-03-26,present,8,Viale monastir
bf659697-1310-4501-94bc-d70e5caaa618,0af3ee03-5ad8-4726-81bb-ba490b621682,a83f0aec-4e5c-4467-a9ab-43634b46c1f6,2026-03-31,present,8,Via mestre
77c6ce45-b8d8-47ce-a58c-ca5647438877,a1126a85-fd22-4cb7-af46-19697bfc7079,a83f0aec-4e5c-4467-a9ab-43634b46c1f6,2026-05-26,present,8,Via giotto
5d5ffb55-2b49-484b-bae9-c9b9c953e4b3,bd23f301-51a8-4e05-a640-c66306e27ef6,a83f0aec-4e5c-4467-a9ab-43634b46c1f6,2026-03-30,sick,0,""
4bd448c9-b3e4-490f-a3e6-507f7a7c9d80,bd23f301-51a8-4e05-a640-c66306e27ef6,a83f0aec-4e5c-4467-a9ab-43634b46c1f6,2026-03-31,sick,0,""
fcc7cda1-12ab-42e5-90cf-17b48bbdd001,a1126a85-fd22-4cb7-af46-19697bfc7079,a83f0aec-4e5c-4467-a9ab-43634b46c1f6,2026-05-27,present,8,Via giotto
7abbbf07-63fd-46a1-b465-8b06ea4ca0a8,bd23f301-51a8-4e05-a640-c66306e27ef6,a83f0aec-4e5c-4467-a9ab-43634b46c1f6,2026-04-01,sick,0,""
552d29b8-cf2e-45e8-8f9f-4557df938488,845c647c-e807-4025-b13a-608280392d8d,a83f0aec-4e5c-4467-a9ab-43634b46c1f6,2026-08-19,holiday,0,""
ea62bd12-77d8-43c7-a7f2-c8a5fe5ec47b,1c0f2692-e1e4-40fe-907e-6023010d5f19,a83f0aec-4e5c-4467-a9ab-43634b46c1f6,2026-03-30,present,4,Viale monastir
fd122c0a-26b7-4ad8-8b96-8d3c2d9a38a5,1c0f2692-e1e4-40fe-907e-6023010d5f19,a83f0aec-4e5c-4467-a9ab-43634b46c1f6,2026-03-31,present,4,Viale monastir
b6f1f642-3d5e-43ed-9ab3-ffb89a27a06a,f029e10a-9baf-4528-b950-2e10fb4d13ce,a83f0aec-4e5c-4467-a9ab-43634b46c1f6,2026-03-30,present,8,Via mestre
6527928f-85eb-46f3-96f3-7f7ec5faa9ed,f029e10a-9baf-4528-b950-2e10fb4d13ce,a83f0aec-4e5c-4467-a9ab-43634b46c1f6,2026-03-31,present,8,Via mestre
365c462f-ace1-40bb-aaf3-ece6e3685d76,a78a69df-18f8-45b2-866f-214377a09e87,a83f0aec-4e5c-4467-a9ab-43634b46c1f6,2026-03-30,present,8,Via mestre
75e2e5b7-821d-4919-83f7-23edc2f985be,e29ef4e3-a2cd-4328-8cd5-5d17785f1a83,a83f0aec-4e5c-4467-a9ab-43634b46c1f6,2026-04-06,holiday,0,""
af82dde2-7d04-49cd-ad52-6240bd40ba5a,a78a69df-18f8-45b2-866f-214377a09e87,a83f0aec-4e5c-4467-a9ab-43634b46c1f6,2026-03-31,present,8,Via mestre
c6b4af8e-2d0b-462c-af53-463d15f810a6,e29ef4e3-a2cd-4328-8cd5-5d17785f1a83,a83f0aec-4e5c-4467-a9ab-43634b46c1f6,2026-04-07,holiday,0,""
a7848dae-cd4f-4721-a6cd-e80bae8df89f,ed17502d-bd6a-418e-a321-b5c13b8979eb,a83f0aec-4e5c-4467-a9ab-43634b46c1f6,2026-03-30,present,8,Via mestre
de0db538-a3eb-4bae-805a-e8d6d0690bd9,ed17502d-bd6a-418e-a321-b5c13b8979eb,a83f0aec-4e5c-4467-a9ab-43634b46c1f6,2026-03-31,present,8,Via mestre
2f6e302e-4622-4921-a952-e4511e193f41,e29ef4e3-a2cd-4328-8cd5-5d17785f1a83,a83f0aec-4e5c-4467-a9ab-43634b46c1f6,2026-03-30,present,8,Via mestre
84c4f44c-8ad0-4936-be7d-6e2108a9d1b2,e29ef4e3-a2cd-4328-8cd5-5d17785f1a83,a83f0aec-4e5c-4467-a9ab-43634b46c1f6,2026-03-31,present,8,Via mestre
850c20d9-1799-4a47-9852-ad9290fea34a,b8da2a0d-01f4-40e4-823f-d0e64c0d5a85,a83f0aec-4e5c-4467-a9ab-43634b46c1f6,2026-03-30,present,8,Viale monastir
1fb3982c-71b5-466b-98d6-7038f8b9c2ae,b8da2a0d-01f4-40e4-823f-d0e64c0d5a85,a83f0aec-4e5c-4467-a9ab-43634b46c1f6,2026-03-31,present,8,Viale monastir
52c413fc-be2c-492b-b464-ce2ea8f1058f,55c515b0-f4e2-4b80-8d6f-e2755cb31866,a83f0aec-4e5c-4467-a9ab-43634b46c1f6,2026-03-30,present,8,Viale monastir
072b2655-195f-433e-aded-ae22e17729d7,55c515b0-f4e2-4b80-8d6f-e2755cb31866,a83f0aec-4e5c-4467-a9ab-43634b46c1f6,2026-03-31,present,8,Viale monastir
9b9a420f-618b-4fc2-b0f5-66db66ef2bed,b667d9a9-f058-4fd7-90bf-62cdef8d5672,a83f0aec-4e5c-4467-a9ab-43634b46c1f6,2026-06-30,present,8,Via copernico
218d8b6d-3422-4a62-8638-3695786d5cbd,a335efe4-d86c-4f3f-a2a1-b4abc123d167,a83f0aec-4e5c-4467-a9ab-43634b46c1f6,2026-03-30,present,8,Via bottego
d677c37c-e4b2-4802-93ad-3c25a49f935b,a335efe4-d86c-4f3f-a2a1-b4abc123d167,a83f0aec-4e5c-4467-a9ab-43634b46c1f6,2026-03-31,present,8,Via bottego
d8c543ca-2f18-40e3-9f41-0d067ca619a8,cff16040-6983-48f2-b49c-1fa06f131879,a83f0aec-4e5c-4467-a9ab-43634b46c1f6,2026-03-30,present,8,Via giotto
ec915926-cbb9-4014-b492-cd325061acdb,cff16040-6983-48f2-b49c-1fa06f131879,a83f0aec-4e5c-4467-a9ab-43634b46c1f6,2026-03-31,present,8,Via giotto
3fc96eb4-b3d1-4ad8-9a1c-9538411f5d24,0dd64ca9-1964-46eb-8f97-a71315c8b1ed,a83f0aec-4e5c-4467-a9ab-43634b46c1f6,2026-03-30,present,8,Via copernico
b229f845-a2fd-4613-a7b1-bce42c52b5b4,0dd64ca9-1964-46eb-8f97-a71315c8b1ed,a83f0aec-4e5c-4467-a9ab-43634b46c1f6,2026-03-31,present,8,Via copernico
b86d5ceb-87d6-4b90-909d-a3660948fb08,b667d9a9-f058-4fd7-90bf-62cdef8d5672,a83f0aec-4e5c-4467-a9ab-43634b46c1f6,2026-03-30,present,8,Via giotto
d5c5eeda-8c21-49d6-8a15-f0aa08077214,b667d9a9-f058-4fd7-90bf-62cdef8d5672,a83f0aec-4e5c-4467-a9ab-43634b46c1f6,2026-03-31,present,8,Via giotto
e77507e0-403c-4fa3-8cfe-dc0f04923a22,07cba65e-e2f7-495c-8b24-2192173054a0,a83f0aec-4e5c-4467-a9ab-43634b46c1f6,2026-03-30,present,8,Via donoratico
d0ccc694-62eb-4a8e-a735-acf70beeec13,07cba65e-e2f7-495c-8b24-2192173054a0,a83f0aec-4e5c-4467-a9ab-43634b46c1f6,2026-03-31,present,8,Via donoratico
22022e40-2b09-48df-a247-278b79525068,be17adcf-4219-4796-958f-51e2b5e0cf92,a83f0aec-4e5c-4467-a9ab-43634b46c1f6,2026-03-31,present,8,Via bottego
e46f7c3c-5454-4c1f-9c80-bca7e06bdbde,55c515b0-f4e2-4b80-8d6f-e2755cb31866,a83f0aec-4e5c-4467-a9ab-43634b46c1f6,2026-04-02,present,4,Via mestre
6744dbbc-4339-49cd-a080-bf8dab486eb6,42b77da1-31e4-4197-88a5-2679c57fac56,a83f0aec-4e5c-4467-a9ab-43634b46c1f6,2026-03-30,present,8,Via donoratico
e9d5e6ef-3f48-4f48-b240-16666e2d824d,42b77da1-31e4-4197-88a5-2679c57fac56,a83f0aec-4e5c-4467-a9ab-43634b46c1f6,2026-03-31,present,8,Via donoratico
a763db0d-8d37-41fa-bfff-458762bd29ca,2f76e93b-41a3-4e8b-8741-8b3e03d8db85,a83f0aec-4e5c-4467-a9ab-43634b46c1f6,2026-03-30,present,8,Via corte d'appello
b41425ed-bbff-4acb-886b-7d2b1467136c,2197b6fd-9cb2-4d34-8118-cf9f11b573d7,a83f0aec-4e5c-4467-a9ab-43634b46c1f6,2026-03-30,present,8,Via corte d'appello
40766cff-eae4-4465-b80b-13f33527b9f9,2197b6fd-9cb2-4d34-8118-cf9f11b573d7,a83f0aec-4e5c-4467-a9ab-43634b46c1f6,2026-03-31,present,8,Via corte d'appello
c9a5ce19-771d-498a-a309-ac26886bf534,bd23f301-51a8-4e05-a640-c66306e27ef6,a83f0aec-4e5c-4467-a9ab-43634b46c1f6,2026-05-01,holiday,0,""
09a98fe8-d768-4c37-aa86-4d38b0cf5ae2,a335efe4-d86c-4f3f-a2a1-b4abc123d167,a83f0aec-4e5c-4467-a9ab-43634b46c1f6,2026-04-29,holiday,0,""
06f067f6-c391-49dd-9965-8fd4916b02eb,be17adcf-4219-4796-958f-51e2b5e0cf92,a83f0aec-4e5c-4467-a9ab-43634b46c1f6,2026-06-26,present,8,via copernico
9ecef83d-f9a2-462e-ab55-06ab09bcd8ed,a335efe4-d86c-4f3f-a2a1-b4abc123d167,a83f0aec-4e5c-4467-a9ab-43634b46c1f6,2026-04-30,holiday,0,""
1129bc9c-8efb-4690-aa3c-b2cbc9bb27bc,1c0f2692-e1e4-40fe-907e-6023010d5f19,a83f0aec-4e5c-4467-a9ab-43634b46c1f6,2026-05-27,present,4,Via dante
438b8ae6-1d03-47de-acf3-cabe5dd0ac38,0af3ee03-5ad8-4726-81bb-ba490b621682,a83f0aec-4e5c-4467-a9ab-43634b46c1f6,2026-05-01,holiday,0,""
4d4ef625-cc56-4a72-9c31-643f2ee947d5,a335efe4-d86c-4f3f-a2a1-b4abc123d167,a83f0aec-4e5c-4467-a9ab-43634b46c1f6,2026-05-01,holiday,0,""
a39618ce-be12-479d-9b2d-1feffb7b5bbd,845c647c-e807-4025-b13a-608280392d8d,a83f0aec-4e5c-4467-a9ab-43634b46c1f6,2026-08-20,holiday,0,""
2783a752-03fc-4cb6-9e59-d5cbe0147993,cff16040-6983-48f2-b49c-1fa06f131879,a83f0aec-4e5c-4467-a9ab-43634b46c1f6,2026-05-01,holiday,0,""
302e3d5d-d518-4cd0-a1ab-0b40d08e3caa,be17adcf-4219-4796-958f-51e2b5e0cf92,a83f0aec-4e5c-4467-a9ab-43634b46c1f6,2026-06-24,present,8,via copernico
c218e602-6ef4-44dd-9a19-2193e0451d03,0dd64ca9-1964-46eb-8f97-a71315c8b1ed,a83f0aec-4e5c-4467-a9ab-43634b46c1f6,2026-05-01,holiday,0,""
40898437-f3a8-45e3-b2b0-695eaef15bd8,b667d9a9-f058-4fd7-90bf-62cdef8d5672,a83f0aec-4e5c-4467-a9ab-43634b46c1f6,2026-05-01,holiday,0,""
c5ee66e1-4c5b-4c18-994a-487dd948fcce,be17adcf-4219-4796-958f-51e2b5e0cf92,a83f0aec-4e5c-4467-a9ab-43634b46c1f6,2026-06-20,holiday,0,""
da89684a-3896-4e31-8e52-37011b839252,f029e10a-9baf-4528-b950-2e10fb4d13ce,a83f0aec-4e5c-4467-a9ab-43634b46c1f6,2026-05-01,holiday,0,""
4cf37237-d23d-46fd-ad14-ed83e8cf640f,07cba65e-e2f7-495c-8b24-2192173054a0,a83f0aec-4e5c-4467-a9ab-43634b46c1f6,2026-05-01,holiday,0,""
2e0d93cb-2282-4e36-b0ef-584e6d6f70a8,be17adcf-4219-4796-958f-51e2b5e0cf92,a83f0aec-4e5c-4467-a9ab-43634b46c1f6,2026-05-01,holiday,0,""
f4735c39-6d34-464a-9dab-df3b2f8c3935,07cba65e-e2f7-495c-8b24-2192173054a0,a83f0aec-4e5c-4467-a9ab-43634b46c1f6,2026-06-01,present,8,Via copernico
d2b77625-16e8-4f72-8364-c69f463015c4,a78a69df-18f8-45b2-866f-214377a09e87,a83f0aec-4e5c-4467-a9ab-43634b46c1f6,2026-05-01,holiday,0,""
1beea8a9-bccf-45ca-b07a-5e0bafc3db9b,42b77da1-31e4-4197-88a5-2679c57fac56,a83f0aec-4e5c-4467-a9ab-43634b46c1f6,2026-05-01,holiday,0,""
eaf167a0-cb37-4e59-94b1-6534f10be144,2f76e93b-41a3-4e8b-8741-8b3e03d8db85,a83f0aec-4e5c-4467-a9ab-43634b46c1f6,2026-05-01,holiday,0,""
c1932964-a59b-41ad-98eb-b007f2294aa3,07cba65e-e2f7-495c-8b24-2192173054a0,a83f0aec-4e5c-4467-a9ab-43634b46c1f6,2026-06-03,present,8,Via copernico
88464b82-6918-4e10-bd56-689637200840,ed17502d-bd6a-418e-a321-b5c13b8979eb,a83f0aec-4e5c-4467-a9ab-43634b46c1f6,2026-05-01,holiday,0,""
a3ee14cb-20f5-4ed2-8daf-dbaef5e0b468,2197b6fd-9cb2-4d34-8118-cf9f11b573d7,a83f0aec-4e5c-4467-a9ab-43634b46c1f6,2026-05-01,holiday,0,""
72e31f13-07f3-4252-9a13-2cab894679ec,ed36110d-a2cf-4a88-91c7-0d23f758cd4c,a83f0aec-4e5c-4467-a9ab-43634b46c1f6,2026-05-01,holiday,0,""
3a34e03e-7eb1-4ff0-9aeb-1eb6b54e4f69,845c647c-e807-4025-b13a-608280392d8d,a83f0aec-4e5c-4467-a9ab-43634b46c1f6,2026-08-21,holiday,0,""
0732c343-f2d0-42fa-adb0-3e5e73dfc4e1,07cba65e-e2f7-495c-8b24-2192173054a0,a83f0aec-4e5c-4467-a9ab-43634b46c1f6,2026-06-05,present,8,Via copernico
08860fce-69a8-4b7e-80d6-fed2b3ade9cf,e29ef4e3-a2cd-4328-8cd5-5d17785f1a83,a83f0aec-4e5c-4467-a9ab-43634b46c1f6,2026-05-01,holiday,0,""
6227a8cc-5498-42e2-8590-ad392636d63b,9fc12cbc-5f92-485a-84d9-a7f2413e2cfb,a83f0aec-4e5c-4467-a9ab-43634b46c1f6,2026-05-01,holiday,0,""
02ccf3f6-bb10-453d-bca9-6d30223a98d1,07cba65e-e2f7-495c-8b24-2192173054a0,a83f0aec-4e5c-4467-a9ab-43634b46c1f6,2026-06-09,present,8,Via copernico
b57e9db0-5ee0-4e3d-92b1-e119491d3937,b8da2a0d-01f4-40e4-823f-d0e64c0d5a85,a83f0aec-4e5c-4467-a9ab-43634b46c1f6,2026-05-01,holiday,0,""
92108d06-19b9-4a2a-b69e-929942da9bc4,33872abe-802f-47d0-8614-f4d206fff08f,a83f0aec-4e5c-4467-a9ab-43634b46c1f6,2026-05-01,holiday,0,""
8e3fea3c-adaf-4ec9-8a01-8c22e9032a08,1c0f2692-e1e4-40fe-907e-6023010d5f19,a83f0aec-4e5c-4467-a9ab-43634b46c1f6,2026-05-01,holiday,0,""
824d5d65-d774-4888-a624-615c0ef10862,07cba65e-e2f7-495c-8b24-2192173054a0,a83f0aec-4e5c-4467-a9ab-43634b46c1f6,2026-06-12,present,8,Via copernico
5676b909-7ead-4032-80ab-f81ae27a52c4,55c515b0-f4e2-4b80-8d6f-e2755cb31866,a83f0aec-4e5c-4467-a9ab-43634b46c1f6,2026-05-01,holiday,0,""
ff5368a5-2641-4f67-bdca-f7453e0ed1ef,07cba65e-e2f7-495c-8b24-2192173054a0,a83f0aec-4e5c-4467-a9ab-43634b46c1f6,2026-06-15,present,8,Via copernico
d84f07b0-9cb9-4e32-bf72-fbb4e2c24b40,07cba65e-e2f7-495c-8b24-2192173054a0,a83f0aec-4e5c-4467-a9ab-43634b46c1f6,2026-06-16,present,8,Via copernico
f8210655-d838-48c3-8c64-aef34fe33dbd,be17adcf-4219-4796-958f-51e2b5e0cf92,a83f0aec-4e5c-4467-a9ab-43634b46c1f6,2026-06-01,present,8,via copernico
ab1953b5-55d6-4f17-aed6-d1bf6b5cf208,07cba65e-e2f7-495c-8b24-2192173054a0,a83f0aec-4e5c-4467-a9ab-43634b46c1f6,2026-06-17,present,8,Via copernico
2d91f10d-e11d-4bbc-a914-094695edf5ee,07cba65e-e2f7-495c-8b24-2192173054a0,a83f0aec-4e5c-4467-a9ab-43634b46c1f6,2026-06-23,present,8,Via copernico
d3a68575-27d5-4033-b3f9-3a096d6465ec,07cba65e-e2f7-495c-8b24-2192173054a0,a83f0aec-4e5c-4467-a9ab-43634b46c1f6,2026-06-26,present,8,Via copernico
c7e3ab45-3723-42b4-ade4-e1eb0cc983b5,07cba65e-e2f7-495c-8b24-2192173054a0,a83f0aec-4e5c-4467-a9ab-43634b46c1f6,2026-06-29,present,8,Via copernico
19ee1947-c0fa-4f6c-b1e4-0b8fb011c053,07cba65e-e2f7-495c-8b24-2192173054a0,a83f0aec-4e5c-4467-a9ab-43634b46c1f6,2026-06-30,present,8,Via copernico
5e0a99f2-d254-48a3-bc3a-97d8f05d0efd,be17adcf-4219-4796-958f-51e2b5e0cf92,a83f0aec-4e5c-4467-a9ab-43634b46c1f6,2026-06-21,holiday,0,""
3a9f36d4-cfa6-4ba4-8090-a1ac1b269975,be17adcf-4219-4796-958f-51e2b5e0cf92,a83f0aec-4e5c-4467-a9ab-43634b46c1f6,2026-06-22,present,8,via copernico
4385c0a8-ac75-45be-ae24-d5433f8fb138,be17adcf-4219-4796-958f-51e2b5e0cf92,a83f0aec-4e5c-4467-a9ab-43634b46c1f6,2026-06-17,present,8,via copernico
ec60d7a0-2d8e-4f2f-9c11-dc6e5f6a560e,33872abe-802f-47d0-8614-f4d206fff08f,a83f0aec-4e5c-4467-a9ab-43634b46c1f6,2026-07-03,present,8,Via mandrolisai
12c9d526-e128-4145-841e-974e8411c93a,be17adcf-4219-4796-958f-51e2b5e0cf92,a83f0aec-4e5c-4467-a9ab-43634b46c1f6,2026-06-16,present,8,via copernico
a53f38df-8add-4d4a-aa4d-991c4dd8348e,be17adcf-4219-4796-958f-51e2b5e0cf92,a83f0aec-4e5c-4467-a9ab-43634b46c1f6,2026-06-12,present,8,via copernico
b7cf1101-936b-47cf-8729-678c2586b221,be17adcf-4219-4796-958f-51e2b5e0cf92,a83f0aec-4e5c-4467-a9ab-43634b46c1f6,2026-06-11,present,8,via copernico
77566b17-f804-4119-b6f2-93d1a775942a,33872abe-802f-47d0-8614-f4d206fff08f,a83f0aec-4e5c-4467-a9ab-43634b46c1f6,2026-07-06,present,8,Via mandrolisai
a6bb22d0-0c24-4f8c-a009-06e2a3f3817c,be17adcf-4219-4796-958f-51e2b5e0cf92,a83f0aec-4e5c-4467-a9ab-43634b46c1f6,2026-06-10,present,8,via copernico
8e0707d4-d071-4613-94d3-a002ec7f1ea4,9fc12cbc-5f92-485a-84d9-a7f2413e2cfb,a83f0aec-4e5c-4467-a9ab-43634b46c1f6,2026-06-22,present,4,Via ingurtosu
6e6ce1d8-d9e2-4db0-84d0-eaa2e25d5bf2,33872abe-802f-47d0-8614-f4d206fff08f,a83f0aec-4e5c-4467-a9ab-43634b46c1f6,2026-07-13,present,8,Via mandrolisai
17b263ca-9801-4c60-b57b-2af2e2a3c16c,be17adcf-4219-4796-958f-51e2b5e0cf92,a83f0aec-4e5c-4467-a9ab-43634b46c1f6,2026-06-09,present,8,via copernico
a63d5ab6-0afa-4af6-8d89-a98024859173,be17adcf-4219-4796-958f-51e2b5e0cf92,a83f0aec-4e5c-4467-a9ab-43634b46c1f6,2026-06-03,present,8,via copernico
b2397373-9f3d-4cd6-976d-5819d79e7353,bd23f301-51a8-4e05-a640-c66306e27ef6,a83f0aec-4e5c-4467-a9ab-43634b46c1f6,2026-07-03,present,8,Via mestre
d49e4cc6-4ed3-4526-87c4-75f388f893d3,33872abe-802f-47d0-8614-f4d206fff08f,a83f0aec-4e5c-4467-a9ab-43634b46c1f6,2026-07-14,present,8,Via mandrolisai
31f6282a-3e67-403a-b307-f4a50f2bd432,33872abe-802f-47d0-8614-f4d206fff08f,a83f0aec-4e5c-4467-a9ab-43634b46c1f6,2026-07-15,present,8,Via mandrolisai
eeac6b0e-1fb6-4b46-a0ba-ec4f20d99243,1c0f2692-e1e4-40fe-907e-6023010d5f19,a83f0aec-4e5c-4467-a9ab-43634b46c1f6,2026-07-10,present,4,Via mandrolisai
4be3ffd6-f2b3-4b7e-95c7-c3c2e32f9e86,1c0f2692-e1e4-40fe-907e-6023010d5f19,a83f0aec-4e5c-4467-a9ab-43634b46c1f6,2026-07-06,present,4,Via mandrolisai
271b0b7f-db97-469d-9dec-e741193255d3,1c0f2692-e1e4-40fe-907e-6023010d5f19,a83f0aec-4e5c-4467-a9ab-43634b46c1f6,2026-07-08,present,4,Via mandrolisai
68233c45-851d-481a-a63d-c528a15ff9ca,1c0f2692-e1e4-40fe-907e-6023010d5f19,a83f0aec-4e5c-4467-a9ab-43634b46c1f6,2026-07-02,present,4,Via mandrolisai
f3ecfb25-4775-4c93-840b-706af086cae5,bd23f301-51a8-4e05-a640-c66306e27ef6,a83f0aec-4e5c-4467-a9ab-43634b46c1f6,2026-07-10,present,8,Via mestre
312e4a4f-a4ce-4ab1-8fb1-b3b94d0bfd87,bd23f301-51a8-4e05-a640-c66306e27ef6,a83f0aec-4e5c-4467-a9ab-43634b46c1f6,2026-07-08,present,8,Via mestre
5816be16-b369-435a-a656-3be88d5c3dab,bd23f301-51a8-4e05-a640-c66306e27ef6,a83f0aec-4e5c-4467-a9ab-43634b46c1f6,2026-07-07,present,8,Via mestre
40fdf1b9-63d7-4e12-b2c7-72d0ead2cb3b,bd23f301-51a8-4e05-a640-c66306e27ef6,a83f0aec-4e5c-4467-a9ab-43634b46c1f6,2026-07-01,present,8,Via mestre
c10f01cd-2e40-4ab6-9be6-aae7be53bd82,2f76e93b-41a3-4e8b-8741-8b3e03d8db85,a83f0aec-4e5c-4467-a9ab-43634b46c1f6,2026-03-31,present,8,Via corte d'appello
be5fe814-da10-4bec-8bf0-2d0c5d3ca05e,0dd64ca9-1964-46eb-8f97-a71315c8b1ed,a83f0aec-4e5c-4467-a9ab-43634b46c1f6,2026-04-06,holiday,0,""
ea2fbc62-7c8d-45cc-b137-e04322dc7e1f,ed36110d-a2cf-4a88-91c7-0d23f758cd4c,a83f0aec-4e5c-4467-a9ab-43634b46c1f6,2026-03-30,present,6,Via corte d'appello
3affce52-7605-4f6b-b8e9-5c4c65e1cde0,1c0f2692-e1e4-40fe-907e-6023010d5f19,a83f0aec-4e5c-4467-a9ab-43634b46c1f6,2026-05-28,present,4,Via dante
b4aa56ea-5062-4351-920c-83a47d9e8964,b667d9a9-f058-4fd7-90bf-62cdef8d5672,a83f0aec-4e5c-4467-a9ab-43634b46c1f6,2026-04-06,holiday,0,""
6adfbe82-70c1-454b-938e-68247cbf99f4,ed36110d-a2cf-4a88-91c7-0d23f758cd4c,a83f0aec-4e5c-4467-a9ab-43634b46c1f6,2026-03-31,present,6,Via corte d'appello
aece4730-38de-4af4-9566-ac10e85ee080,845c647c-e807-4025-b13a-608280392d8d,a83f0aec-4e5c-4467-a9ab-43634b46c1f6,2026-08-24,holiday,0,""
86f6206f-dccf-4e71-938e-3e33d1bab07c,845c647c-e807-4025-b13a-608280392d8d,a83f0aec-4e5c-4467-a9ab-43634b46c1f6,2026-08-25,holiday,0,""
df1f2eed-0ad4-4f1b-b42f-e4a1cdf6a4fb,845c647c-e807-4025-b13a-608280392d8d,a83f0aec-4e5c-4467-a9ab-43634b46c1f6,2026-08-26,holiday,0,""
13217336-e733-4e19-aab3-67ff89d93624,845c647c-e807-4025-b13a-608280392d8d,a83f0aec-4e5c-4467-a9ab-43634b46c1f6,2026-08-27,holiday,0,""
2f4ca392-5642-4629-b9cf-7a62b426bdfc,33872abe-802f-47d0-8614-f4d206fff08f,a83f0aec-4e5c-4467-a9ab-43634b46c1f6,2026-04-06,holiday,0,""
db0663e3-a050-4075-b9a0-f5c8ac717200,07cba65e-e2f7-495c-8b24-2192173054a0,a83f0aec-4e5c-4467-a9ab-43634b46c1f6,2026-04-06,holiday,0,""
649b9c45-88f4-43ac-85db-de21a9083846,1c0f2692-e1e4-40fe-907e-6023010d5f19,a83f0aec-4e5c-4467-a9ab-43634b46c1f6,2026-04-06,holiday,0,""
1f8087e3-4772-41db-b56b-87318a38e2d6,f029e10a-9baf-4528-b950-2e10fb4d13ce,a83f0aec-4e5c-4467-a9ab-43634b46c1f6,2026-04-01,present,8,Viale monastir
5d2e535c-c84d-446f-9203-3df4e7925448,f029e10a-9baf-4528-b950-2e10fb4d13ce,a83f0aec-4e5c-4467-a9ab-43634b46c1f6,2026-04-02,present,8,Viale monastir
fce463f0-c924-465a-aae3-b5b7dd67c1db,bd23f301-51a8-4e05-a640-c66306e27ef6,a83f0aec-4e5c-4467-a9ab-43634b46c1f6,2026-04-06,holiday,0,""
583c6485-248b-40cb-949f-4d528b137896,be17adcf-4219-4796-958f-51e2b5e0cf92,a83f0aec-4e5c-4467-a9ab-43634b46c1f6,2026-04-06,holiday,0,""
f148b7af-4d59-46e2-812e-6e63b5d5d806,0af3ee03-5ad8-4726-81bb-ba490b621682,a83f0aec-4e5c-4467-a9ab-43634b46c1f6,2026-04-06,holiday,0,""
358d152e-02c3-4263-afbc-633621d6e69b,9fc12cbc-5f92-485a-84d9-a7f2413e2cfb,a83f0aec-4e5c-4467-a9ab-43634b46c1f6,2026-06-23,holiday,0,""
8e981566-0dd2-4643-8ef7-a9a0faf23026,a78a69df-18f8-45b2-866f-214377a09e87,a83f0aec-4e5c-4467-a9ab-43634b46c1f6,2026-04-01,present,8,Viale monastir
052edf64-30a2-4e73-86dc-06010d71ee86,42b77da1-31e4-4197-88a5-2679c57fac56,a83f0aec-4e5c-4467-a9ab-43634b46c1f6,2026-04-06,holiday,0,""
9dab62e4-5f8f-4ae5-b5ba-cd5eb4ae70d2,f029e10a-9baf-4528-b950-2e10fb4d13ce,a83f0aec-4e5c-4467-a9ab-43634b46c1f6,2026-04-06,holiday,0,""
c6ef5b7f-da6a-43b2-b577-6227f2ea75cd,a78a69df-18f8-45b2-866f-214377a09e87,a83f0aec-4e5c-4467-a9ab-43634b46c1f6,2026-04-02,present,8,Viale monastir
7bb8e027-bb9b-4f09-8459-df3eb47a1792,a78a69df-18f8-45b2-866f-214377a09e87,a83f0aec-4e5c-4467-a9ab-43634b46c1f6,2026-04-06,holiday,0,""
41b69551-72ff-403e-a98b-8244cc873509,2f76e93b-41a3-4e8b-8741-8b3e03d8db85,a83f0aec-4e5c-4467-a9ab-43634b46c1f6,2026-04-06,holiday,0,""
9582ef39-b7c7-4508-8217-9643c6d9c521,ed17502d-bd6a-418e-a321-b5c13b8979eb,a83f0aec-4e5c-4467-a9ab-43634b46c1f6,2026-04-06,holiday,0,""
0c7d31b9-ae03-4103-b5ca-04daf8ce78af,b8da2a0d-01f4-40e4-823f-d0e64c0d5a85,a83f0aec-4e5c-4467-a9ab-43634b46c1f6,2026-04-06,holiday,0,""
ed5667c4-f294-486f-b874-1b8d5c6eba42,2197b6fd-9cb2-4d34-8118-cf9f11b573d7,a83f0aec-4e5c-4467-a9ab-43634b46c1f6,2026-04-06,holiday,0,""
c0f2d37e-aaa2-483e-a68e-8502f942bb03,55c515b0-f4e2-4b80-8d6f-e2755cb31866,a83f0aec-4e5c-4467-a9ab-43634b46c1f6,2026-04-06,holiday,0,""
917d2091-3bac-49bc-b0ae-105522278719,42b77da1-31e4-4197-88a5-2679c57fac56,a83f0aec-4e5c-4467-a9ab-43634b46c1f6,2026-06-09,present,8,Via strauss
9342c477-81bb-4762-8d44-018fa76d944d,ed17502d-bd6a-418e-a321-b5c13b8979eb,a83f0aec-4e5c-4467-a9ab-43634b46c1f6,2026-04-01,present,8,Via mestre
0fbb8f6f-f78a-445d-9dc0-11efc1d4fb49,ed17502d-bd6a-418e-a321-b5c13b8979eb,a83f0aec-4e5c-4467-a9ab-43634b46c1f6,2026-04-02,present,8,Via mestre
d38a857d-83a1-4e7c-9628-3a7df0673276,ed36110d-a2cf-4a88-91c7-0d23f758cd4c,a83f0aec-4e5c-4467-a9ab-43634b46c1f6,2026-04-06,holiday,0,""
789ad4f3-2fbd-41f1-865c-9c8e397340be,845c647c-e807-4025-b13a-608280392d8d,a83f0aec-4e5c-4467-a9ab-43634b46c1f6,2026-08-28,holiday,0,""
1000f0af-0e79-41da-b571-53fdb89332b2,a335efe4-d86c-4f3f-a2a1-b4abc123d167,a83f0aec-4e5c-4467-a9ab-43634b46c1f6,2026-04-06,holiday,0,""
a9e7091c-024c-457a-8fc1-ea517624734b,e29ef4e3-a2cd-4328-8cd5-5d17785f1a83,a83f0aec-4e5c-4467-a9ab-43634b46c1f6,2026-04-01,present,8,Viale monastir
1feb83d7-cbe1-4c2e-a68d-c2952d204d61,cff16040-6983-48f2-b49c-1fa06f131879,a83f0aec-4e5c-4467-a9ab-43634b46c1f6,2026-04-06,holiday,0,""
0c8e02da-0197-4901-bfd5-2162a20f4270,e29ef4e3-a2cd-4328-8cd5-5d17785f1a83,a83f0aec-4e5c-4467-a9ab-43634b46c1f6,2026-04-02,present,8,Viale monastir
57b95928-b061-4073-aa14-973bce488345,b8da2a0d-01f4-40e4-823f-d0e64c0d5a85,a83f0aec-4e5c-4467-a9ab-43634b46c1f6,2026-04-01,present,8,Viale monastir
53b3823e-f328-435a-b83d-d1865e80a64c,1c0f2692-e1e4-40fe-907e-6023010d5f19,a83f0aec-4e5c-4467-a9ab-43634b46c1f6,2026-04-01,present,4,Viale monastir
5bfd00ea-3af1-478b-974c-630cd966900c,1c0f2692-e1e4-40fe-907e-6023010d5f19,a83f0aec-4e5c-4467-a9ab-43634b46c1f6,2026-04-02,present,4,Viale monastir
d3dee9bf-b178-470c-846a-e9b9b58fbd1c,bd23f301-51a8-4e05-a640-c66306e27ef6,a83f0aec-4e5c-4467-a9ab-43634b46c1f6,2026-04-02,present,8,Via mestre
6057a781-42d5-42e1-93cf-b06acafc73aa,bd23f301-51a8-4e05-a640-c66306e27ef6,a83f0aec-4e5c-4467-a9ab-43634b46c1f6,2026-04-03,present,8,Via mestre
095b6ef6-71c0-4f09-96d0-3116425f101f,0af3ee03-5ad8-4726-81bb-ba490b621682,a83f0aec-4e5c-4467-a9ab-43634b46c1f6,2026-04-01,present,8,Viale monastir
4cd06f87-b5fd-4fc2-8b4a-333454ca953d,0af3ee03-5ad8-4726-81bb-ba490b621682,a83f0aec-4e5c-4467-a9ab-43634b46c1f6,2026-04-02,present,8,Via mestre
df70b5c4-5f0b-4f42-90d8-44c7a57a2fcd,b8da2a0d-01f4-40e4-823f-d0e64c0d5a85,a83f0aec-4e5c-4467-a9ab-43634b46c1f6,2026-04-02,present,8,Viale monastir
2d09a682-4095-4728-ba8d-df0fa2c22f76,55c515b0-f4e2-4b80-8d6f-e2755cb31866,a83f0aec-4e5c-4467-a9ab-43634b46c1f6,2026-04-01,present,8,Via mestre
d5dd0c64-293a-42e2-81ab-42509d095d89,a335efe4-d86c-4f3f-a2a1-b4abc123d167,a83f0aec-4e5c-4467-a9ab-43634b46c1f6,2026-04-01,present,8,Via donoratico
94e220f5-29e9-4b4b-a615-d15620984544,a335efe4-d86c-4f3f-a2a1-b4abc123d167,a83f0aec-4e5c-4467-a9ab-43634b46c1f6,2026-04-02,present,8,Via donoratico
fb5d2b7a-1768-4efb-8f03-264ccfc66ec5,cff16040-6983-48f2-b49c-1fa06f131879,a83f0aec-4e5c-4467-a9ab-43634b46c1f6,2026-04-01,present,8,Via bottego
a595aef5-704e-431a-82fc-daf55fbc9508,cff16040-6983-48f2-b49c-1fa06f131879,a83f0aec-4e5c-4467-a9ab-43634b46c1f6,2026-04-02,present,8,Via bottego
da93abdc-5cce-4c73-9f13-255cd428ddfd,0dd64ca9-1964-46eb-8f97-a71315c8b1ed,a83f0aec-4e5c-4467-a9ab-43634b46c1f6,2026-04-01,present,8,Via copernico
38af43c0-4d8b-4705-b0b1-92594f21be04,0dd64ca9-1964-46eb-8f97-a71315c8b1ed,a83f0aec-4e5c-4467-a9ab-43634b46c1f6,2026-04-02,present,8,Via copernico
b73a9218-ee49-4867-9c09-1054304e428c,b667d9a9-f058-4fd7-90bf-62cdef8d5672,a83f0aec-4e5c-4467-a9ab-43634b46c1f6,2026-04-01,present,8,Via giotto
d3daac58-1b93-40a4-9904-88add84d7a81,b667d9a9-f058-4fd7-90bf-62cdef8d5672,a83f0aec-4e5c-4467-a9ab-43634b46c1f6,2026-04-02,present,8,Via giotto
ea5a9369-c61e-42c7-a83c-f06d10a0fdf3,07cba65e-e2f7-495c-8b24-2192173054a0,a83f0aec-4e5c-4467-a9ab-43634b46c1f6,2026-04-01,present,8,Via bottego
07a0aef7-ef1a-47f4-9bb5-f89aa29d3e01,07cba65e-e2f7-495c-8b24-2192173054a0,a83f0aec-4e5c-4467-a9ab-43634b46c1f6,2026-04-02,present,8,Via bottego
b80b4c26-5d74-48b1-9435-47858a9f159a,be17adcf-4219-4796-958f-51e2b5e0cf92,a83f0aec-4e5c-4467-a9ab-43634b46c1f6,2026-04-01,present,8,Via copernico
bc2da771-6bb2-4733-9e4c-0ddaca7f30d7,be17adcf-4219-4796-958f-51e2b5e0cf92,a83f0aec-4e5c-4467-a9ab-43634b46c1f6,2026-04-02,present,8,Via copernico
3ac73602-ff72-43b3-b26b-e106a6c1af0b,42b77da1-31e4-4197-88a5-2679c57fac56,a83f0aec-4e5c-4467-a9ab-43634b46c1f6,2026-04-01,present,8,Via copernico
0e9d233f-85d2-4222-968f-10b41f5a3063,42b77da1-31e4-4197-88a5-2679c57fac56,a83f0aec-4e5c-4467-a9ab-43634b46c1f6,2026-04-02,present,8,Via copernico
cf4c3c74-81c8-44d4-bff6-ba1ff2349bf0,2f76e93b-41a3-4e8b-8741-8b3e03d8db85,a83f0aec-4e5c-4467-a9ab-43634b46c1f6,2026-04-01,present,8,Via corte d'appello
10eb4aa1-a692-4239-bcc0-f048dec6f9de,2f76e93b-41a3-4e8b-8741-8b3e03d8db85,a83f0aec-4e5c-4467-a9ab-43634b46c1f6,2026-04-02,present,8,Via corte d'appello
5225dd50-3541-421c-94a1-034a19f52b64,2197b6fd-9cb2-4d34-8118-cf9f11b573d7,a83f0aec-4e5c-4467-a9ab-43634b46c1f6,2026-04-01,present,8,Via giotto
8996c923-46c0-4798-9bb6-75c11dded650,2197b6fd-9cb2-4d34-8118-cf9f11b573d7,a83f0aec-4e5c-4467-a9ab-43634b46c1f6,2026-04-02,present,8,Via giotto
c7263a92-e80e-4a3f-b14b-82897c597f6e,ed36110d-a2cf-4a88-91c7-0d23f758cd4c,a83f0aec-4e5c-4467-a9ab-43634b46c1f6,2026-04-02,present,6,Via giotto
5d0fccf5-3872-4efd-9e15-fb5e9978ab9c,ed36110d-a2cf-4a88-91c7-0d23f758cd4c,a83f0aec-4e5c-4467-a9ab-43634b46c1f6,2026-04-01,present,6,Via giotto
0350f837-793e-42ad-b48f-736a98489b36,55c515b0-f4e2-4b80-8d6f-e2755cb31866,a83f0aec-4e5c-4467-a9ab-43634b46c1f6,2026-04-03,holiday,0,""
e98bdde0-8271-4d40-b647-a03bc1d8f94b,33872abe-802f-47d0-8614-f4d206fff08f,a83f0aec-4e5c-4467-a9ab-43634b46c1f6,2026-04-07,holiday,0,""
955a1185-3e1a-4ba0-8252-3755a106285b,f029e10a-9baf-4528-b950-2e10fb4d13ce,a83f0aec-4e5c-4467-a9ab-43634b46c1f6,2026-06-06,holiday,0,""
871f8889-1213-49c0-8398-20f76e239c0d,1c0f2692-e1e4-40fe-907e-6023010d5f19,a83f0aec-4e5c-4467-a9ab-43634b46c1f6,2026-04-03,present,4,Viale monastir
bbf46504-208a-4fe5-96e0-1b09807a2996,33872abe-802f-47d0-8614-f4d206fff08f,a83f0aec-4e5c-4467-a9ab-43634b46c1f6,2026-04-28,present,8,Via mestre
39e908a3-e2d7-43a9-9bef-ed132631909b,1c0f2692-e1e4-40fe-907e-6023010d5f19,a83f0aec-4e5c-4467-a9ab-43634b46c1f6,2026-04-07,present,4,Viale monastir
e7328463-e5ff-411b-a9d6-650e24c3bf5f,bd23f301-51a8-4e05-a640-c66306e27ef6,a83f0aec-4e5c-4467-a9ab-43634b46c1f6,2026-04-07,present,8,Via mestre
0760a94d-9c0d-4903-845a-3a5b796e4aa3,0af3ee03-5ad8-4726-81bb-ba490b621682,a83f0aec-4e5c-4467-a9ab-43634b46c1f6,2026-04-03,present,8,Via mestre
0ca628a6-c63e-4793-93ee-37a981f2cb5b,0af3ee03-5ad8-4726-81bb-ba490b621682,a83f0aec-4e5c-4467-a9ab-43634b46c1f6,2026-04-07,present,8,Via mestre
6671c43c-a5de-4650-a146-e3f0268c58a1,2197b6fd-9cb2-4d34-8118-cf9f11b573d7,a83f0aec-4e5c-4467-a9ab-43634b46c1f6,2026-06-24,present,8,Via pirandello
d1463399-95de-4c47-8711-41c6d3e945a4,1c0f2692-e1e4-40fe-907e-6023010d5f19,a83f0aec-4e5c-4467-a9ab-43634b46c1f6,2026-05-29,present,4,Via dante
5a6ee7c9-afc6-4eca-b921-bf6496d855de,ed17502d-bd6a-418e-a321-b5c13b8979eb,a83f0aec-4e5c-4467-a9ab-43634b46c1f6,2026-04-03,present,8,Via mestre
e4d6425c-b44f-4453-9fab-781405b8894e,ed17502d-bd6a-418e-a321-b5c13b8979eb,a83f0aec-4e5c-4467-a9ab-43634b46c1f6,2026-04-07,present,8,Via mestre
17936daf-7035-4cea-87f7-38f65796c67d,e29ef4e3-a2cd-4328-8cd5-5d17785f1a83,a83f0aec-4e5c-4467-a9ab-43634b46c1f6,2026-04-03,present,8,Viale monastir
6b95d3da-5324-4382-be75-8497bec1e0d0,b8da2a0d-01f4-40e4-823f-d0e64c0d5a85,a83f0aec-4e5c-4467-a9ab-43634b46c1f6,2026-04-03,present,8,Viale monastir
fa3386fa-46c3-4983-822f-374fd4e2b8ab,b8da2a0d-01f4-40e4-823f-d0e64c0d5a85,a83f0aec-4e5c-4467-a9ab-43634b46c1f6,2026-04-07,present,8,Viale monastir
63f10728-a616-4c55-bfdb-1f12d687d1a0,33872abe-802f-47d0-8614-f4d206fff08f,a83f0aec-4e5c-4467-a9ab-43634b46c1f6,2026-04-30,present,8,Via mestre
371c5cd1-ef02-4e18-9489-80b60b763355,a335efe4-d86c-4f3f-a2a1-b4abc123d167,a83f0aec-4e5c-4467-a9ab-43634b46c1f6,2026-06-03,present,8,Via giotto
27b4fc00-4363-4952-94eb-b8e57725403b,a335efe4-d86c-4f3f-a2a1-b4abc123d167,a83f0aec-4e5c-4467-a9ab-43634b46c1f6,2026-06-08,present,8,Via giotto
fee91e93-7080-41fd-97b9-32692154b2ec,a335efe4-d86c-4f3f-a2a1-b4abc123d167,a83f0aec-4e5c-4467-a9ab-43634b46c1f6,2026-06-11,present,8,Via giotto
9e98d4d2-9671-4058-8080-83c0bfb0c11a,2f76e93b-41a3-4e8b-8741-8b3e03d8db85,a83f0aec-4e5c-4467-a9ab-43634b46c1f6,2026-06-05,present,8,Via copernico
ca48e25f-a4d2-4587-9b48-84fdc2efd2b5,a335efe4-d86c-4f3f-a2a1-b4abc123d167,a83f0aec-4e5c-4467-a9ab-43634b46c1f6,2026-06-16,present,8,Via fadda/alghero
ca9bd6a0-0331-444d-8f11-3ac61a4235a6,a335efe4-d86c-4f3f-a2a1-b4abc123d167,a83f0aec-4e5c-4467-a9ab-43634b46c1f6,2026-06-18,present,8,Via fadda/alghero
53bbac32-9d7a-4d65-8fd4-f6717708520d,a335efe4-d86c-4f3f-a2a1-b4abc123d167,a83f0aec-4e5c-4467-a9ab-43634b46c1f6,2026-06-19,present,8,Via fadda/alghero
73506423-1451-4a3e-a1c9-a29d2b1cdd87,a335efe4-d86c-4f3f-a2a1-b4abc123d167,a83f0aec-4e5c-4467-a9ab-43634b46c1f6,2026-06-24,present,8,Via fadda/alghero
1841da8b-1cc7-49ee-9ba3-7ee8bbf4bbe3,2f76e93b-41a3-4e8b-8741-8b3e03d8db85,a83f0aec-4e5c-4467-a9ab-43634b46c1f6,2026-06-11,present,8,Via copernico
96a8af73-0204-48a2-91cd-a241b27a7d45,2f76e93b-41a3-4e8b-8741-8b3e03d8db85,a83f0aec-4e5c-4467-a9ab-43634b46c1f6,2026-06-15,present,8,Via copernico
d34fe401-0c4c-4f42-841e-87c2d2d2aa7a,2f76e93b-41a3-4e8b-8741-8b3e03d8db85,a83f0aec-4e5c-4467-a9ab-43634b46c1f6,2026-06-16,present,8,Via copernico
c841e421-cb9b-4f97-b81b-d3f10113ef6f,2f76e93b-41a3-4e8b-8741-8b3e03d8db85,a83f0aec-4e5c-4467-a9ab-43634b46c1f6,2026-06-17,present,8,Via copernico
591c5aec-9ae1-40f3-9576-e3fe25e97303,2f76e93b-41a3-4e8b-8741-8b3e03d8db85,a83f0aec-4e5c-4467-a9ab-43634b46c1f6,2026-06-18,present,8,Via copernico
c91a925a-05f5-41d7-b9d5-c48c083795eb,42b77da1-31e4-4197-88a5-2679c57fac56,a83f0aec-4e5c-4467-a9ab-43634b46c1f6,2026-06-10,present,8,Via strauss
348aed87-42e6-470a-b63c-44a433453765,42b77da1-31e4-4197-88a5-2679c57fac56,a83f0aec-4e5c-4467-a9ab-43634b46c1f6,2026-06-11,present,8,Via strauss
36583fbe-2186-47ab-bfc7-6d2c0b149fab,42b77da1-31e4-4197-88a5-2679c57fac56,a83f0aec-4e5c-4467-a9ab-43634b46c1f6,2026-06-16,present,8,Via strauss
71a092c2-fc62-4542-aebb-853ace02071a,42b77da1-31e4-4197-88a5-2679c57fac56,a83f0aec-4e5c-4467-a9ab-43634b46c1f6,2026-06-19,present,8,Via strauss
7c856d6a-d20e-41b5-bfb1-55ff0000fa0c,42b77da1-31e4-4197-88a5-2679c57fac56,a83f0aec-4e5c-4467-a9ab-43634b46c1f6,2026-06-24,present,8,Via strauss
92aa1311-301e-47f8-b377-921ffad755c9,42b77da1-31e4-4197-88a5-2679c57fac56,a83f0aec-4e5c-4467-a9ab-43634b46c1f6,2026-06-25,present,8,Via strauss
306b7bbd-f1d0-4724-99d5-26e70c56f5de,42b77da1-31e4-4197-88a5-2679c57fac56,a83f0aec-4e5c-4467-a9ab-43634b46c1f6,2026-06-26,present,8,Via strauss
0d9a420d-06b2-4a83-89c5-26a59633c53e,42b77da1-31e4-4197-88a5-2679c57fac56,a83f0aec-4e5c-4467-a9ab-43634b46c1f6,2026-06-27,holiday,0,""
ff8603a4-a459-4c99-a416-a897d4c91f2c,42b77da1-31e4-4197-88a5-2679c57fac56,a83f0aec-4e5c-4467-a9ab-43634b46c1f6,2026-06-29,present,8,Via strauss
92ad2ef6-504f-4c89-8ab6-15204834067b,42b77da1-31e4-4197-88a5-2679c57fac56,a83f0aec-4e5c-4467-a9ab-43634b46c1f6,2026-06-30,present,8,Via strauss
45629c27-ffe5-4449-be1a-9e0cbc77fae1,2f76e93b-41a3-4e8b-8741-8b3e03d8db85,a83f0aec-4e5c-4467-a9ab-43634b46c1f6,2026-06-01,present,8,Via copernico
1302bc86-75d5-4193-ab89-0161c55fcd2c,2f76e93b-41a3-4e8b-8741-8b3e03d8db85,a83f0aec-4e5c-4467-a9ab-43634b46c1f6,2026-06-03,present,8,Via copernico
f6923fe6-30fa-403a-b784-f77174ee5c20,2f76e93b-41a3-4e8b-8741-8b3e03d8db85,a83f0aec-4e5c-4467-a9ab-43634b46c1f6,2026-06-23,present,8,Via copernico
734bbf23-e80b-455a-aeb8-fd3aca94ef25,2f76e93b-41a3-4e8b-8741-8b3e03d8db85,a83f0aec-4e5c-4467-a9ab-43634b46c1f6,2026-06-25,present,8,Via copernico
2f7ceb1f-9ae0-4584-bf2f-26c9ecdeea53,2f76e93b-41a3-4e8b-8741-8b3e03d8db85,a83f0aec-4e5c-4467-a9ab-43634b46c1f6,2026-06-26,present,8,Via copernico
f245aea8-844a-4561-9ac3-3a3ec14d1af1,2f76e93b-41a3-4e8b-8741-8b3e03d8db85,a83f0aec-4e5c-4467-a9ab-43634b46c1f6,2026-06-29,present,8,Via copernico
4952a6dd-5b47-4625-95c0-a8075fa8f283,33872abe-802f-47d0-8614-f4d206fff08f,a83f0aec-4e5c-4467-a9ab-43634b46c1f6,2026-07-07,present,8,Via mandrolisai
0863fc0d-345e-4d72-b30a-c454a911c8d1,2197b6fd-9cb2-4d34-8118-cf9f11b573d7,a83f0aec-4e5c-4467-a9ab-43634b46c1f6,2026-06-03,present,8,Via pirandello
dae93e32-767d-452a-a605-2df63c43e10a,2197b6fd-9cb2-4d34-8118-cf9f11b573d7,a83f0aec-4e5c-4467-a9ab-43634b46c1f6,2026-06-05,present,8,Via pirandello
ab3cfee3-1af6-42a9-b5fa-8feb909fb4d5,2197b6fd-9cb2-4d34-8118-cf9f11b573d7,a83f0aec-4e5c-4467-a9ab-43634b46c1f6,2026-06-18,present,8,Via pirandello
2ee78b72-55f4-49ec-baea-8aa3427529cf,2197b6fd-9cb2-4d34-8118-cf9f11b573d7,a83f0aec-4e5c-4467-a9ab-43634b46c1f6,2026-06-25,present,8,Via pirandello
b2f07307-2c29-4b55-9c6a-8df4394e5a34,2197b6fd-9cb2-4d34-8118-cf9f11b573d7,a83f0aec-4e5c-4467-a9ab-43634b46c1f6,2026-06-26,present,8,Via pirandello
5a44af6b-b2b3-4ea5-86e6-6f4776bbdf56,2197b6fd-9cb2-4d34-8118-cf9f11b573d7,a83f0aec-4e5c-4467-a9ab-43634b46c1f6,2026-06-29,present,8,Via pirandello
c30cc773-e655-4cf6-b0e7-8c8c801d81e6,2197b6fd-9cb2-4d34-8118-cf9f11b573d7,a83f0aec-4e5c-4467-a9ab-43634b46c1f6,2026-06-30,present,8,Via pirandello
185db841-1eec-45b4-8056-44ca9ad6ddc0,f029e10a-9baf-4528-b950-2e10fb4d13ce,a83f0aec-4e5c-4467-a9ab-43634b46c1f6,2026-06-07,holiday,0,""
d78dadde-7bda-4ef0-8735-3d8aa63a8b26,f029e10a-9baf-4528-b950-2e10fb4d13ce,a83f0aec-4e5c-4467-a9ab-43634b46c1f6,2026-06-13,holiday,0,""
282e39fd-401e-4db9-b11d-b67abcc32e8e,f029e10a-9baf-4528-b950-2e10fb4d13ce,a83f0aec-4e5c-4467-a9ab-43634b46c1f6,2026-06-27,holiday,0,""
0f17eec7-77d7-4dd4-8a7e-0164c735e098,2197b6fd-9cb2-4d34-8118-cf9f11b573d7,a83f0aec-4e5c-4467-a9ab-43634b46c1f6,2026-06-01,present,8,Via pirandello 
6032dce7-71e5-44e5-b28c-099a6ab6ed05,33872abe-802f-47d0-8614-f4d206fff08f,a83f0aec-4e5c-4467-a9ab-43634b46c1f6,2026-07-08,present,8,Via mandrolisai
63882ccc-9775-4cb6-82e9-b5bbc558db51,33872abe-802f-47d0-8614-f4d206fff08f,a83f0aec-4e5c-4467-a9ab-43634b46c1f6,2026-07-09,present,8,Via mandrolisai
9dd50c98-41dd-4f06-ad58-d515aa7cdc8d,cff16040-6983-48f2-b49c-1fa06f131879,a83f0aec-4e5c-4467-a9ab-43634b46c1f6,2026-06-01,present,8,via strauss
11c090ba-8145-4c85-a158-086e94ade1ac,bb7725da-b5fc-4433-afd7-bad5e5179acb,a83f0aec-4e5c-4467-a9ab-43634b46c1f6,2026-08-06,present,8,Via mandrolisai
ea9f99fd-d7e3-4c6d-bd05-efd7e34bffcc,bd23f301-51a8-4e05-a640-c66306e27ef6,a83f0aec-4e5c-4467-a9ab-43634b46c1f6,2026-07-09,present,8,Via mestre
047d428b-5b65-4eaa-8d76-9f8bd6d2dec1,33872abe-802f-47d0-8614-f4d206fff08f,a83f0aec-4e5c-4467-a9ab-43634b46c1f6,2026-07-10,present,8,Via mandrolisai
fe897c57-d7c3-43bd-adb2-b640c9d73569,1c0f2692-e1e4-40fe-907e-6023010d5f19,a83f0aec-4e5c-4467-a9ab-43634b46c1f6,2026-07-13,present,4,Via mandrolisai
4e6a2fb1-0d56-4e36-89b5-e97da756f5e1,1c0f2692-e1e4-40fe-907e-6023010d5f19,a83f0aec-4e5c-4467-a9ab-43634b46c1f6,2026-07-09,present,4,Via mandrolisai
25d26ffc-bb89-493a-a6b5-d3e1e3e4f1d3,1c0f2692-e1e4-40fe-907e-6023010d5f19,a83f0aec-4e5c-4467-a9ab-43634b46c1f6,2026-07-03,present,4,Via mandrolisai
dc2bcbd8-3458-46f8-9c96-86c80e1cea50,1c0f2692-e1e4-40fe-907e-6023010d5f19,a83f0aec-4e5c-4467-a9ab-43634b46c1f6,2026-07-07,present,4,Via mandrolisai
3ac01bef-72d0-4ae0-90c6-8939de59a9f0,1c0f2692-e1e4-40fe-907e-6023010d5f19,a83f0aec-4e5c-4467-a9ab-43634b46c1f6,2026-07-01,present,4,Via mandrolisai
cd0e38be-0365-4ddb-8467-64502c2bf010,bd23f301-51a8-4e05-a640-c66306e27ef6,a83f0aec-4e5c-4467-a9ab-43634b46c1f6,2026-07-06,present,8,Via mestre
8bbd15f4-0e42-4d40-bc08-2a2f9d14e19a,bd23f301-51a8-4e05-a640-c66306e27ef6,a83f0aec-4e5c-4467-a9ab-43634b46c1f6,2026-07-02,present,8,Via mestre
793060c1-a881-4071-8c9c-c91bf0bff502,f029e10a-9baf-4528-b950-2e10fb4d13ce,a83f0aec-4e5c-4467-a9ab-43634b46c1f6,2026-04-03,present,8,Viale monastir
c6c144f4-afbb-40e5-be36-141183e64fa5,f029e10a-9baf-4528-b950-2e10fb4d13ce,a83f0aec-4e5c-4467-a9ab-43634b46c1f6,2026-04-07,present,8,Viale monastir
59b01713-9941-4e42-a9f0-05904e7a0a52,a78a69df-18f8-45b2-866f-214377a09e87,a83f0aec-4e5c-4467-a9ab-43634b46c1f6,2026-04-03,present,8,Viale monastir
0b33c1de-58ac-465f-b688-28eb7186264e,33872abe-802f-47d0-8614-f4d206fff08f,a83f0aec-4e5c-4467-a9ab-43634b46c1f6,2026-04-29,present,8,Via mestre
91c355a7-5cc9-48d0-8b31-d27f61fad427,a78a69df-18f8-45b2-866f-214377a09e87,a83f0aec-4e5c-4467-a9ab-43634b46c1f6,2026-04-07,present,8,Viale monastir
93ba9e7f-8b46-4d08-b0ba-1ac5932a63e5,55c515b0-f4e2-4b80-8d6f-e2755cb31866,a83f0aec-4e5c-4467-a9ab-43634b46c1f6,2026-04-07,present,8,Via mestre
73a52cb4-9bca-4181-ab21-e2372fd4f86d,f029e10a-9baf-4528-b950-2e10fb4d13ce,a83f0aec-4e5c-4467-a9ab-43634b46c1f6,2026-06-02,holiday,0,""
8b2931d2-93cb-4463-bbfa-9c606747dd6f,2f76e93b-41a3-4e8b-8741-8b3e03d8db85,a83f0aec-4e5c-4467-a9ab-43634b46c1f6,2026-06-10,present,8,Via copernico
bb3bbdd0-e4ab-4df6-8b51-89347f086f85,1c0f2692-e1e4-40fe-907e-6023010d5f19,a83f0aec-4e5c-4467-a9ab-43634b46c1f6,2026-04-28,present,4,Viale monastir
623881df-6b62-4ba4-9556-52ef0c92337f,a335efe4-d86c-4f3f-a2a1-b4abc123d167,a83f0aec-4e5c-4467-a9ab-43634b46c1f6,2026-06-01,holiday,0,""
d53675db-0c54-4eba-9199-4a8fc7413dfe,1c0f2692-e1e4-40fe-907e-6023010d5f19,a83f0aec-4e5c-4467-a9ab-43634b46c1f6,2026-04-29,present,4,Viale monastir
5884782c-4b21-492d-af19-6822a241f17b,2f76e93b-41a3-4e8b-8741-8b3e03d8db85,a83f0aec-4e5c-4467-a9ab-43634b46c1f6,2026-06-12,present,8,Via copernico
b982e1d1-a871-4121-abb9-06749eab2e84,42b77da1-31e4-4197-88a5-2679c57fac56,a83f0aec-4e5c-4467-a9ab-43634b46c1f6,2026-06-02,holiday,0,""
200c1e99-0887-4568-9c0c-80bc55df13c6,2f76e93b-41a3-4e8b-8741-8b3e03d8db85,a83f0aec-4e5c-4467-a9ab-43634b46c1f6,2026-06-19,present,8,Via copernico
ae4f55a1-89f8-4587-bfae-86b45c7d0220,2f76e93b-41a3-4e8b-8741-8b3e03d8db85,a83f0aec-4e5c-4467-a9ab-43634b46c1f6,2026-06-22,present,8,Via copernico
822eba0c-8a0e-4453-9693-8cd8d9684708,9fc12cbc-5f92-485a-84d9-a7f2413e2cfb,a83f0aec-4e5c-4467-a9ab-43634b46c1f6,2026-06-02,holiday,0,""
629670a2-6c0e-47b6-8a4d-afdc6c05defb,2f76e93b-41a3-4e8b-8741-8b3e03d8db85,a83f0aec-4e5c-4467-a9ab-43634b46c1f6,2026-06-24,present,8,Via copernico
24f925d2-25d2-4132-8650-4f5b230846ff,2f76e93b-41a3-4e8b-8741-8b3e03d8db85,a83f0aec-4e5c-4467-a9ab-43634b46c1f6,2026-06-30,present,8,Via copernico
e77525b3-0b6b-441e-b530-6eb9fb82a59f,e29ef4e3-a2cd-4328-8cd5-5d17785f1a83,a83f0aec-4e5c-4467-a9ab-43634b46c1f6,2026-06-02,holiday,0,""
e16d3b66-90bf-4032-8c29-df79bdb1f433,a335efe4-d86c-4f3f-a2a1-b4abc123d167,a83f0aec-4e5c-4467-a9ab-43634b46c1f6,2026-06-04,present,8,Via giotto
0fdd8383-431a-4262-b695-e415f18dc4cc,a335efe4-d86c-4f3f-a2a1-b4abc123d167,a83f0aec-4e5c-4467-a9ab-43634b46c1f6,2026-06-09,present,8,Via giotto
7c45c9ef-a763-44ba-a9c7-521825fa56e6,a335efe4-d86c-4f3f-a2a1-b4abc123d167,a83f0aec-4e5c-4467-a9ab-43634b46c1f6,2026-06-10,present,8,Via giotto
41aa03a3-c4c6-455d-b37c-5fc817db78e0,a335efe4-d86c-4f3f-a2a1-b4abc123d167,a83f0aec-4e5c-4467-a9ab-43634b46c1f6,2026-06-15,present,8,Via fadda/alghero
2a682ba2-9f2e-4047-a6b5-840c98964c07,a335efe4-d86c-4f3f-a2a1-b4abc123d167,a83f0aec-4e5c-4467-a9ab-43634b46c1f6,2026-06-17,present,8,Via fadda/alghero
75ac2b1a-a5a7-4521-a14d-f5b808ab9ab8,a335efe4-d86c-4f3f-a2a1-b4abc123d167,a83f0aec-4e5c-4467-a9ab-43634b46c1f6,2026-06-22,present,8,Via fadda/alghero
236e2300-7563-4334-acd7-78082b759520,a335efe4-d86c-4f3f-a2a1-b4abc123d167,a83f0aec-4e5c-4467-a9ab-43634b46c1f6,2026-06-23,present,8,Via fadda/alghero
98cc873e-88aa-4d5f-8106-fa4031f831d9,42b77da1-31e4-4197-88a5-2679c57fac56,a83f0aec-4e5c-4467-a9ab-43634b46c1f6,2026-06-12,present,8,Via strauss
4040a457-8287-4eeb-94a3-dcfad6dc0d9a,42b77da1-31e4-4197-88a5-2679c57fac56,a83f0aec-4e5c-4467-a9ab-43634b46c1f6,2026-06-15,present,8,Via strauss
5373891e-4662-4d39-a221-947eeeb4bb94,42b77da1-31e4-4197-88a5-2679c57fac56,a83f0aec-4e5c-4467-a9ab-43634b46c1f6,2026-06-17,present,8,Via strauss
41d7e2b6-ae81-4b6d-8c93-fa03b66b0d6d,42b77da1-31e4-4197-88a5-2679c57fac56,a83f0aec-4e5c-4467-a9ab-43634b46c1f6,2026-06-18,present,8,Via strauss
cc41b4c4-9527-4824-9249-73e1118a3bd9,42b77da1-31e4-4197-88a5-2679c57fac56,a83f0aec-4e5c-4467-a9ab-43634b46c1f6,2026-06-22,present,8,Via strauss
3d83518e-ad6a-4426-b8c5-2d947e72ce33,2197b6fd-9cb2-4d34-8118-cf9f11b573d7,a83f0aec-4e5c-4467-a9ab-43634b46c1f6,2026-06-04,present,8,Via pirandello
2c3e924b-6a63-4381-8533-fa86165ee081,42b77da1-31e4-4197-88a5-2679c57fac56,a83f0aec-4e5c-4467-a9ab-43634b46c1f6,2026-06-23,present,8,Via strauss
c5aca77b-2b06-4fa0-bc74-b5ff5ce1dbee,2f76e93b-41a3-4e8b-8741-8b3e03d8db85,a83f0aec-4e5c-4467-a9ab-43634b46c1f6,2026-06-04,present,8,Via copernico
5a1d1193-2fe1-425f-93e4-40ea54040541,2f76e93b-41a3-4e8b-8741-8b3e03d8db85,a83f0aec-4e5c-4467-a9ab-43634b46c1f6,2026-06-08,present,8,Via copernico
a39c0630-ec0b-435a-b970-e5c2b2bb08de,2f76e93b-41a3-4e8b-8741-8b3e03d8db85,a83f0aec-4e5c-4467-a9ab-43634b46c1f6,2026-06-09,present,8,Via copernico
2b1fee8f-067d-4a0c-9976-c7467be7c786,2197b6fd-9cb2-4d34-8118-cf9f11b573d7,a83f0aec-4e5c-4467-a9ab-43634b46c1f6,2026-06-08,present,8,Via pirandello
696b6b5c-727c-4d4b-a6f7-3d80e1859919,2197b6fd-9cb2-4d34-8118-cf9f11b573d7,a83f0aec-4e5c-4467-a9ab-43634b46c1f6,2026-06-09,present,8,Via pirandello
0feebb78-8a15-4d06-9845-0deafcfb10c5,2197b6fd-9cb2-4d34-8118-cf9f11b573d7,a83f0aec-4e5c-4467-a9ab-43634b46c1f6,2026-06-10,present,8,Via pirandello
f28ae147-23e7-4d29-86f6-72ea8f4572c9,2197b6fd-9cb2-4d34-8118-cf9f11b573d7,a83f0aec-4e5c-4467-a9ab-43634b46c1f6,2026-06-11,present,8,Via pirandello
70e30f1b-7d79-41ec-b50c-2d897cec9624,2197b6fd-9cb2-4d34-8118-cf9f11b573d7,a83f0aec-4e5c-4467-a9ab-43634b46c1f6,2026-06-12,present,8,Via pirandello
5f6ed529-fd2b-4676-83e1-d0da0d4afc05,2197b6fd-9cb2-4d34-8118-cf9f11b573d7,a83f0aec-4e5c-4467-a9ab-43634b46c1f6,2026-06-15,present,8,Via pirandello
05d90251-dffb-4037-b511-d663a5c5fec4,2197b6fd-9cb2-4d34-8118-cf9f11b573d7,a83f0aec-4e5c-4467-a9ab-43634b46c1f6,2026-06-16,present,8,Via pirandello
63279bd2-43b0-48d7-a69d-b1efbb66407e,2197b6fd-9cb2-4d34-8118-cf9f11b573d7,a83f0aec-4e5c-4467-a9ab-43634b46c1f6,2026-06-17,present,8,Via pirandello
0d448994-9341-4b02-ba16-a641aacf860a,2197b6fd-9cb2-4d34-8118-cf9f11b573d7,a83f0aec-4e5c-4467-a9ab-43634b46c1f6,2026-06-19,present,8,Via pirandello
b6151a3c-82c7-4de8-877b-560091c266f4,2197b6fd-9cb2-4d34-8118-cf9f11b573d7,a83f0aec-4e5c-4467-a9ab-43634b46c1f6,2026-06-22,present,8,Via pirandello
8644e55e-f3cc-42ff-b164-9cbb1eaecf43,2197b6fd-9cb2-4d34-8118-cf9f11b573d7,a83f0aec-4e5c-4467-a9ab-43634b46c1f6,2026-06-23,present,8,Via pirandello
114ce412-3ef0-4525-9827-3ae6b6f5bdeb,bd23f301-51a8-4e05-a640-c66306e27ef6,a83f0aec-4e5c-4467-a9ab-43634b46c1f6,2026-07-14,present,8,Via mestre
7f6ec50f-8623-4c21-b893-76fcefaf83fd,f029e10a-9baf-4528-b950-2e10fb4d13ce,a83f0aec-4e5c-4467-a9ab-43634b46c1f6,2026-07-07,present,8,Via mestre
ecb29973-ddcd-402c-b32f-33a18907c506,ed36110d-a2cf-4a88-91c7-0d23f758cd4c,a83f0aec-4e5c-4467-a9ab-43634b46c1f6,2026-06-14,holiday,0,""
5838bc89-4373-4b23-b600-36324226f734,bd23f301-51a8-4e05-a640-c66306e27ef6,a83f0aec-4e5c-4467-a9ab-43634b46c1f6,2026-07-13,present,8,Via mestre
a581c72e-20ff-4fe4-a613-bbafcbbd9cea,0af3ee03-5ad8-4726-81bb-ba490b621682,a83f0aec-4e5c-4467-a9ab-43634b46c1f6,2026-07-01,present,8,Via mestre
a6b5f665-671e-43eb-807e-9dfd286a441f,cff16040-6983-48f2-b49c-1fa06f131879,a83f0aec-4e5c-4467-a9ab-43634b46c1f6,2026-06-14,holiday,0,""
493bc386-07a2-4b45-9589-3881561ec9dc,cff16040-6983-48f2-b49c-1fa06f131879,a83f0aec-4e5c-4467-a9ab-43634b46c1f6,2026-06-20,holiday,0,""
0883f5f6-ef07-4187-adfb-95d52e8f56b1,f029e10a-9baf-4528-b950-2e10fb4d13ce,a83f0aec-4e5c-4467-a9ab-43634b46c1f6,2026-07-02,present,8,Via mestre
dd86b940-2601-4949-ac88-a40bb53c278c,f029e10a-9baf-4528-b950-2e10fb4d13ce,a83f0aec-4e5c-4467-a9ab-43634b46c1f6,2026-07-06,present,8,Via mestre
27885c5a-865b-4fb3-89cc-c117083ff70f,f029e10a-9baf-4528-b950-2e10fb4d13ce,a83f0aec-4e5c-4467-a9ab-43634b46c1f6,2026-07-08,present,8,Via mestre
018254a3-c511-4181-9a20-e9f0e8ffe29b,b667d9a9-f058-4fd7-90bf-62cdef8d5672,a83f0aec-4e5c-4467-a9ab-43634b46c1f6,2026-06-02,holiday,0,""
6181c38f-70ca-462b-85b9-539f429367e9,f029e10a-9baf-4528-b950-2e10fb4d13ce,a83f0aec-4e5c-4467-a9ab-43634b46c1f6,2026-07-09,present,8,Via mestre
d5861e05-8fa0-4f2c-9d0d-499070495b2f,f029e10a-9baf-4528-b950-2e10fb4d13ce,a83f0aec-4e5c-4467-a9ab-43634b46c1f6,2026-07-10,present,8,Via mestre
a2dff539-95ea-4032-9d2e-047066facaa7,f029e10a-9baf-4528-b950-2e10fb4d13ce,a83f0aec-4e5c-4467-a9ab-43634b46c1f6,2026-07-13,present,8,Via mestre
1ebefb53-8008-4a70-b0ff-760ebdd4416f,a78a69df-18f8-45b2-866f-214377a09e87,a83f0aec-4e5c-4467-a9ab-43634b46c1f6,2026-07-01,present,8,Via mandrolisai
a42f1b0a-c4b4-40aa-abf1-ce31d9dcd949,a78a69df-18f8-45b2-866f-214377a09e87,a83f0aec-4e5c-4467-a9ab-43634b46c1f6,2026-07-13,present,8,Via mandrolisai
c201d591-a042-4a8f-aee9-545b6d005d9e,a78a69df-18f8-45b2-866f-214377a09e87,a83f0aec-4e5c-4467-a9ab-43634b46c1f6,2026-07-02,present,8,Via mandrolisai
f3390e4b-5526-49b5-b4ed-d4ffea2a6f90,e29ef4e3-a2cd-4328-8cd5-5d17785f1a83,a83f0aec-4e5c-4467-a9ab-43634b46c1f6,2026-07-01,present,8,Viale monastir
f0617205-d4f2-4507-af75-609419fb5409,e29ef4e3-a2cd-4328-8cd5-5d17785f1a83,a83f0aec-4e5c-4467-a9ab-43634b46c1f6,2026-07-02,present,8,Viale monastir
047f3d3b-1923-46f0-a60f-817c2ee234b0,e29ef4e3-a2cd-4328-8cd5-5d17785f1a83,a83f0aec-4e5c-4467-a9ab-43634b46c1f6,2026-07-03,present,8,Viale monastir
5e2b537c-6b2e-486a-ae43-5f542f7fc65a,e29ef4e3-a2cd-4328-8cd5-5d17785f1a83,a83f0aec-4e5c-4467-a9ab-43634b46c1f6,2026-07-07,present,8,Viale monastir
d8a96b42-feaf-4749-b06e-ef1ac5f32e71,42b77da1-31e4-4197-88a5-2679c57fac56,a83f0aec-4e5c-4467-a9ab-43634b46c1f6,2026-07-06,present,8,Via copernico
7bfbacfb-be09-4385-b07c-f495ccd16a4f,42b77da1-31e4-4197-88a5-2679c57fac56,a83f0aec-4e5c-4467-a9ab-43634b46c1f6,2026-07-07,present,8,Via copernico
8f21f4f7-ed13-4592-9f2e-fc366949c4b0,42b77da1-31e4-4197-88a5-2679c57fac56,a83f0aec-4e5c-4467-a9ab-43634b46c1f6,2026-07-08,present,8,Via copernico
031f3ec0-0a03-4acc-8be8-d0b8707524e0,42b77da1-31e4-4197-88a5-2679c57fac56,a83f0aec-4e5c-4467-a9ab-43634b46c1f6,2026-07-09,present,8,Via copernico
81bcfcf0-4adb-4b40-aec9-91c024164267,42b77da1-31e4-4197-88a5-2679c57fac56,a83f0aec-4e5c-4467-a9ab-43634b46c1f6,2026-07-10,present,8,Via copernico
1202b9cc-b7a9-4d51-9481-66ae32bf68e5,42b77da1-31e4-4197-88a5-2679c57fac56,a83f0aec-4e5c-4467-a9ab-43634b46c1f6,2026-07-13,present,8,Via copernico
2039d973-4f67-4d44-a6c7-cb1c620187fd,2f76e93b-41a3-4e8b-8741-8b3e03d8db85,a83f0aec-4e5c-4467-a9ab-43634b46c1f6,2026-07-01,present,8,Via bosco capuccio
431021e1-3bda-4dc9-aee9-8ccc058841e2,2f76e93b-41a3-4e8b-8741-8b3e03d8db85,a83f0aec-4e5c-4467-a9ab-43634b46c1f6,2026-07-02,present,8,Via bosco capuccio
39103761-1f93-4faf-a996-63fe34b3a925,bb7725da-b5fc-4433-afd7-bad5e5179acb,a83f0aec-4e5c-4467-a9ab-43634b46c1f6,2026-08-07,present,8,Via mandrolisai
b196f8b2-84a4-4252-976f-7faf2917ac78,2f76e93b-41a3-4e8b-8741-8b3e03d8db85,a83f0aec-4e5c-4467-a9ab-43634b46c1f6,2026-07-03,present,8,Via bosco capuccio
e79107a6-5daa-4739-aac4-5db9ae9be37e,2f76e93b-41a3-4e8b-8741-8b3e03d8db85,a83f0aec-4e5c-4467-a9ab-43634b46c1f6,2026-07-09,present,8,Via bosco capuccio
887146bd-b50a-4e87-9f01-85d50b87befd,bb7725da-b5fc-4433-afd7-bad5e5179acb,a83f0aec-4e5c-4467-a9ab-43634b46c1f6,2026-08-12,holiday,0,""
3f7f9ac1-6e16-4fce-8f7a-ea9287cd259e,2f76e93b-41a3-4e8b-8741-8b3e03d8db85,a83f0aec-4e5c-4467-a9ab-43634b46c1f6,2026-07-10,present,8,Via bosco capuccio
9bc7b37f-7d87-4e16-9a2a-9900e456abcd,2197b6fd-9cb2-4d34-8118-cf9f11b573d7,a83f0aec-4e5c-4467-a9ab-43634b46c1f6,2026-07-10,present,8,Via ingurtosu
9a2fb5e8-f0dc-49ea-b47c-7a8ce5b7299d,2197b6fd-9cb2-4d34-8118-cf9f11b573d7,a83f0aec-4e5c-4467-a9ab-43634b46c1f6,2026-07-13,present,8,Via ingurtosu
a7e89d20-ca03-4477-a1bc-ce4e990d82f7,bb7725da-b5fc-4433-afd7-bad5e5179acb,a83f0aec-4e5c-4467-a9ab-43634b46c1f6,2026-08-14,holiday,0,""
50a12120-eb57-418d-a314-c5ab5c492025,ed36110d-a2cf-4a88-91c7-0d23f758cd4c,a83f0aec-4e5c-4467-a9ab-43634b46c1f6,2026-07-01,present,8,Via ingurtosu
57a12ba7-8099-444e-9632-6ba3c454db3d,ed36110d-a2cf-4a88-91c7-0d23f758cd4c,a83f0aec-4e5c-4467-a9ab-43634b46c1f6,2026-07-06,present,8,Via ingurtosu
b66078f4-fb5c-4d7b-b6b1-4e8f495194b2,9fc12cbc-5f92-485a-84d9-a7f2413e2cfb,a83f0aec-4e5c-4467-a9ab-43634b46c1f6,2026-07-02,present,8,Via bosco capuccio
6028f9b7-dbbd-4bc3-a2f9-1aaf2bb2ea73,9fc12cbc-5f92-485a-84d9-a7f2413e2cfb,a83f0aec-4e5c-4467-a9ab-43634b46c1f6,2026-07-06,present,8,Via bosco capuccio
c3139b90-7e34-4313-9f1a-6dbd937677b0,9fc12cbc-5f92-485a-84d9-a7f2413e2cfb,a83f0aec-4e5c-4467-a9ab-43634b46c1f6,2026-07-07,present,8,Via bosco capuccio
b331987a-1f72-40fb-a5ad-abbddeabf971,9fc12cbc-5f92-485a-84d9-a7f2413e2cfb,a83f0aec-4e5c-4467-a9ab-43634b46c1f6,2026-07-08,present,8,Via bosco capuccio
6bc7215c-f7bf-4d9e-9546-755792574b4c,bb7725da-b5fc-4433-afd7-bad5e5179acb,a83f0aec-4e5c-4467-a9ab-43634b46c1f6,2026-08-18,holiday,0,""
818e3538-dab9-41fb-9c8d-75af1cad21a7,9fc12cbc-5f92-485a-84d9-a7f2413e2cfb,a83f0aec-4e5c-4467-a9ab-43634b46c1f6,2026-07-09,present,8,Via bosco capuccio
219788ed-4122-49f1-ad12-8cbc43930a42,bb7725da-b5fc-4433-afd7-bad5e5179acb,a83f0aec-4e5c-4467-a9ab-43634b46c1f6,2026-08-20,holiday,0,""
e8654a36-4c0e-40de-9c12-62e70da7e6c6,bb7725da-b5fc-4433-afd7-bad5e5179acb,a83f0aec-4e5c-4467-a9ab-43634b46c1f6,2026-08-24,holiday,0,""
8452512e-c9fc-4f22-8870-b7bcd1902217,bb7725da-b5fc-4433-afd7-bad5e5179acb,a83f0aec-4e5c-4467-a9ab-43634b46c1f6,2026-08-26,holiday,0,""
e84f010b-02a9-4351-9674-f2ad1b4634cc,bb7725da-b5fc-4433-afd7-bad5e5179acb,a83f0aec-4e5c-4467-a9ab-43634b46c1f6,2026-08-28,holiday,0,""
a3b8890b-bee4-457b-864a-e974ea9f9c86,0f678138-246b-4d86-a3f0-5ce111536f02,a83f0aec-4e5c-4467-a9ab-43634b46c1f6,2026-08-10,holiday,0,""
ad6c7c3f-e9f7-461f-b1ca-bfe7e775f64e,0f678138-246b-4d86-a3f0-5ce111536f02,a83f0aec-4e5c-4467-a9ab-43634b46c1f6,2026-08-07,present,8,Via mandrolisai
b5b96b6f-da87-4a93-aef5-a97d8b127155,0f678138-246b-4d86-a3f0-5ce111536f02,a83f0aec-4e5c-4467-a9ab-43634b46c1f6,2026-08-11,holiday,0,""
4def139a-2928-431c-89bb-889faded2f2e,0f678138-246b-4d86-a3f0-5ce111536f02,a83f0aec-4e5c-4467-a9ab-43634b46c1f6,2026-08-13,holiday,0,""
42259848-a4f5-4945-befb-a10e60a158a9,0f678138-246b-4d86-a3f0-5ce111536f02,a83f0aec-4e5c-4467-a9ab-43634b46c1f6,2026-08-17,holiday,0,""
7ac28f3f-74e4-40a4-b333-a8360a805813,0f678138-246b-4d86-a3f0-5ce111536f02,a83f0aec-4e5c-4467-a9ab-43634b46c1f6,2026-08-19,holiday,0,""
64a9695d-6b04-4467-bb7b-258a8d0186e2,0f678138-246b-4d86-a3f0-5ce111536f02,a83f0aec-4e5c-4467-a9ab-43634b46c1f6,2026-08-21,holiday,0,""
01b22994-768a-4f12-a442-9ab3e0e04d6e,0f678138-246b-4d86-a3f0-5ce111536f02,a83f0aec-4e5c-4467-a9ab-43634b46c1f6,2026-08-25,holiday,0,""
578a553d-4181-423b-8b39-4f728f81d88b,0f678138-246b-4d86-a3f0-5ce111536f02,a83f0aec-4e5c-4467-a9ab-43634b46c1f6,2026-08-27,holiday,0,""
2db17e34-c681-4b05-bb0a-36436bcfbf3c,07cba65e-e2f7-495c-8b24-2192173054a0,a83f0aec-4e5c-4467-a9ab-43634b46c1f6,2026-08-26,holiday,0,""
c1a05f10-7de3-4269-85de-46ef9e6f3101,07cba65e-e2f7-495c-8b24-2192173054a0,a83f0aec-4e5c-4467-a9ab-43634b46c1f6,2026-08-28,holiday,0,""
0003ce8a-f3a2-4d6b-8274-33b78d0f18d0,2197b6fd-9cb2-4d34-8118-cf9f11b573d7,a83f0aec-4e5c-4467-a9ab-43634b46c1f6,2026-08-12,holiday,0,""
314c4592-fdc2-4be2-a4a1-e41f9efabdc1,2197b6fd-9cb2-4d34-8118-cf9f11b573d7,a83f0aec-4e5c-4467-a9ab-43634b46c1f6,2026-08-14,holiday,0,""
4e81119f-4ecc-41a9-b666-fd3528ce3446,2197b6fd-9cb2-4d34-8118-cf9f11b573d7,a83f0aec-4e5c-4467-a9ab-43634b46c1f6,2026-08-18,holiday,0,""
036a23e3-0945-4bbf-b12b-43d5759d51a1,2197b6fd-9cb2-4d34-8118-cf9f11b573d7,a83f0aec-4e5c-4467-a9ab-43634b46c1f6,2026-08-20,holiday,0,""
c29323ee-b859-422b-a580-25a1ad90f87b,2197b6fd-9cb2-4d34-8118-cf9f11b573d7,a83f0aec-4e5c-4467-a9ab-43634b46c1f6,2026-08-24,holiday,0,""
1029b5c3-60ad-492d-bacf-92d528ef0e16,2197b6fd-9cb2-4d34-8118-cf9f11b573d7,a83f0aec-4e5c-4467-a9ab-43634b46c1f6,2026-08-26,holiday,0,""
0ab7dc81-63ec-4ca2-bb3b-a573d9fa5614,2197b6fd-9cb2-4d34-8118-cf9f11b573d7,a83f0aec-4e5c-4467-a9ab-43634b46c1f6,2026-08-28,holiday,0,""
fcf0858b-8e28-4dc9-81d2-0981f0d5caff,9fc12cbc-5f92-485a-84d9-a7f2413e2cfb,a83f0aec-4e5c-4467-a9ab-43634b46c1f6,2026-08-11,holiday,0,""
3345c2ff-e77c-4482-bf21-aee8572f9c7c,9fc12cbc-5f92-485a-84d9-a7f2413e2cfb,a83f0aec-4e5c-4467-a9ab-43634b46c1f6,2026-08-12,holiday,0,""
4fff1eb4-0fc7-4a8d-afe3-8777e8b59a75,9fc12cbc-5f92-485a-84d9-a7f2413e2cfb,a83f0aec-4e5c-4467-a9ab-43634b46c1f6,2026-08-14,holiday,0,""
24fff2c6-738e-4626-9f6d-1106078403a2,9fc12cbc-5f92-485a-84d9-a7f2413e2cfb,a83f0aec-4e5c-4467-a9ab-43634b46c1f6,2026-08-18,holiday,0,""
b15c86b5-a726-4c99-aa39-0ff759d89e30,9fc12cbc-5f92-485a-84d9-a7f2413e2cfb,a83f0aec-4e5c-4467-a9ab-43634b46c1f6,2026-08-20,holiday,0,""
076b15cd-effe-45f4-a6be-0eeede5a120b,9fc12cbc-5f92-485a-84d9-a7f2413e2cfb,a83f0aec-4e5c-4467-a9ab-43634b46c1f6,2026-08-24,holiday,0,""
fa1a8c7b-e8de-4a98-8b19-701d99db906a,9fc12cbc-5f92-485a-84d9-a7f2413e2cfb,a83f0aec-4e5c-4467-a9ab-43634b46c1f6,2026-08-26,holiday,0,""
e93618fb-1ddf-4e49-9403-de15b8e9e3b6,9fc12cbc-5f92-485a-84d9-a7f2413e2cfb,a83f0aec-4e5c-4467-a9ab-43634b46c1f6,2026-08-28,holiday,0,""
0487dd6b-d858-4b70-b45b-3f939ab27a94,2f76e93b-41a3-4e8b-8741-8b3e03d8db85,a83f0aec-4e5c-4467-a9ab-43634b46c1f6,2026-08-13,present,8,Via copernico
40e9fa3a-cb56-4a0e-ac6e-695870bcb2af,a1126a85-fd22-4cb7-af46-19697bfc7079,a83f0aec-4e5c-4467-a9ab-43634b46c1f6,2026-08-13,present,8,Via copernico
bc550b34-efef-48dc-a04b-4e45bbe8c418,2f76e93b-41a3-4e8b-8741-8b3e03d8db85,a83f0aec-4e5c-4467-a9ab-43634b46c1f6,2026-08-18,present,8,Via copernico
2fbe95de-c20e-448a-9d69-0f9749828f3e,2f76e93b-41a3-4e8b-8741-8b3e03d8db85,a83f0aec-4e5c-4467-a9ab-43634b46c1f6,2026-08-19,holiday,0,""
800e3778-d1c0-4738-a033-e1462a36bb04,a1126a85-fd22-4cb7-af46-19697bfc7079,a83f0aec-4e5c-4467-a9ab-43634b46c1f6,2026-08-19,holiday,0,""
a7091ac7-a21a-4256-b0f4-e7510077e748,a1126a85-fd22-4cb7-af46-19697bfc7079,a83f0aec-4e5c-4467-a9ab-43634b46c1f6,2026-08-18,present,8,Via copernico
fb7dc1df-f6b5-4a0a-9b47-a8d745bb713f,2f76e93b-41a3-4e8b-8741-8b3e03d8db85,a83f0aec-4e5c-4467-a9ab-43634b46c1f6,2026-08-26,present,8,Via copernico
1a71c931-22b6-42a8-82fb-473ea98fcb4a,2f76e93b-41a3-4e8b-8741-8b3e03d8db85,a83f0aec-4e5c-4467-a9ab-43634b46c1f6,2026-08-27,present,8,Via copernico
a481c9af-5686-44af-b1d7-4c027627efea,2f76e93b-41a3-4e8b-8741-8b3e03d8db85,a83f0aec-4e5c-4467-a9ab-43634b46c1f6,2026-08-28,present,8,Via copernico
e1ed1cde-bf77-4266-8860-5e4d7bb0c3ab,a1126a85-fd22-4cb7-af46-19697bfc7079,a83f0aec-4e5c-4467-a9ab-43634b46c1f6,2026-08-24,present,8,Via copernico
750b81f9-251f-46a4-8558-9490c31b14a4,a1126a85-fd22-4cb7-af46-19697bfc7079,a83f0aec-4e5c-4467-a9ab-43634b46c1f6,2026-08-25,present,8,Via copernico
02bc7bfb-3bd4-4d37-8d8a-0e2753414cc1,a1126a85-fd22-4cb7-af46-19697bfc7079,a83f0aec-4e5c-4467-a9ab-43634b46c1f6,2026-08-26,present,8,Via copernico
b930523b-85b6-4bb2-9bf6-0e857b3defb1,a1126a85-fd22-4cb7-af46-19697bfc7079,a83f0aec-4e5c-4467-a9ab-43634b46c1f6,2026-08-27,present,8,Via copernico
67099725-0fab-427e-b94f-c844c6154934,a1126a85-fd22-4cb7-af46-19697bfc7079,a83f0aec-4e5c-4467-a9ab-43634b46c1f6,2026-08-28,present,8,Via copernico
1257e1d5-1167-45a3-bd4c-ecfdfdb83b79,51798bdc-d001-44c5-bd27-c1b31b9cefe4,89f0d7b8-afa8-4963-b414-f39bc0c50865,2026-08-03,present,8,""
4ef02c27-93fb-4604-b4d9-3605b201f522,2f76e93b-41a3-4e8b-8741-8b3e03d8db85,a83f0aec-4e5c-4467-a9ab-43634b46c1f6,2026-07-06,present,8,Via bosco capuccio
b4472919-bac8-4333-8fc7-3f98958c71b2,2f76e93b-41a3-4e8b-8741-8b3e03d8db85,a83f0aec-4e5c-4467-a9ab-43634b46c1f6,2026-07-07,present,8,Via bosco capuccio
c9896937-ae18-4b08-bfb4-d1d61c59934b,2f76e93b-41a3-4e8b-8741-8b3e03d8db85,a83f0aec-4e5c-4467-a9ab-43634b46c1f6,2026-07-08,present,8,Via bosco capuccio
fc3b9c24-3679-4761-acb7-0fa0f88d03f7,2f76e93b-41a3-4e8b-8741-8b3e03d8db85,a83f0aec-4e5c-4467-a9ab-43634b46c1f6,2026-07-13,present,8,Via bosco capuccio
09cdec2c-756d-4e16-89f5-4531e2a69ee9,2197b6fd-9cb2-4d34-8118-cf9f11b573d7,a83f0aec-4e5c-4467-a9ab-43634b46c1f6,2026-07-01,present,8,Via ingurtosu
c891f9e5-7025-414e-ac24-268f0ca43130,2197b6fd-9cb2-4d34-8118-cf9f11b573d7,a83f0aec-4e5c-4467-a9ab-43634b46c1f6,2026-07-02,present,8,Via ingurtosu
d88d12bc-95cb-443f-bb3a-22c3ce9b8c8f,2197b6fd-9cb2-4d34-8118-cf9f11b573d7,a83f0aec-4e5c-4467-a9ab-43634b46c1f6,2026-07-03,present,8,Via ingurtosu
4abf4c33-c02c-45dd-b1e7-dbc54b496450,2197b6fd-9cb2-4d34-8118-cf9f11b573d7,a83f0aec-4e5c-4467-a9ab-43634b46c1f6,2026-07-06,present,8,Via ingurtosu
5d728b9d-e986-4c2a-bb31-59ec3d1f5f03,2197b6fd-9cb2-4d34-8118-cf9f11b573d7,a83f0aec-4e5c-4467-a9ab-43634b46c1f6,2026-07-07,present,8,Via ingurtosu
1b644cd7-0cc3-4935-b3b7-09f218a8114b,2197b6fd-9cb2-4d34-8118-cf9f11b573d7,a83f0aec-4e5c-4467-a9ab-43634b46c1f6,2026-07-08,present,8,Via ingurtosu
d7164359-d30c-48c2-ad73-42bf150f67b4,2197b6fd-9cb2-4d34-8118-cf9f11b573d7,a83f0aec-4e5c-4467-a9ab-43634b46c1f6,2026-07-09,present,8,Via ingurtosu
250a153a-b2db-467d-af1a-47698873fce9,a1126a85-fd22-4cb7-af46-19697bfc7079,a83f0aec-4e5c-4467-a9ab-43634b46c1f6,2026-08-20,holiday,0,""
a08e8c5a-04d0-41e2-aa63-d1ebcd76c830,ed36110d-a2cf-4a88-91c7-0d23f758cd4c,a83f0aec-4e5c-4467-a9ab-43634b46c1f6,2026-07-02,present,8,Via ingurtosu
57086cda-23cc-410e-832b-13e58645f02f,ed36110d-a2cf-4a88-91c7-0d23f758cd4c,a83f0aec-4e5c-4467-a9ab-43634b46c1f6,2026-07-03,present,8,Via ingurtosu
6ce129b5-ca87-4f36-a758-a4806d105d7d,bb7725da-b5fc-4433-afd7-bad5e5179acb,a83f0aec-4e5c-4467-a9ab-43634b46c1f6,2026-08-10,holiday,0,""
44473d69-ae0f-44c4-b228-0f253c508be4,ed36110d-a2cf-4a88-91c7-0d23f758cd4c,a83f0aec-4e5c-4467-a9ab-43634b46c1f6,2026-07-13,present,8,Via ingurtosu
f9c8a324-a41c-4fd2-b692-1f495c5608aa,bb7725da-b5fc-4433-afd7-bad5e5179acb,a83f0aec-4e5c-4467-a9ab-43634b46c1f6,2026-08-11,holiday,0,""
05fead8f-c559-431c-b324-2b35a4a70e6a,9fc12cbc-5f92-485a-84d9-a7f2413e2cfb,a83f0aec-4e5c-4467-a9ab-43634b46c1f6,2026-07-01,present,8,Via bosco capuccio
26ba642b-e5d8-451b-bb3a-101244962856,9fc12cbc-5f92-485a-84d9-a7f2413e2cfb,a83f0aec-4e5c-4467-a9ab-43634b46c1f6,2026-07-03,present,8,Via bosco capuccio
64923fba-e742-45f6-add9-0857d2dcedaf,9fc12cbc-5f92-485a-84d9-a7f2413e2cfb,a83f0aec-4e5c-4467-a9ab-43634b46c1f6,2026-07-10,present,8,Via bosco capuccio
05d6ca45-df9d-4854-a3f4-aa887be5e3cf,9fc12cbc-5f92-485a-84d9-a7f2413e2cfb,a83f0aec-4e5c-4467-a9ab-43634b46c1f6,2026-07-13,present,8,Via bosco capuccio
54b9cd75-6477-48a4-8d3d-7fed22a00771,bb7725da-b5fc-4433-afd7-bad5e5179acb,a83f0aec-4e5c-4467-a9ab-43634b46c1f6,2026-08-13,holiday,0,""
cac9a335-e35a-4edd-bb44-9091f21ccc19,bb7725da-b5fc-4433-afd7-bad5e5179acb,a83f0aec-4e5c-4467-a9ab-43634b46c1f6,2026-08-17,holiday,0,""
01d873c3-4de5-4366-b555-70f7be5258b2,bb7725da-b5fc-4433-afd7-bad5e5179acb,a83f0aec-4e5c-4467-a9ab-43634b46c1f6,2026-08-19,holiday,0,""
53e3fece-3fe5-4471-acb8-3f93294f0de1,bb7725da-b5fc-4433-afd7-bad5e5179acb,a83f0aec-4e5c-4467-a9ab-43634b46c1f6,2026-08-21,holiday,0,""
aeba3fa6-9430-466a-8fb8-6f12d81268c5,bb7725da-b5fc-4433-afd7-bad5e5179acb,a83f0aec-4e5c-4467-a9ab-43634b46c1f6,2026-08-25,holiday,0,""
364e77c4-9c93-4645-90e6-f8898f1c614d,bb7725da-b5fc-4433-afd7-bad5e5179acb,a83f0aec-4e5c-4467-a9ab-43634b46c1f6,2026-08-27,holiday,0,""
d624eaba-23af-4d16-95a3-880090670c5b,a1126a85-fd22-4cb7-af46-19697bfc7079,a83f0aec-4e5c-4467-a9ab-43634b46c1f6,2026-07-01,present,8,Via ingurtosu
5fa734b7-2a52-44d0-a009-36434ff3ae8b,a1126a85-fd22-4cb7-af46-19697bfc7079,a83f0aec-4e5c-4467-a9ab-43634b46c1f6,2026-07-02,present,8,Via ingurtosu
52bfe5b7-4756-4e60-abce-3a025c53c4aa,a1126a85-fd22-4cb7-af46-19697bfc7079,a83f0aec-4e5c-4467-a9ab-43634b46c1f6,2026-07-03,present,8,Via ingurtosu
d1e6328d-6ab3-498a-80d4-c50e372bb185,a1126a85-fd22-4cb7-af46-19697bfc7079,a83f0aec-4e5c-4467-a9ab-43634b46c1f6,2026-07-06,present,8,Via ingurtosu
99332ce0-dd55-4d77-a0c0-df52fc3161c5,a1126a85-fd22-4cb7-af46-19697bfc7079,a83f0aec-4e5c-4467-a9ab-43634b46c1f6,2026-07-07,present,8,Via ingurtosu
76ef1dc9-7c0e-46ec-b616-cf2ab5c4670a,a1126a85-fd22-4cb7-af46-19697bfc7079,a83f0aec-4e5c-4467-a9ab-43634b46c1f6,2026-07-08,present,8,Via ingurtosu
efc60410-75c2-4420-bdd3-f765ca10ba3a,a1126a85-fd22-4cb7-af46-19697bfc7079,a83f0aec-4e5c-4467-a9ab-43634b46c1f6,2026-07-09,present,8,Via ingurtosu
019ef44a-b8d1-403e-98fa-cf08ec3afee0,a1126a85-fd22-4cb7-af46-19697bfc7079,a83f0aec-4e5c-4467-a9ab-43634b46c1f6,2026-07-10,present,8,Via ingurtosu
6e91ef25-0311-41cc-b585-d06500a84d15,a1126a85-fd22-4cb7-af46-19697bfc7079,a83f0aec-4e5c-4467-a9ab-43634b46c1f6,2026-07-13,present,8,Via ingurtosu
6a7950b4-3e4c-424e-87db-9ebfce490ec7,0f678138-246b-4d86-a3f0-5ce111536f02,a83f0aec-4e5c-4467-a9ab-43634b46c1f6,2026-08-06,present,8,Via mandrolisai
c2903269-1d71-42c7-87ca-7fefb0cbbccd,0f678138-246b-4d86-a3f0-5ce111536f02,a83f0aec-4e5c-4467-a9ab-43634b46c1f6,2026-08-12,holiday,0,""
4b6c80ce-248f-48c1-b4f2-0ddee01aed6f,0f678138-246b-4d86-a3f0-5ce111536f02,a83f0aec-4e5c-4467-a9ab-43634b46c1f6,2026-08-14,holiday,0,""
e2e36b60-56e7-41d9-a703-7d7fef0e1a8a,0f678138-246b-4d86-a3f0-5ce111536f02,a83f0aec-4e5c-4467-a9ab-43634b46c1f6,2026-08-18,holiday,0,""
aae06ce6-8f9b-4c4d-a0fd-84ff3e146321,0f678138-246b-4d86-a3f0-5ce111536f02,a83f0aec-4e5c-4467-a9ab-43634b46c1f6,2026-08-20,holiday,0,""
4bf5deab-5e39-44b6-9440-9a881e8ec66d,0f678138-246b-4d86-a3f0-5ce111536f02,a83f0aec-4e5c-4467-a9ab-43634b46c1f6,2026-08-24,holiday,0,""
d366c951-93db-4fc6-bd9e-27a529e036c2,0f678138-246b-4d86-a3f0-5ce111536f02,a83f0aec-4e5c-4467-a9ab-43634b46c1f6,2026-08-26,holiday,0,""
e5625638-b55d-4577-8d51-266328828901,0f678138-246b-4d86-a3f0-5ce111536f02,a83f0aec-4e5c-4467-a9ab-43634b46c1f6,2026-08-28,holiday,0,""
559be4d9-5e9b-43b3-ac9b-fe422bb9ef4a,2197b6fd-9cb2-4d34-8118-cf9f11b573d7,a83f0aec-4e5c-4467-a9ab-43634b46c1f6,2026-08-10,present,8,Via copernico
0a8c7cb4-9fbb-4042-bbde-da5949893ec0,2197b6fd-9cb2-4d34-8118-cf9f11b573d7,a83f0aec-4e5c-4467-a9ab-43634b46c1f6,2026-08-11,holiday,0,""
30bb1718-7b50-475c-9958-03d32f6677e4,2197b6fd-9cb2-4d34-8118-cf9f11b573d7,a83f0aec-4e5c-4467-a9ab-43634b46c1f6,2026-08-13,holiday,0,""
e62b7ce8-46ca-44dc-bb9a-5d454af64067,2197b6fd-9cb2-4d34-8118-cf9f11b573d7,a83f0aec-4e5c-4467-a9ab-43634b46c1f6,2026-08-17,holiday,0,""
e9a7b478-91a9-4bd4-a6d4-df0dd69d3f15,2197b6fd-9cb2-4d34-8118-cf9f11b573d7,a83f0aec-4e5c-4467-a9ab-43634b46c1f6,2026-08-19,holiday,0,""
cfa50e42-fc81-4ceb-8ce8-fd90d9bdc95b,845c647c-e807-4025-b13a-608280392d8d,a83f0aec-4e5c-4467-a9ab-43634b46c1f6,2026-07-17,present,5,via mandrolisai
65532532-ccb4-4f5b-a44d-eadf65c5266b,2197b6fd-9cb2-4d34-8118-cf9f11b573d7,a83f0aec-4e5c-4467-a9ab-43634b46c1f6,2026-08-21,holiday,0,""
1185942c-626a-4f82-9bc8-c8cdbf4de7bb,2197b6fd-9cb2-4d34-8118-cf9f11b573d7,a83f0aec-4e5c-4467-a9ab-43634b46c1f6,2026-08-25,holiday,0,""
a8445be1-1009-4778-929a-897d16fb4d81,2197b6fd-9cb2-4d34-8118-cf9f11b573d7,a83f0aec-4e5c-4467-a9ab-43634b46c1f6,2026-08-27,holiday,0,""
edcf7c1c-c223-41db-b1aa-0b674aba0491,9fc12cbc-5f92-485a-84d9-a7f2413e2cfb,a83f0aec-4e5c-4467-a9ab-43634b46c1f6,2026-08-10,present,8,Via copernico
b4a5d616-c724-4a48-9e72-6c63d0bd25b3,9fc12cbc-5f92-485a-84d9-a7f2413e2cfb,a83f0aec-4e5c-4467-a9ab-43634b46c1f6,2026-08-13,holiday,0,""
9fd8ddde-9150-49e8-9015-b6d9f5ed8a14,9fc12cbc-5f92-485a-84d9-a7f2413e2cfb,a83f0aec-4e5c-4467-a9ab-43634b46c1f6,2026-08-17,holiday,0,""
2c3ec133-b1c1-4072-839c-1e86c31b6bd4,9fc12cbc-5f92-485a-84d9-a7f2413e2cfb,a83f0aec-4e5c-4467-a9ab-43634b46c1f6,2026-08-19,holiday,0,""
23980e1d-4258-40d1-8b4d-bea88218bbff,9fc12cbc-5f92-485a-84d9-a7f2413e2cfb,a83f0aec-4e5c-4467-a9ab-43634b46c1f6,2026-08-21,holiday,0,""
b201f00d-a8d7-45da-bba4-f8209ff6068a,9fc12cbc-5f92-485a-84d9-a7f2413e2cfb,a83f0aec-4e5c-4467-a9ab-43634b46c1f6,2026-08-25,holiday,0,""
9f96bdcc-66bb-47e2-9716-530f264587b0,9fc12cbc-5f92-485a-84d9-a7f2413e2cfb,a83f0aec-4e5c-4467-a9ab-43634b46c1f6,2026-08-27,holiday,0,""
dc87eec2-cd60-4bb4-981d-6445ce7d802f,a1126a85-fd22-4cb7-af46-19697bfc7079,a83f0aec-4e5c-4467-a9ab-43634b46c1f6,2026-08-10,present,8,Via copernico
612d72aa-b38e-47f3-bdb2-9fc54bd1d5ab,2f76e93b-41a3-4e8b-8741-8b3e03d8db85,a83f0aec-4e5c-4467-a9ab-43634b46c1f6,2026-08-20,holiday,0,""
0705c836-adef-4777-aba3-118a4f6db3a1,ed17502d-bd6a-418e-a321-b5c13b8979eb,a83f0aec-4e5c-4467-a9ab-43634b46c1f6,2026-08-26,holiday,0,""
f2a4e890-7b76-4b4d-b03d-0c3d0aab8be6,ed17502d-bd6a-418e-a321-b5c13b8979eb,a83f0aec-4e5c-4467-a9ab-43634b46c1f6,2026-08-27,holiday,0,""
a28a5320-13ae-4a98-884a-164e40f4e694,ed17502d-bd6a-418e-a321-b5c13b8979eb,a83f0aec-4e5c-4467-a9ab-43634b46c1f6,2026-08-25,holiday,0,""
0ba50aec-bf7c-4dfe-be31-adba1606a68e,ed17502d-bd6a-418e-a321-b5c13b8979eb,a83f0aec-4e5c-4467-a9ab-43634b46c1f6,2026-08-24,holiday,0,""
659b65ac-af89-48a4-8603-01087ade9f4e,ed17502d-bd6a-418e-a321-b5c13b8979eb,a83f0aec-4e5c-4467-a9ab-43634b46c1f6,2026-08-28,holiday,0,""
ccb1e76d-3fb4-4177-b435-f8130dc66e3f,e29ef4e3-a2cd-4328-8cd5-5d17785f1a83,a83f0aec-4e5c-4467-a9ab-43634b46c1f6,2026-08-31,holiday,0,""
eb0f1968-6b8d-41bc-8d94-ddbfc1bee3a0,845c647c-e807-4025-b13a-608280392d8d,a83f0aec-4e5c-4467-a9ab-43634b46c1f6,2026-08-31,holiday,0,""
0b8d618d-2d41-4685-b85c-66168c742730,bb7725da-b5fc-4433-afd7-bad5e5179acb,a83f0aec-4e5c-4467-a9ab-43634b46c1f6,2026-08-31,holiday,0,""
0d8e2893-90ae-40af-9952-cef6ffb5ca14,0f678138-246b-4d86-a3f0-5ce111536f02,a83f0aec-4e5c-4467-a9ab-43634b46c1f6,2026-08-31,holiday,0,""
00c806a1-669f-4c29-86e1-6d6ef3d6e4fb,a335efe4-d86c-4f3f-a2a1-b4abc123d167,a83f0aec-4e5c-4467-a9ab-43634b46c1f6,2026-08-31,present,8,Via fadda/alghero
b77065b4-28e5-404d-8034-8a2dc7d1895a,1c0f2692-e1e4-40fe-907e-6023010d5f19,a83f0aec-4e5c-4467-a9ab-43634b46c1f6,2026-08-10,holiday,0,""
a170429a-6afe-4f36-8d1b-3767d1a87924,1c0f2692-e1e4-40fe-907e-6023010d5f19,a83f0aec-4e5c-4467-a9ab-43634b46c1f6,2026-08-12,holiday,0,""
9addd10a-6bd3-4a0a-a108-5ab631e688ff,cff16040-6983-48f2-b49c-1fa06f131879,a83f0aec-4e5c-4467-a9ab-43634b46c1f6,2026-07-30,present,8,Via fadda/alghero
2b9ebb1e-65d3-48e4-afd0-bf914040f16a,b667d9a9-f058-4fd7-90bf-62cdef8d5672,a83f0aec-4e5c-4467-a9ab-43634b46c1f6,2026-07-16,present,8,Via giotto
e6a9df47-7f6f-46a0-9262-c6db56dd652e,0dd64ca9-1964-46eb-8f97-a71315c8b1ed,a83f0aec-4e5c-4467-a9ab-43634b46c1f6,2026-07-14,present,8,Via strauss
579ed6be-af79-4158-add0-063db9ce3a7b,1c0f2692-e1e4-40fe-907e-6023010d5f19,a83f0aec-4e5c-4467-a9ab-43634b46c1f6,2026-08-14,holiday,0,""
c17fb9e3-52fc-4e94-8371-257ccea9b636,a335efe4-d86c-4f3f-a2a1-b4abc123d167,a83f0aec-4e5c-4467-a9ab-43634b46c1f6,2026-07-14,present,8,Via copernico
862fc8a3-5d79-4af1-9a52-d60c114dc7f8,a335efe4-d86c-4f3f-a2a1-b4abc123d167,a83f0aec-4e5c-4467-a9ab-43634b46c1f6,2026-07-15,present,8,Via copernico
c0fc3a8a-c87b-4cf1-9080-c65634ff5816,a335efe4-d86c-4f3f-a2a1-b4abc123d167,a83f0aec-4e5c-4467-a9ab-43634b46c1f6,2026-07-16,present,8,Via copernico
22628595-2392-4f22-b6be-f29bcb1294ab,a335efe4-d86c-4f3f-a2a1-b4abc123d167,a83f0aec-4e5c-4467-a9ab-43634b46c1f6,2026-07-17,present,8,Via copernico
15b32870-665b-4e5d-a2c1-6bf7031ac0f2,a335efe4-d86c-4f3f-a2a1-b4abc123d167,a83f0aec-4e5c-4467-a9ab-43634b46c1f6,2026-07-20,present,8,Via copernico
3aa9a55e-e136-4e3d-897f-82d8e0c4b294,a335efe4-d86c-4f3f-a2a1-b4abc123d167,a83f0aec-4e5c-4467-a9ab-43634b46c1f6,2026-07-21,present,8,Via copernico
75a2972a-b3b2-4741-9209-27c78633e609,a335efe4-d86c-4f3f-a2a1-b4abc123d167,a83f0aec-4e5c-4467-a9ab-43634b46c1f6,2026-07-22,present,8,Via copernico
6d04ef36-3f75-4c96-baed-fdfc764f381d,a335efe4-d86c-4f3f-a2a1-b4abc123d167,a83f0aec-4e5c-4467-a9ab-43634b46c1f6,2026-07-23,present,8,Via copernico
eb5097ba-cb42-4da6-a42e-8fea2cf740dc,a335efe4-d86c-4f3f-a2a1-b4abc123d167,a83f0aec-4e5c-4467-a9ab-43634b46c1f6,2026-07-24,present,8,Via copernico
9250dbb3-7680-40a5-ad6d-1175a97a6e76,a335efe4-d86c-4f3f-a2a1-b4abc123d167,a83f0aec-4e5c-4467-a9ab-43634b46c1f6,2026-07-27,present,8,Via copernico
2c1ca1b3-9538-45af-bf89-dfc6cb710ddd,0dd64ca9-1964-46eb-8f97-a71315c8b1ed,a83f0aec-4e5c-4467-a9ab-43634b46c1f6,2026-07-15,present,8,Via strauss
bdedbc5f-db01-4794-86c0-43d6da1f8094,a335efe4-d86c-4f3f-a2a1-b4abc123d167,a83f0aec-4e5c-4467-a9ab-43634b46c1f6,2026-07-28,present,8,Via copernico
426dfadc-e2c8-4ca3-bf21-e9e5d0d173c3,a335efe4-d86c-4f3f-a2a1-b4abc123d167,a83f0aec-4e5c-4467-a9ab-43634b46c1f6,2026-07-29,present,8,Via copernico
87d20441-46a9-4914-87d6-137160308e40,a335efe4-d86c-4f3f-a2a1-b4abc123d167,a83f0aec-4e5c-4467-a9ab-43634b46c1f6,2026-07-30,present,8,Via copernico
8417d5eb-a7f7-45f5-b1d4-b51f0cb3037b,cff16040-6983-48f2-b49c-1fa06f131879,a83f0aec-4e5c-4467-a9ab-43634b46c1f6,2026-07-14,present,8,Via fadda/alghero
c8629c84-666b-463d-82d1-e067e7323f84,cff16040-6983-48f2-b49c-1fa06f131879,a83f0aec-4e5c-4467-a9ab-43634b46c1f6,2026-07-15,present,8,Via fadda/alghero
8832a639-4967-4dee-9113-d0f25b622b4a,cff16040-6983-48f2-b49c-1fa06f131879,a83f0aec-4e5c-4467-a9ab-43634b46c1f6,2026-07-16,present,8,Via fadda/alghero
b87ff133-3c6e-4ede-91de-67e779d139f9,cff16040-6983-48f2-b49c-1fa06f131879,a83f0aec-4e5c-4467-a9ab-43634b46c1f6,2026-07-17,present,8,Via fadda/alghero
ddb07803-803f-4a4c-9579-a502e70c3f11,cff16040-6983-48f2-b49c-1fa06f131879,a83f0aec-4e5c-4467-a9ab-43634b46c1f6,2026-07-20,present,8,Via fadda/alghero
83efcdb8-8298-400c-94ab-406320791eed,cff16040-6983-48f2-b49c-1fa06f131879,a83f0aec-4e5c-4467-a9ab-43634b46c1f6,2026-07-21,present,8,Via fadda/alghero
1d652b74-eadb-4fdc-8663-2d4aa97836dd,cff16040-6983-48f2-b49c-1fa06f131879,a83f0aec-4e5c-4467-a9ab-43634b46c1f6,2026-07-22,present,8,Via fadda/alghero
79502bb9-39e7-45c2-a572-e0c9576116b7,cff16040-6983-48f2-b49c-1fa06f131879,a83f0aec-4e5c-4467-a9ab-43634b46c1f6,2026-07-23,present,8,Via fadda/alghero
c05f40d0-9304-40d6-a4b3-e1879df9240d,cff16040-6983-48f2-b49c-1fa06f131879,a83f0aec-4e5c-4467-a9ab-43634b46c1f6,2026-07-24,present,8,Via fadda/alghero
53e57ef1-e1bb-4b76-b670-5eb1e0667345,cff16040-6983-48f2-b49c-1fa06f131879,a83f0aec-4e5c-4467-a9ab-43634b46c1f6,2026-07-27,present,8,Via fadda/alghero
b73d35aa-6ee4-4e90-8579-380814c44232,cff16040-6983-48f2-b49c-1fa06f131879,a83f0aec-4e5c-4467-a9ab-43634b46c1f6,2026-07-28,present,8,Via fadda/alghero
646b76ee-9d51-4e60-b540-a77c93e6fcf4,0dd64ca9-1964-46eb-8f97-a71315c8b1ed,a83f0aec-4e5c-4467-a9ab-43634b46c1f6,2026-07-16,present,8,Via strauss
9c4c9a45-a967-43ac-8f36-a00c5018d8e0,cff16040-6983-48f2-b49c-1fa06f131879,a83f0aec-4e5c-4467-a9ab-43634b46c1f6,2026-07-29,present,8,Via fadda/alghero
975d36cc-073b-43a6-8f93-870c6c550af0,0dd64ca9-1964-46eb-8f97-a71315c8b1ed,a83f0aec-4e5c-4467-a9ab-43634b46c1f6,2026-07-17,present,8,Via strauss
316ebb09-50a4-4989-b71c-5cb24b2e3eb5,0dd64ca9-1964-46eb-8f97-a71315c8b1ed,a83f0aec-4e5c-4467-a9ab-43634b46c1f6,2026-07-20,present,8,Via strauss
2be8fa52-4630-4a13-9eb8-c1d6d2fdc365,0dd64ca9-1964-46eb-8f97-a71315c8b1ed,a83f0aec-4e5c-4467-a9ab-43634b46c1f6,2026-07-21,present,8,Via strauss
c7fe8571-5303-43c1-9fc8-44cce0316fb9,0dd64ca9-1964-46eb-8f97-a71315c8b1ed,a83f0aec-4e5c-4467-a9ab-43634b46c1f6,2026-07-22,present,8,Via strauss
faa4215d-0a9b-4079-bcac-74b57bc9298e,0dd64ca9-1964-46eb-8f97-a71315c8b1ed,a83f0aec-4e5c-4467-a9ab-43634b46c1f6,2026-07-23,present,8,Via strauss
d6a36346-2151-4e5a-905e-b98d0e4233cb,0dd64ca9-1964-46eb-8f97-a71315c8b1ed,a83f0aec-4e5c-4467-a9ab-43634b46c1f6,2026-07-24,present,8,Via strauss
9e9e4c16-2c5d-4924-a1f2-ddb6f4c14932,0dd64ca9-1964-46eb-8f97-a71315c8b1ed,a83f0aec-4e5c-4467-a9ab-43634b46c1f6,2026-07-27,present,8,Via strauss
687625b6-cb17-4609-a3f9-70f4e540b744,0dd64ca9-1964-46eb-8f97-a71315c8b1ed,a83f0aec-4e5c-4467-a9ab-43634b46c1f6,2026-07-28,present,8,Via strauss
73e7d572-fd35-4870-a2ca-6099b85d64f6,0dd64ca9-1964-46eb-8f97-a71315c8b1ed,a83f0aec-4e5c-4467-a9ab-43634b46c1f6,2026-07-29,present,8,Via strauss
c5434f47-e568-4e3c-9f74-8ec8c76a802f,0dd64ca9-1964-46eb-8f97-a71315c8b1ed,a83f0aec-4e5c-4467-a9ab-43634b46c1f6,2026-07-30,present,8,Via strauss
0307d258-c46a-45f5-a83d-c54bd27f4fd0,b667d9a9-f058-4fd7-90bf-62cdef8d5672,a83f0aec-4e5c-4467-a9ab-43634b46c1f6,2026-07-14,present,8,Via giotto
eec069ec-79af-4c0c-8bb1-f43eddd44a8b,b667d9a9-f058-4fd7-90bf-62cdef8d5672,a83f0aec-4e5c-4467-a9ab-43634b46c1f6,2026-07-15,present,8,Via giotto
5645547a-9b40-47bc-a2ce-b6f7948a43bd,b667d9a9-f058-4fd7-90bf-62cdef8d5672,a83f0aec-4e5c-4467-a9ab-43634b46c1f6,2026-07-17,present,8,Via giotto
e2eb8902-6232-4359-812f-f1341b748a6d,b667d9a9-f058-4fd7-90bf-62cdef8d5672,a83f0aec-4e5c-4467-a9ab-43634b46c1f6,2026-07-28,present,8,Via giotto
f2a8999b-b7e2-4566-870d-d62604ae6f08,b667d9a9-f058-4fd7-90bf-62cdef8d5672,a83f0aec-4e5c-4467-a9ab-43634b46c1f6,2026-07-20,present,8,Via giotto
86073c61-8f1a-4453-991e-36411ea21b36,b667d9a9-f058-4fd7-90bf-62cdef8d5672,a83f0aec-4e5c-4467-a9ab-43634b46c1f6,2026-07-21,present,8,Via giotto
929a329e-b6c2-4324-a7c6-6802f5435fd6,b667d9a9-f058-4fd7-90bf-62cdef8d5672,a83f0aec-4e5c-4467-a9ab-43634b46c1f6,2026-07-22,present,8,Via giotto
5eefd7c9-87b5-4b03-8412-d72b3e645709,b667d9a9-f058-4fd7-90bf-62cdef8d5672,a83f0aec-4e5c-4467-a9ab-43634b46c1f6,2026-07-23,present,8,Via giotto
3e2e5dbf-0e69-4fe1-8883-28db52dd2919,b667d9a9-f058-4fd7-90bf-62cdef8d5672,a83f0aec-4e5c-4467-a9ab-43634b46c1f6,2026-07-24,present,8,Via giotto
dd806c5b-6531-40e5-b231-e3f341069e93,b667d9a9-f058-4fd7-90bf-62cdef8d5672,a83f0aec-4e5c-4467-a9ab-43634b46c1f6,2026-07-27,present,8,Via giotto
43e73ca6-f3b7-44d7-9c82-6c0e42b143ec,b667d9a9-f058-4fd7-90bf-62cdef8d5672,a83f0aec-4e5c-4467-a9ab-43634b46c1f6,2026-07-29,present,8,Via giotto
e4735c25-1515-45a7-ad68-dd82975e040e,b667d9a9-f058-4fd7-90bf-62cdef8d5672,a83f0aec-4e5c-4467-a9ab-43634b46c1f6,2026-07-30,present,8,Via giotto
0142b63d-20ae-4779-a01f-cd4468f21c10,b667d9a9-f058-4fd7-90bf-62cdef8d5672,a83f0aec-4e5c-4467-a9ab-43634b46c1f6,2026-07-31,present,8,Via giotto
d2faabae-1814-4476-a099-70e7ecbb5e0e,07cba65e-e2f7-495c-8b24-2192173054a0,a83f0aec-4e5c-4467-a9ab-43634b46c1f6,2026-07-16,present,8,Via copernico
84a4d1cd-529d-4c31-8f06-c75733fd90d0,07cba65e-e2f7-495c-8b24-2192173054a0,a83f0aec-4e5c-4467-a9ab-43634b46c1f6,2026-07-14,present,8,Via copernico
43491a84-2e1b-43a8-8aa3-9584fbde1c7a,07cba65e-e2f7-495c-8b24-2192173054a0,a83f0aec-4e5c-4467-a9ab-43634b46c1f6,2026-07-15,present,8,Via copernico
cb979f5a-841e-4df3-8779-f82c72071ef6,07cba65e-e2f7-495c-8b24-2192173054a0,a83f0aec-4e5c-4467-a9ab-43634b46c1f6,2026-07-17,present,8,Via copernico
58adf658-6e80-4e18-a84b-ce1e0d47bc4a,07cba65e-e2f7-495c-8b24-2192173054a0,a83f0aec-4e5c-4467-a9ab-43634b46c1f6,2026-07-20,present,8,Via copernico
47dcc8f7-b1ec-45a4-a6a7-bdad1d9ec0af,07cba65e-e2f7-495c-8b24-2192173054a0,a83f0aec-4e5c-4467-a9ab-43634b46c1f6,2026-07-21,present,8,Via copernico
09614c3f-d359-4f6e-9c0f-693dffaa0d67,07cba65e-e2f7-495c-8b24-2192173054a0,a83f0aec-4e5c-4467-a9ab-43634b46c1f6,2026-07-22,present,8,Via copernico
14ae044e-7e55-4a89-9f63-5ebdec25136e,07cba65e-e2f7-495c-8b24-2192173054a0,a83f0aec-4e5c-4467-a9ab-43634b46c1f6,2026-07-23,present,8,Via copernico
9e68ff84-61da-42de-adec-b0719ea76ef0,07cba65e-e2f7-495c-8b24-2192173054a0,a83f0aec-4e5c-4467-a9ab-43634b46c1f6,2026-07-24,present,8,Via copernico
d1d26c3e-8935-4725-8bd1-69c3a4defb42,0f678138-246b-4d86-a3f0-5ce111536f02,a83f0aec-4e5c-4467-a9ab-43634b46c1f6,2026-07-17,present,5,via mandrolisai
b07da026-adce-4981-b0f5-9c0b8169704a,07cba65e-e2f7-495c-8b24-2192173054a0,a83f0aec-4e5c-4467-a9ab-43634b46c1f6,2026-07-27,present,8,Via copernico
138f4d10-a55d-4290-9724-c328428395cf,07cba65e-e2f7-495c-8b24-2192173054a0,a83f0aec-4e5c-4467-a9ab-43634b46c1f6,2026-07-28,present,8,Via copernico
2f217457-6429-4330-a1aa-4802a8323a44,07cba65e-e2f7-495c-8b24-2192173054a0,a83f0aec-4e5c-4467-a9ab-43634b46c1f6,2026-07-29,present,8,Via copernico
77a88e27-d798-45df-ab40-32397d9d3c5a,07cba65e-e2f7-495c-8b24-2192173054a0,a83f0aec-4e5c-4467-a9ab-43634b46c1f6,2026-07-30,present,8,Via copernico
0713007a-7aeb-47fa-b88f-967c77ce09a1,be17adcf-4219-4796-958f-51e2b5e0cf92,a83f0aec-4e5c-4467-a9ab-43634b46c1f6,2026-07-14,present,8,Via strauss
26fefc80-ffa1-4280-a3f5-d97d8cc617b6,be17adcf-4219-4796-958f-51e2b5e0cf92,a83f0aec-4e5c-4467-a9ab-43634b46c1f6,2026-07-15,present,8,Via strauss
c3671fb6-b8a4-4372-ba46-4a6f728a9752,be17adcf-4219-4796-958f-51e2b5e0cf92,a83f0aec-4e5c-4467-a9ab-43634b46c1f6,2026-07-20,present,8,Via strauss
c35dcb8a-b91b-4929-b8fd-0e2dab98d305,be17adcf-4219-4796-958f-51e2b5e0cf92,a83f0aec-4e5c-4467-a9ab-43634b46c1f6,2026-07-21,present,8,Via strauss
ef765762-7031-4fc9-b899-cd6414faefa3,be17adcf-4219-4796-958f-51e2b5e0cf92,a83f0aec-4e5c-4467-a9ab-43634b46c1f6,2026-07-23,present,8,Via strauss
cb8b1620-e9e2-4a41-9b63-532133399d92,be17adcf-4219-4796-958f-51e2b5e0cf92,a83f0aec-4e5c-4467-a9ab-43634b46c1f6,2026-07-24,present,8,Via strauss
1eecb0b4-834e-44f0-bf1f-bb3cf698beb4,be17adcf-4219-4796-958f-51e2b5e0cf92,a83f0aec-4e5c-4467-a9ab-43634b46c1f6,2026-07-27,present,8,Via strauss
01c4e06c-677d-4b8e-a370-b79da5a18fb4,be17adcf-4219-4796-958f-51e2b5e0cf92,a83f0aec-4e5c-4467-a9ab-43634b46c1f6,2026-07-28,present,8,Via strauss
94d5705a-51a1-45ed-85be-4611f950a92f,be17adcf-4219-4796-958f-51e2b5e0cf92,a83f0aec-4e5c-4467-a9ab-43634b46c1f6,2026-07-29,present,8,Via strauss
decf9b91-4322-4a13-9b2c-da5a4efe80dd,be17adcf-4219-4796-958f-51e2b5e0cf92,a83f0aec-4e5c-4467-a9ab-43634b46c1f6,2026-07-30,present,8,Via strauss
16894845-cdb7-4a15-8361-8b74157cb2ef,42b77da1-31e4-4197-88a5-2679c57fac56,a83f0aec-4e5c-4467-a9ab-43634b46c1f6,2026-07-14,present,8,Via copernico
cab472b5-5a21-4fd9-99e5-d612c5e91a76,1c0f2692-e1e4-40fe-907e-6023010d5f19,a83f0aec-4e5c-4467-a9ab-43634b46c1f6,2026-08-11,holiday,0,""
7f6dcdb5-90e4-49a4-a566-d221c736f2ce,1c0f2692-e1e4-40fe-907e-6023010d5f19,a83f0aec-4e5c-4467-a9ab-43634b46c1f6,2026-08-13,holiday,0,""
a2ad9f92-56c5-495e-952b-b5750629ddab,1c0f2692-e1e4-40fe-907e-6023010d5f19,a83f0aec-4e5c-4467-a9ab-43634b46c1f6,2026-08-17,holiday,0,""
4d5b2597-0561-453e-9767-4ae1bc58be66,1c0f2692-e1e4-40fe-907e-6023010d5f19,a83f0aec-4e5c-4467-a9ab-43634b46c1f6,2026-08-20,holiday,0,""
665f2b26-b805-4a7a-86e0-02404b5a5f90,1c0f2692-e1e4-40fe-907e-6023010d5f19,a83f0aec-4e5c-4467-a9ab-43634b46c1f6,2026-08-24,holiday,0,""
79bb3579-0b91-4bc0-8f71-890c2097ede4,1c0f2692-e1e4-40fe-907e-6023010d5f19,a83f0aec-4e5c-4467-a9ab-43634b46c1f6,2026-08-26,holiday,0,""
47260bcf-ecdc-471b-adf3-403f33df9bee,1c0f2692-e1e4-40fe-907e-6023010d5f19,a83f0aec-4e5c-4467-a9ab-43634b46c1f6,2026-08-28,holiday,0,""
b2f5ddcd-f635-4465-9b7a-993b8374fee1,a335efe4-d86c-4f3f-a2a1-b4abc123d167,a83f0aec-4e5c-4467-a9ab-43634b46c1f6,2026-08-07,present,8,Via copernico
c97a907e-701b-4c72-b0ec-c6f99ae727ba,0dd64ca9-1964-46eb-8f97-a71315c8b1ed,a83f0aec-4e5c-4467-a9ab-43634b46c1f6,2026-08-06,present,8,Via copernico
4b24c606-2f06-45c2-8a74-25d2005e3ceb,0dd64ca9-1964-46eb-8f97-a71315c8b1ed,a83f0aec-4e5c-4467-a9ab-43634b46c1f6,2026-08-07,present,8,Via copernico
6fea7ea6-541e-4f6a-9cd6-b0e691e6cd3c,b667d9a9-f058-4fd7-90bf-62cdef8d5672,a83f0aec-4e5c-4467-a9ab-43634b46c1f6,2026-08-06,present,8,Via bosco cappuccio 
6b9a05e7-e849-4268-aa12-7db8d760ff73,b667d9a9-f058-4fd7-90bf-62cdef8d5672,a83f0aec-4e5c-4467-a9ab-43634b46c1f6,2026-08-07,present,8,Via bosco cappuccio
b10500f1-cc77-4ba4-954f-d1475daf2787,07cba65e-e2f7-495c-8b24-2192173054a0,a83f0aec-4e5c-4467-a9ab-43634b46c1f6,2026-08-06,present,8,Via fadda/alghero
558e4134-736a-4b5d-b23b-881c7ab1fa05,07cba65e-e2f7-495c-8b24-2192173054a0,a83f0aec-4e5c-4467-a9ab-43634b46c1f6,2026-08-07,present,8,Via fadda/alghero
8b564995-0fe4-4793-887a-a7867fd037f1,be17adcf-4219-4796-958f-51e2b5e0cf92,a83f0aec-4e5c-4467-a9ab-43634b46c1f6,2026-08-07,present,8,Via bosco cappuccio
480ccdee-008d-4749-8fb8-eb43eb4c38e9,42b77da1-31e4-4197-88a5-2679c57fac56,a83f0aec-4e5c-4467-a9ab-43634b46c1f6,2026-08-06,present,8,Via bosco cappuccio
0988885f-5784-4b73-b851-d90425d64587,42b77da1-31e4-4197-88a5-2679c57fac56,a83f0aec-4e5c-4467-a9ab-43634b46c1f6,2026-08-07,present,8,Via bosco cappuccio
b28dcad8-e49f-46ee-8ebb-2c1d59b00edd,2f76e93b-41a3-4e8b-8741-8b3e03d8db85,a83f0aec-4e5c-4467-a9ab-43634b46c1f6,2026-08-07,present,8,Via copernico
c3908dde-b4b7-42d1-8672-b678bff2daad,2197b6fd-9cb2-4d34-8118-cf9f11b573d7,a83f0aec-4e5c-4467-a9ab-43634b46c1f6,2026-08-06,present,8,Via copernico
36ee1335-dcab-4172-910c-3c6b5e734261,9fc12cbc-5f92-485a-84d9-a7f2413e2cfb,a83f0aec-4e5c-4467-a9ab-43634b46c1f6,2026-08-06,present,8,Via copernico
50fb41cc-b548-4fbe-bfcc-cfe1e07aebc6,9fc12cbc-5f92-485a-84d9-a7f2413e2cfb,a83f0aec-4e5c-4467-a9ab-43634b46c1f6,2026-08-07,present,8,Via copernico
c9f2772c-fb1d-41a4-910c-d00c9f627e11,a1126a85-fd22-4cb7-af46-19697bfc7079,a83f0aec-4e5c-4467-a9ab-43634b46c1f6,2026-08-06,present,8,Via copernico
d62001bb-fc11-4fe4-9ab9-0e39565f4d93,42b77da1-31e4-4197-88a5-2679c57fac56,a83f0aec-4e5c-4467-a9ab-43634b46c1f6,2026-08-10,holiday,0,""
9e7a16bc-eb19-47b9-a878-8919da5e31bb,42b77da1-31e4-4197-88a5-2679c57fac56,a83f0aec-4e5c-4467-a9ab-43634b46c1f6,2026-08-12,holiday,0,""
abff6ad2-e1ec-4d0b-bcaa-ed71289a0171,42b77da1-31e4-4197-88a5-2679c57fac56,a83f0aec-4e5c-4467-a9ab-43634b46c1f6,2026-08-14,holiday,0,""
e734601c-590c-42c0-8f3a-6af898bca728,42b77da1-31e4-4197-88a5-2679c57fac56,a83f0aec-4e5c-4467-a9ab-43634b46c1f6,2026-08-18,holiday,0,""
772d3dd9-b780-44a0-a103-c461387fe7a0,42b77da1-31e4-4197-88a5-2679c57fac56,a83f0aec-4e5c-4467-a9ab-43634b46c1f6,2026-08-20,holiday,0,""
ff4e3e80-2d90-4e4f-987e-5722acf77185,42b77da1-31e4-4197-88a5-2679c57fac56,a83f0aec-4e5c-4467-a9ab-43634b46c1f6,2026-08-24,holiday,0,""
2bcf1ad7-01cd-4e9c-82fd-f9e386b9a1bc,42b77da1-31e4-4197-88a5-2679c57fac56,a83f0aec-4e5c-4467-a9ab-43634b46c1f6,2026-08-26,holiday,0,""
99c03b42-c903-4a06-8f7c-c42122f0a2e3,42b77da1-31e4-4197-88a5-2679c57fac56,a83f0aec-4e5c-4467-a9ab-43634b46c1f6,2026-08-28,holiday,0,""
8cc4e149-0267-4db6-84b7-91dc2466ce62,be17adcf-4219-4796-958f-51e2b5e0cf92,a83f0aec-4e5c-4467-a9ab-43634b46c1f6,2026-08-11,holiday,0,""
77accc3f-8594-4f9b-b064-01e966719ca2,be17adcf-4219-4796-958f-51e2b5e0cf92,a83f0aec-4e5c-4467-a9ab-43634b46c1f6,2026-08-13,holiday,0,""
e97a832a-3c1d-4229-a3ec-3a53e0417ba5,be17adcf-4219-4796-958f-51e2b5e0cf92,a83f0aec-4e5c-4467-a9ab-43634b46c1f6,2026-08-17,holiday,0,""
f1737cb3-39ee-4a0a-a8fa-4194e8ec80c7,be17adcf-4219-4796-958f-51e2b5e0cf92,a83f0aec-4e5c-4467-a9ab-43634b46c1f6,2026-08-19,holiday,0,""
a6ac6d07-3fbe-47a3-9634-3fa201e8b20b,be17adcf-4219-4796-958f-51e2b5e0cf92,a83f0aec-4e5c-4467-a9ab-43634b46c1f6,2026-08-21,holiday,0,""
30a29071-4c35-407d-a6c0-f434cb963c5d,be17adcf-4219-4796-958f-51e2b5e0cf92,a83f0aec-4e5c-4467-a9ab-43634b46c1f6,2026-08-25,holiday,0,""
3ca4bbf5-ac12-40f4-8304-ac294f019cd1,be17adcf-4219-4796-958f-51e2b5e0cf92,a83f0aec-4e5c-4467-a9ab-43634b46c1f6,2026-08-27,holiday,0,""
fbd34113-871c-490c-ab08-ee9f0cdae411,1c0f2692-e1e4-40fe-907e-6023010d5f19,a83f0aec-4e5c-4467-a9ab-43634b46c1f6,2026-08-18,holiday,0,""
bc229809-0486-4d22-9ef5-ce7f781daae3,a1126a85-fd22-4cb7-af46-19697bfc7079,a83f0aec-4e5c-4467-a9ab-43634b46c1f6,2026-08-11,present,8,Via copernico
8e00a2b5-f207-40b5-b16a-7b1037339a39,33872abe-802f-47d0-8614-f4d206fff08f,a83f0aec-4e5c-4467-a9ab-43634b46c1f6,2026-08-12,holiday,0,""
bbd7f8e6-f56b-4da4-bb92-f08b8da02bba,33872abe-802f-47d0-8614-f4d206fff08f,a83f0aec-4e5c-4467-a9ab-43634b46c1f6,2026-08-14,holiday,0,""
79039c94-ed2e-4e64-abba-990076d3da57,33872abe-802f-47d0-8614-f4d206fff08f,a83f0aec-4e5c-4467-a9ab-43634b46c1f6,2026-08-18,holiday,0,""
7b9f7fed-7125-43ac-8856-615364cf4013,33872abe-802f-47d0-8614-f4d206fff08f,a83f0aec-4e5c-4467-a9ab-43634b46c1f6,2026-08-20,holiday,0,""
193b992d-003b-4fb1-95e3-0d683f0ca941,33872abe-802f-47d0-8614-f4d206fff08f,a83f0aec-4e5c-4467-a9ab-43634b46c1f6,2026-08-24,holiday,0,""
ad194fe1-c3ba-450c-acbf-5ad1a52cab93,33872abe-802f-47d0-8614-f4d206fff08f,a83f0aec-4e5c-4467-a9ab-43634b46c1f6,2026-08-26,holiday,0,""
651a728e-6f1c-4731-bcb6-d2e2e8aa1270,33872abe-802f-47d0-8614-f4d206fff08f,a83f0aec-4e5c-4467-a9ab-43634b46c1f6,2026-08-28,holiday,0,""
cb64327d-18b2-46c1-922c-e90ab652046e,f029e10a-9baf-4528-b950-2e10fb4d13ce,a83f0aec-4e5c-4467-a9ab-43634b46c1f6,2026-08-12,holiday,0,""
5fcc49f0-4ec3-47a7-8014-23d8390b891b,f029e10a-9baf-4528-b950-2e10fb4d13ce,a83f0aec-4e5c-4467-a9ab-43634b46c1f6,2026-08-14,holiday,0,""
11d964b8-e4d4-4edb-8bbe-db2b6ee5a47e,f029e10a-9baf-4528-b950-2e10fb4d13ce,a83f0aec-4e5c-4467-a9ab-43634b46c1f6,2026-08-18,holiday,0,""
db56e3a7-2317-46e0-b11a-39d5bdc057d9,f029e10a-9baf-4528-b950-2e10fb4d13ce,a83f0aec-4e5c-4467-a9ab-43634b46c1f6,2026-08-20,holiday,0,""
d4ec7b92-a263-4a97-b971-50ba59ecaba9,f029e10a-9baf-4528-b950-2e10fb4d13ce,a83f0aec-4e5c-4467-a9ab-43634b46c1f6,2026-08-24,holiday,0,""
757949b5-0394-4de8-89a8-05df4bf3461f,f029e10a-9baf-4528-b950-2e10fb4d13ce,a83f0aec-4e5c-4467-a9ab-43634b46c1f6,2026-08-26,holiday,0,""
5001701c-784f-4cac-873a-df32d4989a4a,f029e10a-9baf-4528-b950-2e10fb4d13ce,a83f0aec-4e5c-4467-a9ab-43634b46c1f6,2026-08-28,holiday,0,""
01280c11-8f79-4088-98ba-d41be2010e95,b8da2a0d-01f4-40e4-823f-d0e64c0d5a85,a83f0aec-4e5c-4467-a9ab-43634b46c1f6,2026-08-12,holiday,0,""
b6ae45a2-063d-4176-a2df-08caa11355cf,be17adcf-4219-4796-958f-51e2b5e0cf92,a83f0aec-4e5c-4467-a9ab-43634b46c1f6,2026-07-16,present,8,Via strauss
91c66352-5a55-43a5-9c84-4ea4177e7ec7,be17adcf-4219-4796-958f-51e2b5e0cf92,a83f0aec-4e5c-4467-a9ab-43634b46c1f6,2026-07-17,present,8,Via strauss
ed756a8a-d2f8-4807-8d20-affd2df2fbff,be17adcf-4219-4796-958f-51e2b5e0cf92,a83f0aec-4e5c-4467-a9ab-43634b46c1f6,2026-07-22,present,8,Via strauss
72e0eb0a-b851-4097-acba-73503e1fb7a4,42b77da1-31e4-4197-88a5-2679c57fac56,a83f0aec-4e5c-4467-a9ab-43634b46c1f6,2026-07-15,present,8,Via copernico
0444cf2c-36c7-4d8b-a251-c7b70fb2f332,42b77da1-31e4-4197-88a5-2679c57fac56,a83f0aec-4e5c-4467-a9ab-43634b46c1f6,2026-07-16,present,8,Via copernico
8364b64f-f48a-4028-9fe7-afe9dac9eb5a,42b77da1-31e4-4197-88a5-2679c57fac56,a83f0aec-4e5c-4467-a9ab-43634b46c1f6,2026-07-17,present,8,Via copernico
43e657c4-d9ed-4939-954a-3841604473ec,42b77da1-31e4-4197-88a5-2679c57fac56,a83f0aec-4e5c-4467-a9ab-43634b46c1f6,2026-07-20,present,8,Via copernico
4ce1a600-ad53-4b6d-8f00-09f12c60ae03,42b77da1-31e4-4197-88a5-2679c57fac56,a83f0aec-4e5c-4467-a9ab-43634b46c1f6,2026-07-21,present,8,Via copernico
db0ffc3e-75ed-47cb-b2a3-e8e36c6962c2,42b77da1-31e4-4197-88a5-2679c57fac56,a83f0aec-4e5c-4467-a9ab-43634b46c1f6,2026-07-22,present,8,Via copernico
50081ee5-e1fa-42db-b364-82ef49f44cdf,42b77da1-31e4-4197-88a5-2679c57fac56,a83f0aec-4e5c-4467-a9ab-43634b46c1f6,2026-07-23,present,8,Via copernico
f9c14bde-3f0c-43e8-b1da-41735ed8debc,42b77da1-31e4-4197-88a5-2679c57fac56,a83f0aec-4e5c-4467-a9ab-43634b46c1f6,2026-07-24,present,8,Via copernico
a7e5a1f4-1a2c-4fc6-95d6-cccdd5ecbad6,42b77da1-31e4-4197-88a5-2679c57fac56,a83f0aec-4e5c-4467-a9ab-43634b46c1f6,2026-07-27,present,8,Via copernico
5ecfafc0-1025-41a8-b8ce-f72b154fe3b0,42b77da1-31e4-4197-88a5-2679c57fac56,a83f0aec-4e5c-4467-a9ab-43634b46c1f6,2026-07-28,present,8,Via copernico
843773c8-b0a6-459f-9ce8-a043d93c46bb,42b77da1-31e4-4197-88a5-2679c57fac56,a83f0aec-4e5c-4467-a9ab-43634b46c1f6,2026-07-29,present,8,Via copernico
1280f7dc-f9a6-4bb7-a54b-5cef7a2738b0,42b77da1-31e4-4197-88a5-2679c57fac56,a83f0aec-4e5c-4467-a9ab-43634b46c1f6,2026-07-30,present,8,Via copernico
2a6618c0-8ffc-4612-a2a3-523e81709f25,2f76e93b-41a3-4e8b-8741-8b3e03d8db85,a83f0aec-4e5c-4467-a9ab-43634b46c1f6,2026-07-14,present,8,Via bosco capuccio
5b24b798-7f66-4a39-aa7c-7118487f4573,2f76e93b-41a3-4e8b-8741-8b3e03d8db85,a83f0aec-4e5c-4467-a9ab-43634b46c1f6,2026-07-15,present,8,Via bosco capuccio
bef4f861-eb6c-4f34-bb35-26f989f82914,2f76e93b-41a3-4e8b-8741-8b3e03d8db85,a83f0aec-4e5c-4467-a9ab-43634b46c1f6,2026-07-16,present,8,Via bosco capuccio
b4e04df9-c14d-4267-9fec-9c509f78c61b,2f76e93b-41a3-4e8b-8741-8b3e03d8db85,a83f0aec-4e5c-4467-a9ab-43634b46c1f6,2026-07-17,present,8,Via bosco capuccio
6c313485-42db-41bf-b75a-ded6b72331e1,2f76e93b-41a3-4e8b-8741-8b3e03d8db85,a83f0aec-4e5c-4467-a9ab-43634b46c1f6,2026-07-20,present,8,Via bosco capuccio
c9cf06eb-a312-4e16-84ab-b5c72df43300,2f76e93b-41a3-4e8b-8741-8b3e03d8db85,a83f0aec-4e5c-4467-a9ab-43634b46c1f6,2026-07-21,present,8,Via bosco capuccio
8a86323b-6d78-41ac-bb98-7ade5e3c07a8,2f76e93b-41a3-4e8b-8741-8b3e03d8db85,a83f0aec-4e5c-4467-a9ab-43634b46c1f6,2026-07-22,present,8,Via bosco capuccio
8335bc01-3230-4d48-ade1-c6eda616e023,2f76e93b-41a3-4e8b-8741-8b3e03d8db85,a83f0aec-4e5c-4467-a9ab-43634b46c1f6,2026-07-23,present,8,Via bosco capuccio
5770e750-5144-489e-88c5-bc36acba8f3a,2f76e93b-41a3-4e8b-8741-8b3e03d8db85,a83f0aec-4e5c-4467-a9ab-43634b46c1f6,2026-07-24,present,8,Via bosco capuccio
faedb7c4-cfb1-4b8a-85a2-59f9d796aa54,2f76e93b-41a3-4e8b-8741-8b3e03d8db85,a83f0aec-4e5c-4467-a9ab-43634b46c1f6,2026-07-27,present,8,Via bosco capuccio
93c8f19b-9cc3-4422-a574-308fcf79afc9,2f76e93b-41a3-4e8b-8741-8b3e03d8db85,a83f0aec-4e5c-4467-a9ab-43634b46c1f6,2026-07-28,present,8,Via bosco capuccio
de9c586b-5e03-4d61-80d2-74b6ebbaf896,2f76e93b-41a3-4e8b-8741-8b3e03d8db85,a83f0aec-4e5c-4467-a9ab-43634b46c1f6,2026-07-29,present,8,Via bosco capuccio
bb37eb7a-b198-4631-bcff-82edbb2fab84,2f76e93b-41a3-4e8b-8741-8b3e03d8db85,a83f0aec-4e5c-4467-a9ab-43634b46c1f6,2026-07-30,present,8,Via bosco capuccio
34861125-2230-4478-bdce-75f2268ea018,2197b6fd-9cb2-4d34-8118-cf9f11b573d7,a83f0aec-4e5c-4467-a9ab-43634b46c1f6,2026-07-15,present,8,via ingurtosu
9b38c80c-fb66-4eca-b9ad-0a11b863f228,2197b6fd-9cb2-4d34-8118-cf9f11b573d7,a83f0aec-4e5c-4467-a9ab-43634b46c1f6,2026-07-14,present,8,via ingurtosu
245706cc-2041-46fd-9d0e-a3c5b96a2187,2197b6fd-9cb2-4d34-8118-cf9f11b573d7,a83f0aec-4e5c-4467-a9ab-43634b46c1f6,2026-07-16,present,8,via ingurtosu
b5d81a7f-ee7d-4964-a6ba-38c6d3ec5643,2197b6fd-9cb2-4d34-8118-cf9f11b573d7,a83f0aec-4e5c-4467-a9ab-43634b46c1f6,2026-07-17,present,8,via ingurtosu
15ef7e9f-eab7-4a2c-b4a3-0b16a5e0d97e,2197b6fd-9cb2-4d34-8118-cf9f11b573d7,a83f0aec-4e5c-4467-a9ab-43634b46c1f6,2026-07-20,present,8,via ingurtosu
bcf9c101-8bda-4018-8a44-26f4687eac37,2197b6fd-9cb2-4d34-8118-cf9f11b573d7,a83f0aec-4e5c-4467-a9ab-43634b46c1f6,2026-07-21,present,8,via ingurtosu
6c087546-0e19-46af-9e36-f9531c38a48a,2197b6fd-9cb2-4d34-8118-cf9f11b573d7,a83f0aec-4e5c-4467-a9ab-43634b46c1f6,2026-07-22,present,8,via ingurtosu
48969e90-0318-40c6-9aef-14b087e8b996,2197b6fd-9cb2-4d34-8118-cf9f11b573d7,a83f0aec-4e5c-4467-a9ab-43634b46c1f6,2026-07-23,present,8,via ingurtosu
0bf96665-fef0-48cd-a2eb-98d74a051189,2197b6fd-9cb2-4d34-8118-cf9f11b573d7,a83f0aec-4e5c-4467-a9ab-43634b46c1f6,2026-07-24,present,8,via ingurtosu
f25df3bf-b6a9-48a1-a14f-a05e226cdb2c,2197b6fd-9cb2-4d34-8118-cf9f11b573d7,a83f0aec-4e5c-4467-a9ab-43634b46c1f6,2026-07-27,present,8,via ingurtosu
cf38c582-da3d-449e-84ca-bd892a6f618b,2197b6fd-9cb2-4d34-8118-cf9f11b573d7,a83f0aec-4e5c-4467-a9ab-43634b46c1f6,2026-07-28,present,8,via ingurtosu
a74cbd4d-2e91-4fa8-b0d0-588a4b18aebe,2197b6fd-9cb2-4d34-8118-cf9f11b573d7,a83f0aec-4e5c-4467-a9ab-43634b46c1f6,2026-07-29,present,8,via ingurtosu
b82186c3-9099-4108-886e-3d3601c61cc4,2197b6fd-9cb2-4d34-8118-cf9f11b573d7,a83f0aec-4e5c-4467-a9ab-43634b46c1f6,2026-07-30,present,8,via ingurtosu
68a792b6-729f-4093-9b08-53fc4a433a0b,ed36110d-a2cf-4a88-91c7-0d23f758cd4c,a83f0aec-4e5c-4467-a9ab-43634b46c1f6,2026-07-14,present,8,""
d31516c7-65c5-4342-9352-bb6f73898442,ed36110d-a2cf-4a88-91c7-0d23f758cd4c,a83f0aec-4e5c-4467-a9ab-43634b46c1f6,2026-07-15,present,8,""
cf6e0218-19ca-4984-9e9c-932f42131125,ed36110d-a2cf-4a88-91c7-0d23f758cd4c,a83f0aec-4e5c-4467-a9ab-43634b46c1f6,2026-07-16,present,8,""
392e86b7-cd1d-46a0-b22f-103de1243ef9,ed36110d-a2cf-4a88-91c7-0d23f758cd4c,a83f0aec-4e5c-4467-a9ab-43634b46c1f6,2026-07-17,present,8,""
708a2d5a-d440-46f6-bfba-2849a333c1eb,ed36110d-a2cf-4a88-91c7-0d23f758cd4c,a83f0aec-4e5c-4467-a9ab-43634b46c1f6,2026-07-20,present,8,via ingurtosu
ee7741f2-1e85-4d00-8dab-23e18971a38d,ed36110d-a2cf-4a88-91c7-0d23f758cd4c,a83f0aec-4e5c-4467-a9ab-43634b46c1f6,2026-07-21,present,8,via ingurtosu
60281946-c35a-452a-bcc0-b9b0e9f8487e,ed36110d-a2cf-4a88-91c7-0d23f758cd4c,a83f0aec-4e5c-4467-a9ab-43634b46c1f6,2026-07-22,present,8,via ingurtosu
999faaf9-5983-4f3b-af1f-0d252e2f46bf,ed36110d-a2cf-4a88-91c7-0d23f758cd4c,a83f0aec-4e5c-4467-a9ab-43634b46c1f6,2026-07-23,present,8,via ingurtosu
e2d52810-74ba-462a-bf20-837515dabe73,ed36110d-a2cf-4a88-91c7-0d23f758cd4c,a83f0aec-4e5c-4467-a9ab-43634b46c1f6,2026-07-24,present,8,via ingurtosu
94aafe04-a4dd-4c1a-983c-5190376b9e1e,ed36110d-a2cf-4a88-91c7-0d23f758cd4c,a83f0aec-4e5c-4467-a9ab-43634b46c1f6,2026-07-27,present,8,via ingurtosu
1775efcf-c019-4fc9-a59b-0bf27d87bc16,ed36110d-a2cf-4a88-91c7-0d23f758cd4c,a83f0aec-4e5c-4467-a9ab-43634b46c1f6,2026-07-28,present,8,via ingurtosu
a96146ce-9059-4710-a786-4b9372316c74,ed36110d-a2cf-4a88-91c7-0d23f758cd4c,a83f0aec-4e5c-4467-a9ab-43634b46c1f6,2026-07-29,present,8,via ingurtosu
9ea487b7-3f26-4454-ad30-b468bffd13f9,ed36110d-a2cf-4a88-91c7-0d23f758cd4c,a83f0aec-4e5c-4467-a9ab-43634b46c1f6,2026-07-30,present,8,via ingurtosu
683e95d4-762d-4a8d-b367-101a4373bc98,9fc12cbc-5f92-485a-84d9-a7f2413e2cfb,a83f0aec-4e5c-4467-a9ab-43634b46c1f6,2026-07-14,present,8,via bosco capuccio
16559ffd-a3dc-45c5-9845-14d93a837057,9fc12cbc-5f92-485a-84d9-a7f2413e2cfb,a83f0aec-4e5c-4467-a9ab-43634b46c1f6,2026-07-15,present,8,via bosco capuccio
ef8167bf-8451-44a0-a192-d4129fb2b6ba,9fc12cbc-5f92-485a-84d9-a7f2413e2cfb,a83f0aec-4e5c-4467-a9ab-43634b46c1f6,2026-07-16,present,8,via bosco capuccio
de1a3bca-baa8-41ba-8d68-28f5bdce4112,9fc12cbc-5f92-485a-84d9-a7f2413e2cfb,a83f0aec-4e5c-4467-a9ab-43634b46c1f6,2026-07-17,present,8,via bosco capuccio
65be2d4a-3b73-4b3b-8e0f-aada72a4dc76,9fc12cbc-5f92-485a-84d9-a7f2413e2cfb,a83f0aec-4e5c-4467-a9ab-43634b46c1f6,2026-07-20,present,8,via bosco capuccio
ac568cee-17d3-4422-9025-05754ed5b5dc,9fc12cbc-5f92-485a-84d9-a7f2413e2cfb,a83f0aec-4e5c-4467-a9ab-43634b46c1f6,2026-07-21,present,8,via bosco capuccio
f424920d-d1e4-4b37-a9e5-2099b5d75e7e,9fc12cbc-5f92-485a-84d9-a7f2413e2cfb,a83f0aec-4e5c-4467-a9ab-43634b46c1f6,2026-07-22,present,8,via bosco capuccio
75f44c51-83ec-479f-a6fb-12409c57ad2b,9fc12cbc-5f92-485a-84d9-a7f2413e2cfb,a83f0aec-4e5c-4467-a9ab-43634b46c1f6,2026-07-23,present,8,via bosco capuccio
2eda7fac-92ad-461a-86e9-194232661637,9fc12cbc-5f92-485a-84d9-a7f2413e2cfb,a83f0aec-4e5c-4467-a9ab-43634b46c1f6,2026-07-24,present,8,via bosco capuccio
0d3352af-68fa-4534-9d6a-b6bb1ba4ea01,9fc12cbc-5f92-485a-84d9-a7f2413e2cfb,a83f0aec-4e5c-4467-a9ab-43634b46c1f6,2026-07-27,present,8,via bosco capuccio
2fda2d35-0115-4132-8f93-1f517fa7673e,9fc12cbc-5f92-485a-84d9-a7f2413e2cfb,a83f0aec-4e5c-4467-a9ab-43634b46c1f6,2026-07-28,present,8,via bosco capuccio
3b8afbdb-974b-4e8a-9530-8982fbd637ad,1c0f2692-e1e4-40fe-907e-6023010d5f19,a83f0aec-4e5c-4467-a9ab-43634b46c1f6,2026-08-19,holiday,0,""
3762a527-3e22-4c0e-8ad2-f01e2e6ccb09,1c0f2692-e1e4-40fe-907e-6023010d5f19,a83f0aec-4e5c-4467-a9ab-43634b46c1f6,2026-08-21,holiday,0,""
647063d3-38cd-4a2c-a3a8-902d899c6ab1,9fc12cbc-5f92-485a-84d9-a7f2413e2cfb,a83f0aec-4e5c-4467-a9ab-43634b46c1f6,2026-07-29,present,8,via bosco capuccio
aaa1e97a-8101-46dd-8b72-66d721b9d106,9fc12cbc-5f92-485a-84d9-a7f2413e2cfb,a83f0aec-4e5c-4467-a9ab-43634b46c1f6,2026-07-30,present,8,via bosco capuccio
0b9f119e-c04f-43be-ba46-08c8572e8725,a1126a85-fd22-4cb7-af46-19697bfc7079,a83f0aec-4e5c-4467-a9ab-43634b46c1f6,2026-07-14,present,8,via ingurtosu
817bedfb-efbb-4503-bfdc-64da51dce570,a1126a85-fd22-4cb7-af46-19697bfc7079,a83f0aec-4e5c-4467-a9ab-43634b46c1f6,2026-07-15,present,8,via ingurtosu
b1c2dc76-0adc-4a81-94a8-9cb98dd885a4,1c0f2692-e1e4-40fe-907e-6023010d5f19,a83f0aec-4e5c-4467-a9ab-43634b46c1f6,2026-08-25,holiday,0,""
530a3c8a-1c4e-4006-b2a3-72b1a56b067e,1c0f2692-e1e4-40fe-907e-6023010d5f19,a83f0aec-4e5c-4467-a9ab-43634b46c1f6,2026-08-27,holiday,0,""
837cb1bb-20b2-4b28-b4fa-1d76b9bc0eac,a1126a85-fd22-4cb7-af46-19697bfc7079,a83f0aec-4e5c-4467-a9ab-43634b46c1f6,2026-08-07,present,8,Via copernico
b9ea1934-1b4a-411e-adee-33c5e80b37d1,42b77da1-31e4-4197-88a5-2679c57fac56,a83f0aec-4e5c-4467-a9ab-43634b46c1f6,2026-08-11,holiday,0,""
bb5dd983-2243-4add-8936-37294483b64c,42b77da1-31e4-4197-88a5-2679c57fac56,a83f0aec-4e5c-4467-a9ab-43634b46c1f6,2026-08-13,holiday,0,""
6254b8e2-d3da-4fbb-a1ad-e713e64632b5,42b77da1-31e4-4197-88a5-2679c57fac56,a83f0aec-4e5c-4467-a9ab-43634b46c1f6,2026-08-17,holiday,0,""
c83ecc8d-4992-4bbd-8796-32e8619e0f89,42b77da1-31e4-4197-88a5-2679c57fac56,a83f0aec-4e5c-4467-a9ab-43634b46c1f6,2026-08-19,holiday,0,""
2181902e-dbc5-4014-b2d5-6fbcb9815193,42b77da1-31e4-4197-88a5-2679c57fac56,a83f0aec-4e5c-4467-a9ab-43634b46c1f6,2026-08-21,holiday,0,""
64816c1f-87e7-44db-90eb-cb55070947d3,42b77da1-31e4-4197-88a5-2679c57fac56,a83f0aec-4e5c-4467-a9ab-43634b46c1f6,2026-08-25,holiday,0,""
e6578cc8-b2c1-421f-9e9d-2d03791f02a4,42b77da1-31e4-4197-88a5-2679c57fac56,a83f0aec-4e5c-4467-a9ab-43634b46c1f6,2026-08-27,holiday,0,""
599f9203-1554-4934-991c-3964484d2cb2,be17adcf-4219-4796-958f-51e2b5e0cf92,a83f0aec-4e5c-4467-a9ab-43634b46c1f6,2026-08-10,holiday,0,""
b598705d-921a-4945-8956-bdd48795dbb8,be17adcf-4219-4796-958f-51e2b5e0cf92,a83f0aec-4e5c-4467-a9ab-43634b46c1f6,2026-08-12,holiday,0,""
43ecff06-1cba-49b6-a574-b2a4e9ffd1d7,be17adcf-4219-4796-958f-51e2b5e0cf92,a83f0aec-4e5c-4467-a9ab-43634b46c1f6,2026-08-14,holiday,0,""
ef7bd9c2-d52a-4b9d-89de-b39de438bca2,be17adcf-4219-4796-958f-51e2b5e0cf92,a83f0aec-4e5c-4467-a9ab-43634b46c1f6,2026-08-18,holiday,0,""
d393b9bc-e15b-49a1-964c-2ed13b3fe47f,be17adcf-4219-4796-958f-51e2b5e0cf92,a83f0aec-4e5c-4467-a9ab-43634b46c1f6,2026-08-20,holiday,0,""
fda9073b-d726-46bf-97c8-9184833a2ace,be17adcf-4219-4796-958f-51e2b5e0cf92,a83f0aec-4e5c-4467-a9ab-43634b46c1f6,2026-08-24,holiday,0,""
fc1f8214-a2c7-4cdb-812c-f7307ffc16a7,be17adcf-4219-4796-958f-51e2b5e0cf92,a83f0aec-4e5c-4467-a9ab-43634b46c1f6,2026-08-26,holiday,0,""
bf5ead32-39a1-4b08-a66f-e37bb07cc62b,be17adcf-4219-4796-958f-51e2b5e0cf92,a83f0aec-4e5c-4467-a9ab-43634b46c1f6,2026-08-28,holiday,0,""
861a18a9-35be-478e-ae7c-68ad3b4e2b78,33872abe-802f-47d0-8614-f4d206fff08f,a83f0aec-4e5c-4467-a9ab-43634b46c1f6,2026-08-10,present,8,Via mandrolisai
40dc4404-255c-486e-ad96-fc9b45e897d3,33872abe-802f-47d0-8614-f4d206fff08f,a83f0aec-4e5c-4467-a9ab-43634b46c1f6,2026-08-11,holiday,0,""
ecf2aa25-3394-4883-96ee-16728082d14e,33872abe-802f-47d0-8614-f4d206fff08f,a83f0aec-4e5c-4467-a9ab-43634b46c1f6,2026-08-13,holiday,0,""
0c4b50c5-6388-4213-8d4c-8649022eef7a,33872abe-802f-47d0-8614-f4d206fff08f,a83f0aec-4e5c-4467-a9ab-43634b46c1f6,2026-08-17,holiday,0,""
e90548df-d268-4ff5-b0e7-f9bfc80b2cfa,33872abe-802f-47d0-8614-f4d206fff08f,a83f0aec-4e5c-4467-a9ab-43634b46c1f6,2026-08-19,holiday,0,""
de6373a2-c676-4646-ba48-8364cbc8a2b8,33872abe-802f-47d0-8614-f4d206fff08f,a83f0aec-4e5c-4467-a9ab-43634b46c1f6,2026-08-21,holiday,0,""
edf4801a-4891-480f-b6cb-674c69324721,33872abe-802f-47d0-8614-f4d206fff08f,a83f0aec-4e5c-4467-a9ab-43634b46c1f6,2026-08-25,holiday,0,""
09a2cf72-72cc-46f6-82b2-3157c5a93e0f,33872abe-802f-47d0-8614-f4d206fff08f,a83f0aec-4e5c-4467-a9ab-43634b46c1f6,2026-08-27,holiday,0,""
acb5727e-0f8e-4d15-961a-de80bf0345b2,f029e10a-9baf-4528-b950-2e10fb4d13ce,a83f0aec-4e5c-4467-a9ab-43634b46c1f6,2026-08-10,present,8,Via mandrolisai
0df3fe62-ab3e-49eb-b730-700cf9487f4e,f029e10a-9baf-4528-b950-2e10fb4d13ce,a83f0aec-4e5c-4467-a9ab-43634b46c1f6,2026-08-11,holiday,0,""
b5c197b6-a154-4b55-8179-aabc2404bbf2,f029e10a-9baf-4528-b950-2e10fb4d13ce,a83f0aec-4e5c-4467-a9ab-43634b46c1f6,2026-08-13,holiday,0,""
63d146aa-92d5-4d8e-ad08-927436231486,f029e10a-9baf-4528-b950-2e10fb4d13ce,a83f0aec-4e5c-4467-a9ab-43634b46c1f6,2026-08-17,holiday,0,""
d2809950-dc71-451e-a8cc-f170bff00de7,f029e10a-9baf-4528-b950-2e10fb4d13ce,a83f0aec-4e5c-4467-a9ab-43634b46c1f6,2026-08-19,holiday,0,""
08461a74-7891-4b20-b5e4-7a4de20ca1ba,f029e10a-9baf-4528-b950-2e10fb4d13ce,a83f0aec-4e5c-4467-a9ab-43634b46c1f6,2026-08-21,holiday,0,""
7b49441e-9ca0-40fa-bab8-30b6642f67a5,f029e10a-9baf-4528-b950-2e10fb4d13ce,a83f0aec-4e5c-4467-a9ab-43634b46c1f6,2026-08-25,holiday,0,""
cf7c6dde-2e4d-4512-babd-2e1646f60284,f029e10a-9baf-4528-b950-2e10fb4d13ce,a83f0aec-4e5c-4467-a9ab-43634b46c1f6,2026-08-27,holiday,0,""
13c615e9-780e-4cdd-8384-17b4c47de960,b8da2a0d-01f4-40e4-823f-d0e64c0d5a85,a83f0aec-4e5c-4467-a9ab-43634b46c1f6,2026-08-10,present,8,Via mandrolisai
f3b1abfc-82bf-48a1-9c42-38513a242368,b8da2a0d-01f4-40e4-823f-d0e64c0d5a85,a83f0aec-4e5c-4467-a9ab-43634b46c1f6,2026-08-11,holiday,0,""
9d986fe2-dd2a-4404-a178-bb9f1d0cfed9,b8da2a0d-01f4-40e4-823f-d0e64c0d5a85,a83f0aec-4e5c-4467-a9ab-43634b46c1f6,2026-08-13,holiday,0,""
3dcdbcdb-730d-4145-a6d0-2ebec39c19b2,b8da2a0d-01f4-40e4-823f-d0e64c0d5a85,a83f0aec-4e5c-4467-a9ab-43634b46c1f6,2026-08-17,holiday,0,""
ff83cbeb-ed46-411f-a747-bfba3cfddeb4,b8da2a0d-01f4-40e4-823f-d0e64c0d5a85,a83f0aec-4e5c-4467-a9ab-43634b46c1f6,2026-08-19,holiday,0,""
cd7789f7-e4a1-4164-8f0b-30a20609f95a,b8da2a0d-01f4-40e4-823f-d0e64c0d5a85,a83f0aec-4e5c-4467-a9ab-43634b46c1f6,2026-08-21,holiday,0,""
84cb8bab-a89d-474f-a63a-e4b9f64655c2,b8da2a0d-01f4-40e4-823f-d0e64c0d5a85,a83f0aec-4e5c-4467-a9ab-43634b46c1f6,2026-08-25,holiday,0,""
09ce4b90-f661-45d7-a3e5-a6a08a020b4d,b8da2a0d-01f4-40e4-823f-d0e64c0d5a85,a83f0aec-4e5c-4467-a9ab-43634b46c1f6,2026-08-27,holiday,0,""
a0a1724c-aa41-4880-92e5-38241f6a1b4a,51798bdc-d001-44c5-bd27-c1b31b9cefe4,89f0d7b8-afa8-4963-b414-f39bc0c50865,2026-08-05,present,8,""
1e1b80d1-2595-4887-8bcf-c4a90218cb7a,bd23f301-51a8-4e05-a640-c66306e27ef6,a83f0aec-4e5c-4467-a9ab-43634b46c1f6,2026-08-31,present,8,Via mestre
c297f6e6-881b-484e-a99c-ba902b652150,07cba65e-e2f7-495c-8b24-2192173054a0,a83f0aec-4e5c-4467-a9ab-43634b46c1f6,2026-08-31,holiday,0,""
dacfa0c5-b495-4283-84c6-edc4fb5a1768,9fc12cbc-5f92-485a-84d9-a7f2413e2cfb,a83f0aec-4e5c-4467-a9ab-43634b46c1f6,2026-08-31,holiday,0,""
19c9bbef-59c9-45ce-adc4-e6cba8cbcda3,be17adcf-4219-4796-958f-51e2b5e0cf92,a83f0aec-4e5c-4467-a9ab-43634b46c1f6,2026-08-31,holiday,0,""
24920305-13e5-427f-9dcb-4e4e23713e2d,cff16040-6983-48f2-b49c-1fa06f131879,a83f0aec-4e5c-4467-a9ab-43634b46c1f6,2026-08-31,present,8,Via fadda/alghero
1d7e239a-e384-4b9a-b9cf-53c103137083,42b77da1-31e4-4197-88a5-2679c57fac56,a83f0aec-4e5c-4467-a9ab-43634b46c1f6,2026-08-31,holiday,0,""
0d158a7b-f2b1-4058-aa5e-5918f89a1f6d,b667d9a9-f058-4fd7-90bf-62cdef8d5672,a83f0aec-4e5c-4467-a9ab-43634b46c1f6,2026-08-31,present,8,Via copernico
afb28207-6efb-4803-8b61-84129255b205,2197b6fd-9cb2-4d34-8118-cf9f11b573d7,a83f0aec-4e5c-4467-a9ab-43634b46c1f6,2026-08-31,holiday,0,""
61706ca1-92de-4a54-8827-a9b13611e4aa,2f76e93b-41a3-4e8b-8741-8b3e03d8db85,a83f0aec-4e5c-4467-a9ab-43634b46c1f6,2026-08-31,present,8,Via copernico
c6e81ab2-452d-4509-9f8f-97e5dd7d8859,ed36110d-a2cf-4a88-91c7-0d23f758cd4c,a83f0aec-4e5c-4467-a9ab-43634b46c1f6,2026-08-31,holiday,0,""
6e6eb25d-88b1-4c9c-ab16-7f39a13b474d,a1126a85-fd22-4cb7-af46-19697bfc7079,a83f0aec-4e5c-4467-a9ab-43634b46c1f6,2026-08-31,present,8,Via copernico
b78c7ebb-b563-40fb-9ef9-b98811b292d7,33872abe-802f-47d0-8614-f4d206fff08f,a83f0aec-4e5c-4467-a9ab-43634b46c1f6,2026-08-31,present,8,Via mestre
9502ed34-1d7e-49ae-9035-891dfdc81655,55c515b0-f4e2-4b80-8d6f-e2755cb31866,a83f0aec-4e5c-4467-a9ab-43634b46c1f6,2026-08-31,present,8,Via mestre
974d8a9c-8226-4af2-90d0-754cabfbea94,1c0f2692-e1e4-40fe-907e-6023010d5f19,a83f0aec-4e5c-4467-a9ab-43634b46c1f6,2026-08-31,present,4,Via mestre
c041f008-cae0-4c7c-b947-c24a95b38e86,e29ef4e3-a2cd-4328-8cd5-5d17785f1a83,a83f0aec-4e5c-4467-a9ab-43634b46c1f6,2026-09-01,holiday,0,""
f1b2c26f-61a4-461c-b5a7-dee3479a1ccb,a1126a85-fd22-4cb7-af46-19697bfc7079,a83f0aec-4e5c-4467-a9ab-43634b46c1f6,2026-07-16,present,8,via ingurtosu
292b69e6-4980-4b6e-b925-d7950e3a4069,a1126a85-fd22-4cb7-af46-19697bfc7079,a83f0aec-4e5c-4467-a9ab-43634b46c1f6,2026-07-17,present,8,via ingurtosu
c333a97b-4dc2-42e8-9024-b3c89208e575,a1126a85-fd22-4cb7-af46-19697bfc7079,a83f0aec-4e5c-4467-a9ab-43634b46c1f6,2026-07-20,present,8,via ingurtosu
8944de66-3ab9-4fd1-98d8-50eaf3982342,a1126a85-fd22-4cb7-af46-19697bfc7079,a83f0aec-4e5c-4467-a9ab-43634b46c1f6,2026-07-21,present,8,via ingurtosu
ec0ae6b7-3f13-4402-9f7c-9b8affac5b0e,a1126a85-fd22-4cb7-af46-19697bfc7079,a83f0aec-4e5c-4467-a9ab-43634b46c1f6,2026-07-22,present,8,via ingurtosu
0a7400b3-2132-4a94-baa4-68af130cb1d2,bd23f301-51a8-4e05-a640-c66306e27ef6,a83f0aec-4e5c-4467-a9ab-43634b46c1f6,2026-07-29,present,8,via mestre
e8fadd59-26f6-4a4b-828d-f9e86cbc9519,a1126a85-fd22-4cb7-af46-19697bfc7079,a83f0aec-4e5c-4467-a9ab-43634b46c1f6,2026-07-23,present,8,via ingurtosu
26e67769-b0da-4083-9328-d6ae76edacb3,a1126a85-fd22-4cb7-af46-19697bfc7079,a83f0aec-4e5c-4467-a9ab-43634b46c1f6,2026-07-24,present,8,via ingurtosu
3c1a7233-061a-4970-a730-cc892b0dfa33,a1126a85-fd22-4cb7-af46-19697bfc7079,a83f0aec-4e5c-4467-a9ab-43634b46c1f6,2026-07-27,present,8,via ingurtosu
c473656a-c6cf-4a7d-9b97-4b7dac667a3a,a1126a85-fd22-4cb7-af46-19697bfc7079,a83f0aec-4e5c-4467-a9ab-43634b46c1f6,2026-07-28,present,8,via ingurtosu
673adf23-cc86-4554-bdd3-10fddd9342b2,a1126a85-fd22-4cb7-af46-19697bfc7079,a83f0aec-4e5c-4467-a9ab-43634b46c1f6,2026-07-29,present,8,via ingurtosu
c2694750-d770-4ae0-8dea-c8ac8584238a,a1126a85-fd22-4cb7-af46-19697bfc7079,a83f0aec-4e5c-4467-a9ab-43634b46c1f6,2026-07-30,present,8,via ingurtosu
8304347e-c2bd-4fd9-ae83-8ae331635642,33872abe-802f-47d0-8614-f4d206fff08f,a83f0aec-4e5c-4467-a9ab-43634b46c1f6,2026-07-16,present,8,via mandrolisai
df5c8455-1a3a-42a5-b35f-cfaa7dbaf624,33872abe-802f-47d0-8614-f4d206fff08f,a83f0aec-4e5c-4467-a9ab-43634b46c1f6,2026-07-17,present,8,via mandrolisai
a3b9f496-deff-48e2-b7f0-85880e85c78f,33872abe-802f-47d0-8614-f4d206fff08f,a83f0aec-4e5c-4467-a9ab-43634b46c1f6,2026-07-20,present,8,via mandrolisai
49628010-aba9-46ea-a6ec-ae4ec4bbe7c1,33872abe-802f-47d0-8614-f4d206fff08f,a83f0aec-4e5c-4467-a9ab-43634b46c1f6,2026-07-21,present,8,via mandrolisai
d9e822db-02c7-4b09-b419-5aa8381999a5,33872abe-802f-47d0-8614-f4d206fff08f,a83f0aec-4e5c-4467-a9ab-43634b46c1f6,2026-07-22,present,8,via mandrolisai
7eb16303-9e5f-4ac5-b3e7-1f1797066175,33872abe-802f-47d0-8614-f4d206fff08f,a83f0aec-4e5c-4467-a9ab-43634b46c1f6,2026-07-23,present,8,via mandrolisai
0380e5b7-ffba-4a6d-bc09-2bd96bf5cf51,33872abe-802f-47d0-8614-f4d206fff08f,a83f0aec-4e5c-4467-a9ab-43634b46c1f6,2026-07-24,present,8,via mandrolisai
05015f75-0479-434a-9ca3-77741f38f1a9,33872abe-802f-47d0-8614-f4d206fff08f,a83f0aec-4e5c-4467-a9ab-43634b46c1f6,2026-07-27,present,8,via mandrolisai
f7a4772b-6191-4ca5-8560-9e24baa9de72,33872abe-802f-47d0-8614-f4d206fff08f,a83f0aec-4e5c-4467-a9ab-43634b46c1f6,2026-07-28,present,8,via mandrolisai
c5e6c589-70aa-46e9-a6f7-36bc9de44689,33872abe-802f-47d0-8614-f4d206fff08f,a83f0aec-4e5c-4467-a9ab-43634b46c1f6,2026-07-29,present,8,via mandrolisai
d03fb003-52ab-4cd3-862c-017894eec519,33872abe-802f-47d0-8614-f4d206fff08f,a83f0aec-4e5c-4467-a9ab-43634b46c1f6,2026-07-30,present,8,via mandrolisai
c58ec1cf-0e6f-4237-b3ef-a2c904771bee,bd23f301-51a8-4e05-a640-c66306e27ef6,a83f0aec-4e5c-4467-a9ab-43634b46c1f6,2026-07-15,present,8,via mestre 
ad40d6e0-4ec9-4dc5-a4f8-1d5caf8dd29d,bd23f301-51a8-4e05-a640-c66306e27ef6,a83f0aec-4e5c-4467-a9ab-43634b46c1f6,2026-07-16,present,8,via mestre
dc775746-bf07-4147-b655-76ada84b8f08,bd23f301-51a8-4e05-a640-c66306e27ef6,a83f0aec-4e5c-4467-a9ab-43634b46c1f6,2026-07-17,present,8,via mestre
d61de541-a8dd-4499-9fd9-adc292d4c181,bd23f301-51a8-4e05-a640-c66306e27ef6,a83f0aec-4e5c-4467-a9ab-43634b46c1f6,2026-07-20,present,8,via mestre
46f7d1f8-fe6c-4d24-ab99-7c90f1cf936e,bd23f301-51a8-4e05-a640-c66306e27ef6,a83f0aec-4e5c-4467-a9ab-43634b46c1f6,2026-07-21,present,8,via mestre
d5f07ff6-8b0c-4a6a-9c4a-c37c11793936,bd23f301-51a8-4e05-a640-c66306e27ef6,a83f0aec-4e5c-4467-a9ab-43634b46c1f6,2026-07-22,present,8,via mestre
e778123e-8226-4481-9a5e-bdbc9680ee99,bd23f301-51a8-4e05-a640-c66306e27ef6,a83f0aec-4e5c-4467-a9ab-43634b46c1f6,2026-07-23,present,8,via mestre
ff73da90-096d-4b5d-b7bc-a933e8beb5e7,bd23f301-51a8-4e05-a640-c66306e27ef6,a83f0aec-4e5c-4467-a9ab-43634b46c1f6,2026-07-24,present,8,via mestre
208e0c09-299f-4c45-a718-56b20ecc13e2,bd23f301-51a8-4e05-a640-c66306e27ef6,a83f0aec-4e5c-4467-a9ab-43634b46c1f6,2026-07-27,present,8,via mestre
a70bceee-29d9-4c7a-b6f9-f39213f83999,bd23f301-51a8-4e05-a640-c66306e27ef6,a83f0aec-4e5c-4467-a9ab-43634b46c1f6,2026-07-28,present,8,via mestre
1a7fc9cb-fb22-4aff-86fa-52f1fd978af7,bd23f301-51a8-4e05-a640-c66306e27ef6,a83f0aec-4e5c-4467-a9ab-43634b46c1f6,2026-07-30,present,8,via mestre
ce7caaa2-2a2f-4d1c-b6ab-ff32fe15ddbe,0af3ee03-5ad8-4726-81bb-ba490b621682,a83f0aec-4e5c-4467-a9ab-43634b46c1f6,2026-07-14,present,8,via mestre
69c90777-9242-4f01-b4ad-bef56d37864d,0af3ee03-5ad8-4726-81bb-ba490b621682,a83f0aec-4e5c-4467-a9ab-43634b46c1f6,2026-07-15,present,8,via mestre
ccb15202-73be-4926-82f3-0f094084b488,0af3ee03-5ad8-4726-81bb-ba490b621682,a83f0aec-4e5c-4467-a9ab-43634b46c1f6,2026-07-16,present,8,via mestre
5a1afb43-afb0-4f55-a470-e501cab4bb7d,0af3ee03-5ad8-4726-81bb-ba490b621682,a83f0aec-4e5c-4467-a9ab-43634b46c1f6,2026-07-17,present,8,via mestre
9e784044-c89b-453d-8c9f-20da56b2b4af,0af3ee03-5ad8-4726-81bb-ba490b621682,a83f0aec-4e5c-4467-a9ab-43634b46c1f6,2026-07-20,present,8,via mestre
b785934a-ff08-4610-80c1-c63ff02cf235,0af3ee03-5ad8-4726-81bb-ba490b621682,a83f0aec-4e5c-4467-a9ab-43634b46c1f6,2026-07-21,present,8,via mestre
4ad75c19-9b4a-4d52-b1ef-a5530165c9bc,0af3ee03-5ad8-4726-81bb-ba490b621682,a83f0aec-4e5c-4467-a9ab-43634b46c1f6,2026-07-22,present,8,via mestre
cdcc8dd2-5b21-4bb5-888e-81a1d66ade27,0af3ee03-5ad8-4726-81bb-ba490b621682,a83f0aec-4e5c-4467-a9ab-43634b46c1f6,2026-07-23,present,8,via mestre
5be516c2-c534-47fc-b507-7c940f519dff,0af3ee03-5ad8-4726-81bb-ba490b621682,a83f0aec-4e5c-4467-a9ab-43634b46c1f6,2026-07-24,present,8,via mestre
bea47904-41ca-46d7-b6d8-45d70c9097b7,0af3ee03-5ad8-4726-81bb-ba490b621682,a83f0aec-4e5c-4467-a9ab-43634b46c1f6,2026-07-27,present,8,via mestre
7e2758f5-d8b2-4de3-afa3-6beb123ad8d4,0af3ee03-5ad8-4726-81bb-ba490b621682,a83f0aec-4e5c-4467-a9ab-43634b46c1f6,2026-07-28,present,8,via mestre
3a72e972-f149-4e4c-b95d-a84309ebf2df,0af3ee03-5ad8-4726-81bb-ba490b621682,a83f0aec-4e5c-4467-a9ab-43634b46c1f6,2026-07-29,present,8,via mestre
e181a36d-c514-401a-825a-1e3cc0fb3a9b,0af3ee03-5ad8-4726-81bb-ba490b621682,a83f0aec-4e5c-4467-a9ab-43634b46c1f6,2026-07-30,present,8,via mestre
9e35f299-e959-4d99-b08d-9c3099b88aee,f029e10a-9baf-4528-b950-2e10fb4d13ce,a83f0aec-4e5c-4467-a9ab-43634b46c1f6,2026-07-14,present,8,via mestre
fd8aa3ba-0b1d-4fa4-9b01-a4d836a294e1,f029e10a-9baf-4528-b950-2e10fb4d13ce,a83f0aec-4e5c-4467-a9ab-43634b46c1f6,2026-07-15,present,8,via mestre
de46c8ab-6725-476b-9aeb-0708612d8787,f029e10a-9baf-4528-b950-2e10fb4d13ce,a83f0aec-4e5c-4467-a9ab-43634b46c1f6,2026-07-16,present,8,via mestre
e3c03447-80d0-4ca6-ac9e-da5239ffb885,f029e10a-9baf-4528-b950-2e10fb4d13ce,a83f0aec-4e5c-4467-a9ab-43634b46c1f6,2026-07-17,present,8,via mestre
2a094a26-4995-4386-bac7-d45861ac9c49,f029e10a-9baf-4528-b950-2e10fb4d13ce,a83f0aec-4e5c-4467-a9ab-43634b46c1f6,2026-07-20,present,8,via mestre
df3fb1f6-9188-451a-9614-d78619c54515,f029e10a-9baf-4528-b950-2e10fb4d13ce,a83f0aec-4e5c-4467-a9ab-43634b46c1f6,2026-07-21,present,8,via mestre
9f205568-4b54-4e3c-a95d-ad80b8edee18,f029e10a-9baf-4528-b950-2e10fb4d13ce,a83f0aec-4e5c-4467-a9ab-43634b46c1f6,2026-07-22,present,8,via mestre
808224f1-d6a0-459a-b807-f89a576678d4,f029e10a-9baf-4528-b950-2e10fb4d13ce,a83f0aec-4e5c-4467-a9ab-43634b46c1f6,2026-07-23,present,8,via mestre
cc2dce86-5d78-48d8-9d58-04e939eaab2f,f029e10a-9baf-4528-b950-2e10fb4d13ce,a83f0aec-4e5c-4467-a9ab-43634b46c1f6,2026-07-24,present,8,via mestre
7df6c902-f336-4531-b78f-5300bf0fa4bc,f029e10a-9baf-4528-b950-2e10fb4d13ce,a83f0aec-4e5c-4467-a9ab-43634b46c1f6,2026-07-27,present,8,via mestre
cd55a2dc-2bc2-41e2-b46b-22c546f3a888,f029e10a-9baf-4528-b950-2e10fb4d13ce,a83f0aec-4e5c-4467-a9ab-43634b46c1f6,2026-07-28,present,8,via mestre
f25c2d67-6c6e-4947-a500-1438417fedb8,f029e10a-9baf-4528-b950-2e10fb4d13ce,a83f0aec-4e5c-4467-a9ab-43634b46c1f6,2026-07-29,present,8,via mestre
82dfb871-39f6-4781-b619-a34b835f22d6,f029e10a-9baf-4528-b950-2e10fb4d13ce,a83f0aec-4e5c-4467-a9ab-43634b46c1f6,2026-07-30,present,8,via mestre
60ead754-d870-47eb-8e7c-9e4ace6321ff,a78a69df-18f8-45b2-866f-214377a09e87,a83f0aec-4e5c-4467-a9ab-43634b46c1f6,2026-07-14,present,8,via mandrolisai
fdd9de43-bcb1-4bf3-8001-ab52f805bbe7,a78a69df-18f8-45b2-866f-214377a09e87,a83f0aec-4e5c-4467-a9ab-43634b46c1f6,2026-07-15,present,8,via mandrolisai
cb3fd6d8-99a0-4d29-abc2-5ae5ba8514ef,a78a69df-18f8-45b2-866f-214377a09e87,a83f0aec-4e5c-4467-a9ab-43634b46c1f6,2026-07-16,present,8,via mandrolisai
c039a875-3041-44d2-aa66-377c2e0ddb28,a78a69df-18f8-45b2-866f-214377a09e87,a83f0aec-4e5c-4467-a9ab-43634b46c1f6,2026-07-17,present,8,via mandrolisai
32da412f-8ccf-4056-87af-5b8b1cfb36dd,a78a69df-18f8-45b2-866f-214377a09e87,a83f0aec-4e5c-4467-a9ab-43634b46c1f6,2026-07-21,present,8,via mandrolisai
cda310fd-278c-423e-aed0-0993ff43b99a,a78a69df-18f8-45b2-866f-214377a09e87,a83f0aec-4e5c-4467-a9ab-43634b46c1f6,2026-07-20,present,8,via mandrolisai
0a781a54-a2b0-4464-9127-5be5fcc7af91,a78a69df-18f8-45b2-866f-214377a09e87,a83f0aec-4e5c-4467-a9ab-43634b46c1f6,2026-07-22,present,8,via mandrolisai
ad3f40ce-0e9e-42f9-a6ad-59f63b37da8e,2197b6fd-9cb2-4d34-8118-cf9f11b573d7,a83f0aec-4e5c-4467-a9ab-43634b46c1f6,2026-08-07,present,8,Via copernico
6ab551e5-8654-4416-a158-9d0556871642,a78a69df-18f8-45b2-866f-214377a09e87,a83f0aec-4e5c-4467-a9ab-43634b46c1f6,2026-07-23,present,8,via mandrolisai
ae07eb78-b35d-4fd3-ac70-14f5c4887cff,a78a69df-18f8-45b2-866f-214377a09e87,a83f0aec-4e5c-4467-a9ab-43634b46c1f6,2026-07-24,present,8,via mandrolisai
8f1a4495-7ffd-43f0-b045-695595b487c5,a78a69df-18f8-45b2-866f-214377a09e87,a83f0aec-4e5c-4467-a9ab-43634b46c1f6,2026-07-27,present,8,via mandrolisai
b7aa6fa4-e498-439f-abca-99a0019267ab,a78a69df-18f8-45b2-866f-214377a09e87,a83f0aec-4e5c-4467-a9ab-43634b46c1f6,2026-07-28,present,8,via mandrolisai
12fe2d30-2c62-44ae-b943-4db095445220,a78a69df-18f8-45b2-866f-214377a09e87,a83f0aec-4e5c-4467-a9ab-43634b46c1f6,2026-07-29,present,8,via mandrolisai
5706c147-5f9c-464b-9c09-71aefe7530fe,a78a69df-18f8-45b2-866f-214377a09e87,a83f0aec-4e5c-4467-a9ab-43634b46c1f6,2026-07-30,present,8,via mandrolisai
d71c7573-4645-44a4-89e4-f8ca3ee2d686,e29ef4e3-a2cd-4328-8cd5-5d17785f1a83,a83f0aec-4e5c-4467-a9ab-43634b46c1f6,2026-07-14,present,8,via mandrolisai
61892476-60a0-49ed-97af-f3d36211f8d3,e29ef4e3-a2cd-4328-8cd5-5d17785f1a83,a83f0aec-4e5c-4467-a9ab-43634b46c1f6,2026-07-15,present,8,via mandrolisai
5b15ed0c-7153-4700-8ba0-74bcd101ac65,e29ef4e3-a2cd-4328-8cd5-5d17785f1a83,a83f0aec-4e5c-4467-a9ab-43634b46c1f6,2026-07-16,present,8,via mandrolisai
75d7f6fe-2ebc-4539-b543-df6ed5ef1407,e29ef4e3-a2cd-4328-8cd5-5d17785f1a83,a83f0aec-4e5c-4467-a9ab-43634b46c1f6,2026-07-17,present,8,via mandrolisai
6b685dee-2638-411c-ac40-55d4ca9ddb78,e29ef4e3-a2cd-4328-8cd5-5d17785f1a83,a83f0aec-4e5c-4467-a9ab-43634b46c1f6,2026-07-20,present,8,via mandrolisai
0cc664a2-028f-4ae3-94c5-7cdc144216ab,e29ef4e3-a2cd-4328-8cd5-5d17785f1a83,a83f0aec-4e5c-4467-a9ab-43634b46c1f6,2026-07-21,present,8,via mandrolisai
1928e1f8-269a-4340-8b27-d81b0f738b96,e29ef4e3-a2cd-4328-8cd5-5d17785f1a83,a83f0aec-4e5c-4467-a9ab-43634b46c1f6,2026-07-22,present,8,via mandrolisai
16213ab4-18aa-4c6d-b956-c8667488137a,e29ef4e3-a2cd-4328-8cd5-5d17785f1a83,a83f0aec-4e5c-4467-a9ab-43634b46c1f6,2026-07-23,present,8,via mandrolisai
45ceb541-4125-46d1-a8b3-159ecfa9a737,e29ef4e3-a2cd-4328-8cd5-5d17785f1a83,a83f0aec-4e5c-4467-a9ab-43634b46c1f6,2026-07-24,present,8,via mandrolisai
139aab97-1966-4e6b-b349-721b2b3dc7a3,e29ef4e3-a2cd-4328-8cd5-5d17785f1a83,a83f0aec-4e5c-4467-a9ab-43634b46c1f6,2026-07-27,present,8,via mandrolisai
d7a36398-a940-4437-9667-bdf1e7452f10,e29ef4e3-a2cd-4328-8cd5-5d17785f1a83,a83f0aec-4e5c-4467-a9ab-43634b46c1f6,2026-07-28,present,8,via mandrolisai
55f6f520-280d-4836-b689-16a127afd0f6,e29ef4e3-a2cd-4328-8cd5-5d17785f1a83,a83f0aec-4e5c-4467-a9ab-43634b46c1f6,2026-07-29,present,8,via mandrolisai
89fba690-dae5-4be0-9f37-7bca3b630705,e29ef4e3-a2cd-4328-8cd5-5d17785f1a83,a83f0aec-4e5c-4467-a9ab-43634b46c1f6,2026-07-30,present,8,via mandrolisai
0370814a-646e-4825-ad26-c7315c9ba3ed,b8da2a0d-01f4-40e4-823f-d0e64c0d5a85,a83f0aec-4e5c-4467-a9ab-43634b46c1f6,2026-07-14,present,8,piazza san cosimo
23c56c6f-844e-46ba-a92e-7ab8ec79c77b,b8da2a0d-01f4-40e4-823f-d0e64c0d5a85,a83f0aec-4e5c-4467-a9ab-43634b46c1f6,2026-07-15,present,8,piazza san cosimo
9e4edca5-d52e-494f-bc8e-b41e6f149ed0,b8da2a0d-01f4-40e4-823f-d0e64c0d5a85,a83f0aec-4e5c-4467-a9ab-43634b46c1f6,2026-07-16,present,8,piazza san cosimo
dc46a0c7-34f4-461a-a99c-06a4bbeb71b7,b8da2a0d-01f4-40e4-823f-d0e64c0d5a85,a83f0aec-4e5c-4467-a9ab-43634b46c1f6,2026-07-17,present,8,piazza san cosimo
8f706bf0-c85b-4245-a462-69041f09a0be,b8da2a0d-01f4-40e4-823f-d0e64c0d5a85,a83f0aec-4e5c-4467-a9ab-43634b46c1f6,2026-07-20,present,8,piazza san cosimo
2afe0aa4-3bb5-436f-9d95-3e5dea9f81a1,b8da2a0d-01f4-40e4-823f-d0e64c0d5a85,a83f0aec-4e5c-4467-a9ab-43634b46c1f6,2026-07-21,present,8,piazza san cosimo
8bb78c8f-ff47-467c-a317-f477355c600a,b8da2a0d-01f4-40e4-823f-d0e64c0d5a85,a83f0aec-4e5c-4467-a9ab-43634b46c1f6,2026-07-22,present,8,piazza san cosimo
228078ea-cced-4b07-acae-0b167d7446dd,b8da2a0d-01f4-40e4-823f-d0e64c0d5a85,a83f0aec-4e5c-4467-a9ab-43634b46c1f6,2026-07-23,present,8,piazza san cosimo
4ac0b596-37ec-4d33-b194-1638e6848b05,b8da2a0d-01f4-40e4-823f-d0e64c0d5a85,a83f0aec-4e5c-4467-a9ab-43634b46c1f6,2026-07-24,present,8,piazza san cosimo
0b92fecd-2e1b-4211-aa6c-15f44159ede7,b8da2a0d-01f4-40e4-823f-d0e64c0d5a85,a83f0aec-4e5c-4467-a9ab-43634b46c1f6,2026-07-27,present,8,piazza san cosimo
ad37709a-31e6-41eb-a8b8-cf5a977a5ecf,b8da2a0d-01f4-40e4-823f-d0e64c0d5a85,a83f0aec-4e5c-4467-a9ab-43634b46c1f6,2026-07-28,present,8,piazza san cosimo
2bf4bd68-b234-4d1d-8af7-1fd28b5e0911,b8da2a0d-01f4-40e4-823f-d0e64c0d5a85,a83f0aec-4e5c-4467-a9ab-43634b46c1f6,2026-07-29,present,8,piazza san cosimo
8d0c8fb0-1122-4e1b-99a5-76360ac4f967,b8da2a0d-01f4-40e4-823f-d0e64c0d5a85,a83f0aec-4e5c-4467-a9ab-43634b46c1f6,2026-07-30,present,8,piazza san cosimo
8080367b-6c76-4889-a191-f95326ee4778,55c515b0-f4e2-4b80-8d6f-e2755cb31866,a83f0aec-4e5c-4467-a9ab-43634b46c1f6,2026-07-14,present,8,piazza san cosimo
979f5965-2280-4fcf-b872-91a6e962c356,55c515b0-f4e2-4b80-8d6f-e2755cb31866,a83f0aec-4e5c-4467-a9ab-43634b46c1f6,2026-07-15,present,8,piazza san cosimo
f5a39ea4-b921-4607-b96b-109d6ace407d,55c515b0-f4e2-4b80-8d6f-e2755cb31866,a83f0aec-4e5c-4467-a9ab-43634b46c1f6,2026-07-16,present,8,piazza san cosimo
0d87a186-431b-4b9e-8660-adf00ac39f08,55c515b0-f4e2-4b80-8d6f-e2755cb31866,a83f0aec-4e5c-4467-a9ab-43634b46c1f6,2026-07-17,present,8,piazza san cosimo
8029c6df-b2d4-45c1-ae2c-928c27cff3ed,55c515b0-f4e2-4b80-8d6f-e2755cb31866,a83f0aec-4e5c-4467-a9ab-43634b46c1f6,2026-07-20,present,8,piazza san cosimo
1cc9e4f3-bc92-4459-b23b-8b15cd36f4c6,55c515b0-f4e2-4b80-8d6f-e2755cb31866,a83f0aec-4e5c-4467-a9ab-43634b46c1f6,2026-07-21,present,8,piazza san cosimo
aadd9426-2267-42fb-8dbd-8147de9b6707,55c515b0-f4e2-4b80-8d6f-e2755cb31866,a83f0aec-4e5c-4467-a9ab-43634b46c1f6,2026-07-22,present,8,piazza san cosimo
24cc6387-88fc-4901-a01d-ab801fcc65d4,55c515b0-f4e2-4b80-8d6f-e2755cb31866,a83f0aec-4e5c-4467-a9ab-43634b46c1f6,2026-07-23,present,8,piazza san cosimo
9ea4b4a2-cbba-4b1d-bdff-948bae90b529,55c515b0-f4e2-4b80-8d6f-e2755cb31866,a83f0aec-4e5c-4467-a9ab-43634b46c1f6,2026-07-24,present,8,piazza san cosimo
d44d2f65-0ef7-45b7-8429-9631adcb3006,55c515b0-f4e2-4b80-8d6f-e2755cb31866,a83f0aec-4e5c-4467-a9ab-43634b46c1f6,2026-07-27,present,8,piazza san cosimo
da8bdd84-adbb-47cd-890d-f7f2a41a4d9b,55c515b0-f4e2-4b80-8d6f-e2755cb31866,a83f0aec-4e5c-4467-a9ab-43634b46c1f6,2026-07-28,present,8,piazza san cosimo
68ead749-4dff-47b8-b737-6f64d940236c,55c515b0-f4e2-4b80-8d6f-e2755cb31866,a83f0aec-4e5c-4467-a9ab-43634b46c1f6,2026-07-29,present,8,piazza san cosimo
b263a65e-ccbb-497f-90f7-57fe6fa7d949,55c515b0-f4e2-4b80-8d6f-e2755cb31866,a83f0aec-4e5c-4467-a9ab-43634b46c1f6,2026-07-30,present,8,piazza san cosimo
66061e62-b218-4a6b-b59f-d016e6dd7f98,845c647c-e807-4025-b13a-608280392d8d,a83f0aec-4e5c-4467-a9ab-43634b46c1f6,2026-07-14,present,8,via mandrolisai
b8bb2974-a844-47e0-82b2-867ce35ad865,845c647c-e807-4025-b13a-608280392d8d,a83f0aec-4e5c-4467-a9ab-43634b46c1f6,2026-07-15,present,8,via mandrolisai
f8c11456-cd98-437c-bd5b-998c5f4a4643,845c647c-e807-4025-b13a-608280392d8d,a83f0aec-4e5c-4467-a9ab-43634b46c1f6,2026-07-16,present,8,via mandrolisai
e433a242-e66f-4cc7-8276-68ba38b3969f,845c647c-e807-4025-b13a-608280392d8d,a83f0aec-4e5c-4467-a9ab-43634b46c1f6,2026-07-20,present,8,via mandrolisai
170f9d23-2401-4756-8840-13d22dd162b4,845c647c-e807-4025-b13a-608280392d8d,a83f0aec-4e5c-4467-a9ab-43634b46c1f6,2026-07-21,present,8,via mandrolisai
35ce7cd8-c80c-4bce-b610-1117e8cb7b5c,845c647c-e807-4025-b13a-608280392d8d,a83f0aec-4e5c-4467-a9ab-43634b46c1f6,2026-07-22,present,8,via mandrolisai
fa50657c-4c2e-4756-aca2-b7ae4fa7e511,845c647c-e807-4025-b13a-608280392d8d,a83f0aec-4e5c-4467-a9ab-43634b46c1f6,2026-07-23,present,8,via mandrolisai
5f3dccfe-d635-44a2-9c67-6f898176347c,845c647c-e807-4025-b13a-608280392d8d,a83f0aec-4e5c-4467-a9ab-43634b46c1f6,2026-07-24,present,8,via mandrolisai
1dc66df3-de9c-418d-a834-04367fd6996b,845c647c-e807-4025-b13a-608280392d8d,a83f0aec-4e5c-4467-a9ab-43634b46c1f6,2026-07-27,present,8,via mandrolisai
84811850-691c-4d72-a050-d7388666e5e4,845c647c-e807-4025-b13a-608280392d8d,a83f0aec-4e5c-4467-a9ab-43634b46c1f6,2026-07-28,present,8,via mandrolisai
c870d993-6a36-4a52-89d0-3d979631af53,845c647c-e807-4025-b13a-608280392d8d,a83f0aec-4e5c-4467-a9ab-43634b46c1f6,2026-07-29,present,8,via mandrolisai
90ae5ac6-baac-4da2-9458-c676c11601a6,bb7725da-b5fc-4433-afd7-bad5e5179acb,a83f0aec-4e5c-4467-a9ab-43634b46c1f6,2026-07-14,present,8,via mandrolisai
e08d79e5-fe2f-42f9-9a5f-bc74d9b512d5,845c647c-e807-4025-b13a-608280392d8d,a83f0aec-4e5c-4467-a9ab-43634b46c1f6,2026-07-30,present,5,via mandrolisai
e6407928-d9f3-471e-be15-40f3e3b101c2,845c647c-e807-4025-b13a-608280392d8d,a83f0aec-4e5c-4467-a9ab-43634b46c1f6,2026-07-31,holiday,0,""
b0139a52-366a-4a3a-bb76-f8d0f268244c,bb7725da-b5fc-4433-afd7-bad5e5179acb,a83f0aec-4e5c-4467-a9ab-43634b46c1f6,2026-07-15,present,8,via mandrolisai
a727a907-2345-43e5-bfe5-2555fb336a08,bb7725da-b5fc-4433-afd7-bad5e5179acb,a83f0aec-4e5c-4467-a9ab-43634b46c1f6,2026-07-16,present,8,via mandrolisai
95cdb70e-68d9-416a-8f69-3f469ba9dedf,bb7725da-b5fc-4433-afd7-bad5e5179acb,a83f0aec-4e5c-4467-a9ab-43634b46c1f6,2026-07-20,present,8,via mandrolisai
f4ab9df0-5205-49e0-b4b9-4e2311d5df38,bb7725da-b5fc-4433-afd7-bad5e5179acb,a83f0aec-4e5c-4467-a9ab-43634b46c1f6,2026-07-21,present,8,via mandrolisai
40b374c1-e21f-42ba-9917-3ceaa056b515,bb7725da-b5fc-4433-afd7-bad5e5179acb,a83f0aec-4e5c-4467-a9ab-43634b46c1f6,2026-07-22,present,8,via mandrolisai
3de54a02-1531-4215-83af-98b4b5b2349e,bb7725da-b5fc-4433-afd7-bad5e5179acb,a83f0aec-4e5c-4467-a9ab-43634b46c1f6,2026-07-23,present,8,via mandrolisai
9095a293-2b69-4d28-bbfa-f0e378fcbfc8,b8da2a0d-01f4-40e4-823f-d0e64c0d5a85,a83f0aec-4e5c-4467-a9ab-43634b46c1f6,2026-08-14,holiday,0,""
9852ecb7-aca9-4d16-95e0-1d7789b45cca,bb7725da-b5fc-4433-afd7-bad5e5179acb,a83f0aec-4e5c-4467-a9ab-43634b46c1f6,2026-07-24,present,8,via mandrolisai
11eb7b2f-ec5a-4938-93b9-f1f62d5ab287,bb7725da-b5fc-4433-afd7-bad5e5179acb,a83f0aec-4e5c-4467-a9ab-43634b46c1f6,2026-07-27,present,8,via mandrolisai
64268e95-b624-4295-824f-48a3de8d1c3f,bb7725da-b5fc-4433-afd7-bad5e5179acb,a83f0aec-4e5c-4467-a9ab-43634b46c1f6,2026-07-28,present,8,via mandrolisai
943dbbe0-ee7e-4892-a56b-1bc242ac7870,bb7725da-b5fc-4433-afd7-bad5e5179acb,a83f0aec-4e5c-4467-a9ab-43634b46c1f6,2026-07-29,present,8,via mandrolisai
526d621c-f565-44fb-865e-6022febc949a,bb7725da-b5fc-4433-afd7-bad5e5179acb,a83f0aec-4e5c-4467-a9ab-43634b46c1f6,2026-07-30,present,5,via mandrolisai
d5dce002-3b29-4510-8533-311876be228a,0f678138-246b-4d86-a3f0-5ce111536f02,a83f0aec-4e5c-4467-a9ab-43634b46c1f6,2026-07-14,present,8,via mandrolisai
7dffb7ea-7ea7-4b12-89bc-16ea5de1a599,0f678138-246b-4d86-a3f0-5ce111536f02,a83f0aec-4e5c-4467-a9ab-43634b46c1f6,2026-07-15,present,8,via mandrolisai
4d978fa8-d662-43f1-9e07-d0d71a282345,0f678138-246b-4d86-a3f0-5ce111536f02,a83f0aec-4e5c-4467-a9ab-43634b46c1f6,2026-07-16,present,8,via mandrolisai
ff6b44df-5791-4b5e-925d-e7e7fbfb861a,0f678138-246b-4d86-a3f0-5ce111536f02,a83f0aec-4e5c-4467-a9ab-43634b46c1f6,2026-07-20,present,8,via mandrolisai
5edfeb6a-a40f-46f4-9c0c-ffb59ff7a954,0f678138-246b-4d86-a3f0-5ce111536f02,a83f0aec-4e5c-4467-a9ab-43634b46c1f6,2026-07-31,holiday,0,""
0017fb29-6b11-402a-ac25-c7ce292a29d2,e29ef4e3-a2cd-4328-8cd5-5d17785f1a83,a83f0aec-4e5c-4467-a9ab-43634b46c1f6,2026-08-25,holiday,0,""
e1f3a17e-528a-4de2-9d7d-5bceccfbff1c,e29ef4e3-a2cd-4328-8cd5-5d17785f1a83,a83f0aec-4e5c-4467-a9ab-43634b46c1f6,2026-08-10,holiday,0,""
db036dbe-bdbc-47be-a874-0356c40a0a2f,b8da2a0d-01f4-40e4-823f-d0e64c0d5a85,a83f0aec-4e5c-4467-a9ab-43634b46c1f6,2026-08-31,present,8,Via mandrolisai
d09d3a76-6187-4eba-b614-f3c619e98219,1c0f2692-e1e4-40fe-907e-6023010d5f19,a83f0aec-4e5c-4467-a9ab-43634b46c1f6,2026-07-18,holiday,0,""
bb3153a1-05b5-4aba-9bd8-e9018f7227d5,1c0f2692-e1e4-40fe-907e-6023010d5f19,a83f0aec-4e5c-4467-a9ab-43634b46c1f6,2026-07-19,holiday,0,""
5ca51e7f-9a02-4e7b-bc14-7783306d1e27,e29ef4e3-a2cd-4328-8cd5-5d17785f1a83,a83f0aec-4e5c-4467-a9ab-43634b46c1f6,2026-08-17,holiday,0,""
2af31c61-8aef-4145-aa9c-af7a9ed08d20,e29ef4e3-a2cd-4328-8cd5-5d17785f1a83,a83f0aec-4e5c-4467-a9ab-43634b46c1f6,2026-08-24,holiday,0,""
07748ecb-2e9a-479c-a307-179188359743,1c0f2692-e1e4-40fe-907e-6023010d5f19,a83f0aec-4e5c-4467-a9ab-43634b46c1f6,2026-07-15,present,4,via mandrolisai
286dc936-35ba-45dc-b27f-24e6a1bd2be1,1c0f2692-e1e4-40fe-907e-6023010d5f19,a83f0aec-4e5c-4467-a9ab-43634b46c1f6,2026-07-17,present,4,via mandrolisai
e13456cd-2e4b-4310-a031-453b3bd3e94a,b8da2a0d-01f4-40e4-823f-d0e64c0d5a85,a83f0aec-4e5c-4467-a9ab-43634b46c1f6,2026-08-18,holiday,0,""
8d932246-faae-4389-b26c-fa95b0bcb000,e29ef4e3-a2cd-4328-8cd5-5d17785f1a83,a83f0aec-4e5c-4467-a9ab-43634b46c1f6,2026-08-11,holiday,0,""
284ea055-4116-401d-b8dc-df10fa016de3,1c0f2692-e1e4-40fe-907e-6023010d5f19,a83f0aec-4e5c-4467-a9ab-43634b46c1f6,2026-07-28,present,4,via mandrolisai
a77c398d-f7d4-4b7b-8bda-88c0a79cdeb9,1c0f2692-e1e4-40fe-907e-6023010d5f19,a83f0aec-4e5c-4467-a9ab-43634b46c1f6,2026-07-30,present,4,via mandrolisai
f4959f27-1570-4c36-8a25-a82cb3863d89,1c0f2692-e1e4-40fe-907e-6023010d5f19,a83f0aec-4e5c-4467-a9ab-43634b46c1f6,2026-07-21,present,4,via mandrolisai
4b3371d9-6d08-4444-8e05-b1ff06273308,1c0f2692-e1e4-40fe-907e-6023010d5f19,a83f0aec-4e5c-4467-a9ab-43634b46c1f6,2026-07-22,present,4,via mandrolisai
7ac486d7-725a-4acc-8e5f-a83981795447,1c0f2692-e1e4-40fe-907e-6023010d5f19,a83f0aec-4e5c-4467-a9ab-43634b46c1f6,2026-07-24,present,4,via mandrolisai
77a1251b-a0cd-4a3e-abc5-1ec1a0629116,b8da2a0d-01f4-40e4-823f-d0e64c0d5a85,a83f0aec-4e5c-4467-a9ab-43634b46c1f6,2026-08-20,holiday,0,""
83f639ac-b794-419a-aa6f-cd873d3842ab,b8da2a0d-01f4-40e4-823f-d0e64c0d5a85,a83f0aec-4e5c-4467-a9ab-43634b46c1f6,2026-08-24,holiday,0,""
001cb6e7-cc4b-4927-bab9-572a47ff6be6,e29ef4e3-a2cd-4328-8cd5-5d17785f1a83,a83f0aec-4e5c-4467-a9ab-43634b46c1f6,2026-08-18,holiday,0,""
40f83004-7738-4e28-b744-1031605e7378,b8da2a0d-01f4-40e4-823f-d0e64c0d5a85,a83f0aec-4e5c-4467-a9ab-43634b46c1f6,2026-08-26,holiday,0,""
6d3f130e-3791-4a0a-9a33-4379af9999ed,b8da2a0d-01f4-40e4-823f-d0e64c0d5a85,a83f0aec-4e5c-4467-a9ab-43634b46c1f6,2026-08-28,holiday,0,""
f472b5a6-35f4-45e5-a71c-6557e567d894,e29ef4e3-a2cd-4328-8cd5-5d17785f1a83,a83f0aec-4e5c-4467-a9ab-43634b46c1f6,2026-08-12,holiday,0,""
8514f380-b327-4856-963d-8763f923c685,e29ef4e3-a2cd-4328-8cd5-5d17785f1a83,a83f0aec-4e5c-4467-a9ab-43634b46c1f6,2026-08-19,holiday,0,""
5cb48e21-c1bb-4ac3-a0a3-de2323af0723,2f76e93b-41a3-4e8b-8741-8b3e03d8db85,a83f0aec-4e5c-4467-a9ab-43634b46c1f6,2026-08-21,holiday,0,""
f6cd54de-69b1-492a-9000-518cd00b4961,e29ef4e3-a2cd-4328-8cd5-5d17785f1a83,a83f0aec-4e5c-4467-a9ab-43634b46c1f6,2026-08-13,holiday,0,""
3ad6a9d7-8cc2-42f1-b248-17c1906f0247,07cba65e-e2f7-495c-8b24-2192173054a0,a83f0aec-4e5c-4467-a9ab-43634b46c1f6,2026-09-01,holiday,0,""
f536656c-df03-4b7b-87a0-be2d37588559,e29ef4e3-a2cd-4328-8cd5-5d17785f1a83,a83f0aec-4e5c-4467-a9ab-43634b46c1f6,2026-08-14,holiday,0,""
508c5605-d283-4fcd-aaa4-33f2316ee43d,a1126a85-fd22-4cb7-af46-19697bfc7079,a83f0aec-4e5c-4467-a9ab-43634b46c1f6,2026-08-21,holiday,0,""
f5b2abb4-f613-4b9f-b606-5d5d2b68af9a,e29ef4e3-a2cd-4328-8cd5-5d17785f1a83,a83f0aec-4e5c-4467-a9ab-43634b46c1f6,2026-08-21,holiday,0,""
7fe9f672-ed44-47f6-b1aa-af8f5871bc72,e29ef4e3-a2cd-4328-8cd5-5d17785f1a83,a83f0aec-4e5c-4467-a9ab-43634b46c1f6,2026-08-28,holiday,0,""
ac3ad3db-210e-4dc1-b561-ade0bb9aeec2,e29ef4e3-a2cd-4328-8cd5-5d17785f1a83,a83f0aec-4e5c-4467-a9ab-43634b46c1f6,2026-08-27,holiday,0,""
add5f687-deb6-491f-ae72-f99ade8a745e,e29ef4e3-a2cd-4328-8cd5-5d17785f1a83,a83f0aec-4e5c-4467-a9ab-43634b46c1f6,2026-08-26,holiday,0,""
74c688db-2eaa-42cf-a6c5-c0da7ac481b8,0dd64ca9-1964-46eb-8f97-a71315c8b1ed,a83f0aec-4e5c-4467-a9ab-43634b46c1f6,2026-08-31,sick,0,""
d09d2333-5e85-4ba1-98bb-3f48db9675a9,bd23f301-51a8-4e05-a640-c66306e27ef6,a83f0aec-4e5c-4467-a9ab-43634b46c1f6,2026-08-30,holiday,0,""
8e1ea69a-35c6-48df-b513-2b9f3ff7b3ce,0af3ee03-5ad8-4726-81bb-ba490b621682,a83f0aec-4e5c-4467-a9ab-43634b46c1f6,2026-08-31,present,8,Via mestre
87c04655-d563-4791-88d2-73d48c9be0d4,f029e10a-9baf-4528-b950-2e10fb4d13ce,a83f0aec-4e5c-4467-a9ab-43634b46c1f6,2026-08-31,present,8,Via mestre
de1f75c0-0749-447d-962d-1830bf30d786,a78a69df-18f8-45b2-866f-214377a09e87,a83f0aec-4e5c-4467-a9ab-43634b46c1f6,2026-08-31,present,8,Via mandrolisai
2b913c9b-0e78-490b-a477-ba655bd2b62f,ed17502d-bd6a-418e-a321-b5c13b8979eb,a83f0aec-4e5c-4467-a9ab-43634b46c1f6,2026-08-31,present,8,Via mestre
b0768b26-bde4-455c-b8b9-b534be21792e,0f678138-246b-4d86-a3f0-5ce111536f02,a83f0aec-4e5c-4467-a9ab-43634b46c1f6,2026-07-21,present,8,via mandrolisai
08a02d2b-4d56-48ed-9c5b-bf0e93836b68,0f678138-246b-4d86-a3f0-5ce111536f02,a83f0aec-4e5c-4467-a9ab-43634b46c1f6,2026-07-22,present,8,via mandrolisai
fc56fdff-a02d-42b3-a547-85b45c5ee4ec,0f678138-246b-4d86-a3f0-5ce111536f02,a83f0aec-4e5c-4467-a9ab-43634b46c1f6,2026-07-23,present,8,via mandrolisai
81987584-1b7f-4742-a980-e861fb25bae2,0f678138-246b-4d86-a3f0-5ce111536f02,a83f0aec-4e5c-4467-a9ab-43634b46c1f6,2026-07-24,present,8,via mandrolisai
ee03fb2b-900f-4949-a93d-aaade6c825fc,0f678138-246b-4d86-a3f0-5ce111536f02,a83f0aec-4e5c-4467-a9ab-43634b46c1f6,2026-07-27,present,8,via mandrolisai
ee6a17d6-91b6-49aa-8a1f-7aaee3d3868c,0f678138-246b-4d86-a3f0-5ce111536f02,a83f0aec-4e5c-4467-a9ab-43634b46c1f6,2026-07-28,present,8,via mandrolisai
7e06af2c-4f41-4690-b5d5-66f6d6fdb4fb,0f678138-246b-4d86-a3f0-5ce111536f02,a83f0aec-4e5c-4467-a9ab-43634b46c1f6,2026-07-29,present,8,via mandrolisai
b3b8a775-275f-4237-9157-936626328f70,0dd64ca9-1964-46eb-8f97-a71315c8b1ed,a83f0aec-4e5c-4467-a9ab-43634b46c1f6,2026-07-31,present,8,Via strauss
f91e747b-21da-40bc-983b-4d0016290a2a,0f678138-246b-4d86-a3f0-5ce111536f02,a83f0aec-4e5c-4467-a9ab-43634b46c1f6,2026-07-30,present,5,via mandrolisai
6910c125-93bc-47de-85f1-4116cadb83a0,07cba65e-e2f7-495c-8b24-2192173054a0,a83f0aec-4e5c-4467-a9ab-43634b46c1f6,2026-07-31,present,8,Via copernico
c57ac2bb-026e-404d-a1b3-ba0d3b387fe7,be17adcf-4219-4796-958f-51e2b5e0cf92,a83f0aec-4e5c-4467-a9ab-43634b46c1f6,2026-07-31,present,8,Via strauss
73e8f743-d9a1-453e-80d8-e818a8acac0e,42b77da1-31e4-4197-88a5-2679c57fac56,a83f0aec-4e5c-4467-a9ab-43634b46c1f6,2026-07-31,present,8,Via copernico
90f809fe-2459-4e06-af2c-35eada28fc55,2f76e93b-41a3-4e8b-8741-8b3e03d8db85,a83f0aec-4e5c-4467-a9ab-43634b46c1f6,2026-07-31,present,8,Via bosco cappuccio 
adbad01b-5ca7-4d26-aa67-26104f2e6114,2197b6fd-9cb2-4d34-8118-cf9f11b573d7,a83f0aec-4e5c-4467-a9ab-43634b46c1f6,2026-07-31,present,8,Via ingurtosu
758d0260-e327-4580-944f-8d2231a52aba,ed36110d-a2cf-4a88-91c7-0d23f758cd4c,a83f0aec-4e5c-4467-a9ab-43634b46c1f6,2026-07-31,holiday,0,""
e42d4f6a-8e82-4b0b-a159-0b190a167e58,9fc12cbc-5f92-485a-84d9-a7f2413e2cfb,a83f0aec-4e5c-4467-a9ab-43634b46c1f6,2026-07-31,present,8,Via bosco cappuccio
735ea75b-a128-432a-8d13-cc0725a55884,1c0f2692-e1e4-40fe-907e-6023010d5f19,a83f0aec-4e5c-4467-a9ab-43634b46c1f6,2026-07-14,present,4,via mandrolisai
e476b33e-d0e8-4968-92bd-8350254a3b1d,1c0f2692-e1e4-40fe-907e-6023010d5f19,a83f0aec-4e5c-4467-a9ab-43634b46c1f6,2026-07-16,present,4,via mandrolisai
b6197307-d174-4954-9430-fe92e88e5d04,0dd64ca9-1964-46eb-8f97-a71315c8b1ed,a83f0aec-4e5c-4467-a9ab-43634b46c1f6,2026-09-01,sick,0,""
32dffcf5-e683-4622-98b8-63bfc0023451,1c0f2692-e1e4-40fe-907e-6023010d5f19,a83f0aec-4e5c-4467-a9ab-43634b46c1f6,2026-07-27,present,4,via mandrolisai
565dc6db-c566-4a46-a93e-f7d155781cab,1c0f2692-e1e4-40fe-907e-6023010d5f19,a83f0aec-4e5c-4467-a9ab-43634b46c1f6,2026-07-29,present,4,via mandrolisai
2af453eb-468c-466b-9cfe-74b3fbe2bf6f,1c0f2692-e1e4-40fe-907e-6023010d5f19,a83f0aec-4e5c-4467-a9ab-43634b46c1f6,2026-07-31,present,4,via mandrolisai
702c99ca-2195-4ef8-901a-55da28f37af8,33872abe-802f-47d0-8614-f4d206fff08f,a83f0aec-4e5c-4467-a9ab-43634b46c1f6,2026-07-31,present,8,Via mandrolisai
5c70dc64-6112-4cc6-9861-9b55d48ce490,bd23f301-51a8-4e05-a640-c66306e27ef6,a83f0aec-4e5c-4467-a9ab-43634b46c1f6,2026-07-31,present,8,Via mestre
a1bb20bc-d017-4af7-b30b-44036d301d8d,0af3ee03-5ad8-4726-81bb-ba490b621682,a83f0aec-4e5c-4467-a9ab-43634b46c1f6,2026-07-31,present,8,Via mestre
42be1986-e121-430f-ba56-8495ab27f3b0,f029e10a-9baf-4528-b950-2e10fb4d13ce,a83f0aec-4e5c-4467-a9ab-43634b46c1f6,2026-07-31,present,8,Via mestre
1ac2c4d2-fcd1-4041-b647-2bba3ff78875,a1126a85-fd22-4cb7-af46-19697bfc7079,a83f0aec-4e5c-4467-a9ab-43634b46c1f6,2026-07-31,present,8,Via ingurtosu
894e2a68-f41d-419e-b6c8-a95686f982b6,a78a69df-18f8-45b2-866f-214377a09e87,a83f0aec-4e5c-4467-a9ab-43634b46c1f6,2026-07-31,present,8,Via mandrolisai
b92feb3f-0967-448e-addd-61ce1f88705d,e29ef4e3-a2cd-4328-8cd5-5d17785f1a83,a83f0aec-4e5c-4467-a9ab-43634b46c1f6,2026-07-31,present,8,Via mandrolisai
3c56c87c-d997-4618-b91b-63491a3146ff,b8da2a0d-01f4-40e4-823f-d0e64c0d5a85,a83f0aec-4e5c-4467-a9ab-43634b46c1f6,2026-07-31,present,8,Piazza san cosimo
cdb26b81-48bb-42f2-ba44-cba763232c37,55c515b0-f4e2-4b80-8d6f-e2755cb31866,a83f0aec-4e5c-4467-a9ab-43634b46c1f6,2026-07-31,present,8,Piazza san cosimo
3a5de635-fbdc-4a44-a801-5766dcb666ce,a335efe4-d86c-4f3f-a2a1-b4abc123d167,a83f0aec-4e5c-4467-a9ab-43634b46c1f6,2026-07-31,present,8,Via copernico
0441fff4-ad37-4d2c-9a43-e6668ebcc80f,cff16040-6983-48f2-b49c-1fa06f131879,a83f0aec-4e5c-4467-a9ab-43634b46c1f6,2026-07-31,present,8,Via fadda/alghero
1512060c-0eb0-414f-9c10-4b7b40fc2677,1c0f2692-e1e4-40fe-907e-6023010d5f19,a83f0aec-4e5c-4467-a9ab-43634b46c1f6,2026-07-20,present,4,via mandrolisai
2c921b9c-c92c-4376-85c4-a421141856ac,1c0f2692-e1e4-40fe-907e-6023010d5f19,a83f0aec-4e5c-4467-a9ab-43634b46c1f6,2026-07-23,present,4,via mandrolisai
359a7c46-ae02-487b-9281-490ce82c0369,e29ef4e3-a2cd-4328-8cd5-5d17785f1a83,a83f0aec-4e5c-4467-a9ab-43634b46c1f6,2026-08-20,holiday,0,""
5bee46d1-3947-41d4-a007-7a4af280d838,b667d9a9-f058-4fd7-90bf-62cdef8d5672,a83f0aec-4e5c-4467-a9ab-43634b46c1f6,2026-08-12,present,8,Via copernico
5b06d86c-071f-4d62-a437-a362a1a5ad5d,2f76e93b-41a3-4e8b-8741-8b3e03d8db85,a83f0aec-4e5c-4467-a9ab-43634b46c1f6,2026-08-12,present,8,Via copernico
7030aafc-059b-4dcd-a870-8d008594c527,a1126a85-fd22-4cb7-af46-19697bfc7079,a83f0aec-4e5c-4467-a9ab-43634b46c1f6,2026-08-12,present,8,Via copernico
e276738f-f223-4a1e-9455-13eb8f82446b,2f76e93b-41a3-4e8b-8741-8b3e03d8db85,a83f0aec-4e5c-4467-a9ab-43634b46c1f6,2026-08-14,present,8,Via copernico
9f326319-c49d-4aba-952b-c311be6eaa63,a1126a85-fd22-4cb7-af46-19697bfc7079,a83f0aec-4e5c-4467-a9ab-43634b46c1f6,2026-08-14,present,8,Via copernico
f0a190ef-6a07-40e8-81ea-a64c452d6525,a1126a85-fd22-4cb7-af46-19697bfc7079,a83f0aec-4e5c-4467-a9ab-43634b46c1f6,2026-08-17,holiday,0,""
651277bb-d031-4fb7-90c8-22bb16600b0d,2f76e93b-41a3-4e8b-8741-8b3e03d8db85,a83f0aec-4e5c-4467-a9ab-43634b46c1f6,2026-08-17,holiday,0,""
e2fecc62-b85e-4877-b16f-878e1d60b3e3,bd23f301-51a8-4e05-a640-c66306e27ef6,a83f0aec-4e5c-4467-a9ab-43634b46c1f6,2026-08-14,present,8,Via mandrolisai
d2c4c755-0ec0-4bd9-bf40-4895d84f85b8,2f76e93b-41a3-4e8b-8741-8b3e03d8db85,a83f0aec-4e5c-4467-a9ab-43634b46c1f6,2026-08-24,present,8,Via copernico
3cfda90a-f74e-4300-890a-01c4f9e50c03,2f76e93b-41a3-4e8b-8741-8b3e03d8db85,a83f0aec-4e5c-4467-a9ab-43634b46c1f6,2026-08-25,present,8,Via copernico
3deffca7-b6f2-49b4-8fd9-1f8cf3458892,bd23f301-51a8-4e05-a640-c66306e27ef6,a83f0aec-4e5c-4467-a9ab-43634b46c1f6,2026-08-24,present,8,Via mandrolisai
7122ccf7-f893-48e0-aac6-c3641623d6a1,bd23f301-51a8-4e05-a640-c66306e27ef6,a83f0aec-4e5c-4467-a9ab-43634b46c1f6,2026-08-27,present,8,Via mandrolisai
